panel,sr,sd,value
te,1,1,0.05
te,2,1,0.065
te,3,1,0.08
te,4,1,0.095
te,5,1,0.11
te,1,2,0.125
te,2,2,0.14
te,3,2,0.155
te,4,2,0.17
te,5,2,0.185
te,1,3,0.2
te,2,3,0.117
te,3,3,0.131
te,4,3,0.145
te,5,3,0.159
te,1,4,0.114
te,2,4,0.131
te,3,4,0.139
te,4,4,0.156
te,5,4,0.173
te,1,5,0.125
te,2,5,0.136
te,3,5,0.147
te,4,5,0.167
te,5,5,
jobs,1,1,0
jobs,2,1,0.125
jobs,3,1,0.25
jobs,4,1,0.375
jobs,5,1,0.5
jobs,1,2,0.625
jobs,2,2,0.75
jobs,3,2,0.875
jobs,4,2,1
jobs,5,2,1.125
jobs,1,3,1.25
jobs,2,3,0.49
jobs,3,3,0.625
jobs,4,3,0.76
jobs,5,3,0.795
jobs,1,4,0.435
jobs,2,4,0.57
jobs,3,4,0.705
jobs,4,4,0.74
jobs,5,4,0.875
jobs,1,5,0.515
jobs,2,5,0.65
jobs,3,5,0.685
jobs,4,5,0.82
jobs,5,5,0.955
