restriction,bound_M,ci_low,ci_high
DeltaSD,,.0194868874241592,.1849480439934355
DeltaSD,0,-.0230253949692624,.1649038835100949
DeltaSD,.025,-.0452554819368596,.2165410785120977
DeltaSD,.05,-.0684577698155176,.2599420823591482
DeltaSD,.075,-.0870406132642527,.2962212992624372
DeltaSD,.1,-.111985427992765,.3211661139909495
DeltaSD,.125,-.1369827801130793,.3461634661112639
DeltaSD,.15,-.1619827015622181,.3711633875604026
DeltaSD,.175,-.186982699587521,.3961633855857055
DeltaSD,.2,-.2119826990087794,.4211633850069639
