id,true_prob,predicted_prob
obs_0001,0.0,0.15747891
obs_0002,0.0,0.20009117
obs_0003,0.0,0.15774715
obs_0004,0.0,0.17124603
obs_0005,0.0,0.02638929
obs_0006,0.00174776,0.21085097
obs_0007,0.00251677,0.17925694
obs_0008,0.00342561,0.21540791
obs_0009,0.00447426,0.20639926
obs_0010,0.00566274,0.06368679
obs_0011,0.00699103,0.16720876
obs_0012,0.00845915,0.1290788
obs_0013,0.01006709,0.03442978
obs_0014,0.01181484,0.03527266
obs_0015,0.01370242,0.1649209
obs_0016,0.01572982,0.11304251
obs_0017,0.01789704,0.14952657
obs_0018,0.02020408,0.19654279
obs_0019,0.02265094,0.20319245
obs_0020,0.02523762,0.22527095
obs_0021,0.02796413,0.05391816
obs_0022,0.03083045,0.0823284
obs_0023,0.03383659,0.10113933
obs_0024,0.03698256,0.05458757
obs_0025,0.04026834,0.14841407
obs_0026,0.04369395,0.17260158
obs_0027,0.04725937,0.1154819
obs_0028,0.05096462,0.12789467
obs_0029,0.05480969,0.18855088
obs_0030,0.05879458,0.23824784
obs_0031,0.06291929,0.25698438
obs_0032,0.06718381,0.11772404
obs_0033,0.07158816,0.24006002
obs_0034,0.07613234,0.12909328
obs_0035,0.08081633,0.24092351
obs_0036,0.08564014,0.15965902
obs_0037,0.09060377,0.17753751
obs_0038,0.09570722,0.25143025
obs_0039,0.1009505,0.10269629
obs_0040,0.10633359,0.26228826
obs_0041,0.11185651,0.27428745
obs_0042,0.11751924,0.24759998
obs_0043,0.1233218,0.18827841
obs_0044,0.12926418,0.22477664
obs_0045,0.13534637,0.26338234
obs_0046,0.14156839,0.28932464
obs_0047,0.14793023,0.18499618
obs_0048,0.15443189,0.30035096
obs_0049,0.16107337,0.19747068
obs_0050,0.16785467,0.15440841
obs_0051,0.17477579,0.25538996
obs_0052,0.18183673,0.31087799
obs_0053,0.1890375,0.31653623
obs_0054,0.19637808,0.26151436
obs_0055,0.20385848,0.18635396
obs_0056,0.21147871,0.3338104
obs_0057,0.21923875,0.21347252
obs_0058,0.22713862,0.26647608
obs_0059,0.23517831,0.33245513
obs_0060,0.24335781,0.23276302
obs_0061,0.25167714,0.39392948
obs_0062,0.26013629,0.35865544
obs_0063,0.26873526,0.33774187
obs_0064,0.27747405,0.35384127
obs_0065,0.28635266,0.32302989
obs_0066,0.29537109,0.44823784
obs_0067,0.30452934,0.28476301
obs_0068,0.31382741,0.28926002
obs_0069,0.32326531,0.46200152
obs_0070,0.33284302,0.32781866
obs_0071,0.34256055,0.4487832
obs_0072,0.35241791,0.45193564
obs_0073,0.36241508,0.31315485
obs_0074,0.37255208,0.47705365
obs_0075,0.3828289,0.45708158
obs_0076,0.39324553,0.4508207
obs_0077,0.40380199,0.50547575
obs_0078,0.41449827,0.53285639
obs_0079,0.42533437,0.55061001
obs_0080,0.43631029,0.54098386
obs_0081,0.44742603,0.529588
obs_0082,0.45868159,0.41872307
obs_0083,0.47007697,0.58728201
obs_0084,0.48161217,0.52332116
obs_0085,0.4932872,0.43461532
obs_0086,0.50510204,0.53453375
obs_0087,0.51705671,0.60565041
obs_0088,0.52915119,0.47521836
obs_0089,0.5413855,0.5202556
obs_0090,0.55375962,0.60054387
obs_0091,0.56627357,0.54730509
obs_0092,0.57892734,0.61060601
obs_0093,0.59172092,0.54439517
obs_0094,0.60465433,0.68448436
obs_0095,0.61772756,0.67761767
obs_0096,0.63094061,0.57001438
obs_0097,0.64429348,0.53571912
obs_0098,0.65778617,0.65826514
obs_0099,0.67141869,0.72459112
obs_0100,0.68519102,0.61989374
obs_0101,0.69910317,0.65890445
obs_0102,0.71315514,0.77904175
obs_0103,0.72734694,0.64256477
obs_0104,0.74167855,0.73311478
obs_0105,0.75614999,0.72382943
obs_0106,0.77076125,0.72298448
obs_0107,0.78551232,0.81074548
obs_0108,0.80040322,0.72216126
obs_0109,0.81543394,0.84651725
obs_0110,0.83060448,0.87964995
obs_0111,0.84591484,0.72513418
obs_0112,0.86136502,0.79287575
obs_0113,0.87695502,0.86160397
obs_0114,0.89268484,0.86428762
obs_0115,0.90855448,0.82682857
obs_0116,0.99,0.8897804
obs_0117,0.99,0.89831196
obs_0118,0.99,0.88819524
obs_0119,0.99,0.81370898
obs_0120,0.99,0.84752291
obs_0121,1.0,0.87269105
obs_0122,1.0,0.86843207
obs_0123,1.0,0.92236898
obs_0124,1.0,0.91283066
obs_0125,1.0,0.87164399
obs_0126,1.0,0.83823241
obs_0127,1.0,0.90141275
obs_0128,1.0,0.95327067
obs_0129,1.0,0.87241148
obs_0130,1.0,0.9578401
obs_0131,1.0,0.89551359
obs_0132,1.0,0.89311792
obs_0133,1.0,0.88031886
obs_0134,1.0,0.96683413
obs_0135,1.0,0.88106357
obs_0136,1.0,0.85546066
obs_0137,1.0,0.8657836
obs_0138,1.0,0.91382524
obs_0139,1.0,0.92128791
obs_0140,1.0,0.91350029
obs_0141,1.0,0.90762892
obs_0142,1.0,0.90693797
obs_0143,1.0,0.91703784
obs_0144,1.0,0.9285339
obs_0145,1.0,0.84136535
obs_0146,1.0,0.89712219
obs_0147,1.0,0.93472773
obs_0148,1.0,0.94161112
obs_0149,1.0,0.92754147
obs_0150,1.0,0.91362018
obs_0151,1.0,0.96581905
obs_0152,1.0,0.96314268
obs_0153,1.0,0.89151242
obs_0154,1.0,0.92381444
obs_0155,1.0,0.94481503
obs_0156,1.0,0.91405828
obs_0157,1.0,0.88355615
obs_0158,1.0,0.85738687
obs_0159,1.0,0.93744201
obs_0160,1.0,0.96178203
