spec_id,result,opt_baseline,opt_regional,opt_first_round,opt_exclude_municipalities,opt_pool_one_site,opt_logarithm,opt_gdp,opt_gdp_per_capita,opt_population,opt_fiscal_income,opt_fiscal_expenditure
S001,1.48184857704,0,0,0,0,1,0,0,0,0,0,1
S002,1.49523183585,1,0,1,0,0,0,1,1,1,0,0
S003,1.88787401927,1,1,1,0,0,1,0,1,1,0,1
S004,1.79280726054,0,1,0,1,0,0,1,0,1,0,0
S005,1.826330998,1,0,1,0,0,0,1,0,1,0,1
S006,1.70867325832,0,0,1,1,0,0,0,0,0,1,1
S007,2.3026531607,1,0,0,0,1,1,1,0,1,1,0
S008,1.86976000978,1,0,0,0,0,1,1,0,0,0,0
S009,1.99513095681,0,0,0,1,1,0,0,0,1,0,0
S010,1.95025436854,0,1,0,0,0,0,0,0,0,1,0
S011,2.11325487088,0,0,0,0,1,0,1,1,0,0,1
S012,1.9554715321,1,0,0,0,1,0,0,0,0,1,0
S013,2.54903316881,1,1,0,0,0,1,1,1,0,0,0
S014,2.20234338013,0,0,0,1,0,0,0,0,1,0,1
S015,2.25987114216,1,0,0,0,0,0,1,1,1,0,0
S016,2.5415841741,1,0,0,1,1,0,0,0,1,1,0
S017,2.76221369387,1,1,0,1,1,0,0,1,1,1,0
S018,2.36324516807,0,0,1,0,1,0,1,0,0,0,1
S019,2.30318921921,0,1,1,1,0,0,0,0,0,1,1
S020,2.17416710024,1,0,0,0,0,0,0,0,0,0,0
S021,2.59759870325,0,1,0,1,0,0,0,1,0,1,0
S022,3.03305347843,1,0,0,0,1,1,1,1,1,1,0
S023,2.5400950992,0,1,0,0,0,0,0,1,1,0,0
S024,2.75678731532,0,0,0,1,1,0,0,1,0,0,0
S025,2.75525574588,0,1,0,0,1,0,1,0,0,0,1
S026,2.80533052471,0,1,0,1,0,0,0,0,0,1,0
S027,3.33226630316,1,1,0,1,1,1,0,1,0,0,1
S028,3.02597280443,1,1,0,0,0,1,1,0,0,0,1
S029,2.93626084808,0,0,0,0,0,1,1,0,1,0,0
S030,3.22312166598,1,0,0,1,0,1,0,0,1,1,0
S031,2.91070760231,0,0,0,0,0,1,0,0,1,1,0
S032,3.03485268564,0,0,0,1,0,0,1,0,0,1,0
S033,2.89931351532,1,0,0,0,0,0,0,0,0,1,0
S034,3.15326767886,0,1,1,1,0,1,1,0,0,0,0
S035,3.57136951443,1,1,1,0,0,1,1,1,0,1,0
S036,3.45619975229,0,0,0,1,0,1,1,0,1,0,0
S037,3.1248839973,0,0,0,1,0,0,0,1,0,0,0
S038,3.4028115867,0,1,1,0,0,0,0,1,0,0,1
S039,3.95018561524,1,1,0,1,0,1,0,1,0,0,1
S040,3.82173303089,1,0,0,0,1,1,0,1,1,0,1
S041,3.75835705406,0,0,1,1,1,0,1,1,0,0,1
S042,3.44741512966,0,0,1,0,0,1,0,0,1,1,0
S043,4.04466518744,0,1,0,1,1,1,1,0,0,0,0
S044,3.49130627246,0,0,0,0,0,0,1,0,1,0,0
S045,3.64291940972,0,1,1,0,0,0,0,0,1,0,1
S046,3.72211932364,0,0,0,0,1,0,0,1,1,0,0
S047,3.92402172075,1,0,1,0,1,0,0,1,0,1,1
S048,3.92141747206,1,1,0,0,0,1,1,0,0,0,0
