spec_id,result,opt_baseline,opt_regional,opt_first_round,opt_exclude_municipalities,opt_pool_one_site,opt_logarithm,opt_gdp,opt_gdp_per_capita,opt_population,opt_fiscal_income,opt_fiscal_expenditure,ci_low,ci_high
S001,1.48184857704,0,0,0,0,1,0,0,0,0,0,1,1.20184857704,1.80184857704
S002,1.49523183585,1,0,1,0,0,0,1,1,1,0,0,1.21523183585,1.81523183585
S003,1.88787401927,1,1,1,0,0,1,0,1,1,0,1,1.60787401927,2.20787401927
S004,1.79280726054,0,1,0,1,0,0,1,0,1,0,0,1.51280726054,2.11280726054
S005,1.826330998,1,0,1,0,0,0,1,0,1,0,1,1.546330998,2.146330998
S006,1.70867325832,0,0,1,1,0,0,0,0,0,1,1,1.42867325832,2.02867325832
S007,2.3026531607,1,0,0,0,1,1,1,0,1,1,0,2.0226531607,2.6226531607
S008,1.86976000978,1,0,0,0,0,1,1,0,0,0,0,1.58976000978,2.18976000978
S009,1.99513095681,0,0,0,1,1,0,0,0,1,0,0,1.71513095681,2.31513095681
S010,1.95025436854,0,1,0,0,0,0,0,0,0,1,0,1.67025436854,2.27025436854
S011,2.11325487088,0,0,0,0,1,0,1,1,0,0,1,1.83325487088,2.43325487088
S012,1.9554715321,1,0,0,0,1,0,0,0,0,1,0,1.6754715321,2.2754715321
S013,2.54903316881,1,1,0,0,0,1,1,1,0,0,0,2.26903316881,2.86903316881
S014,2.20234338013,0,0,0,1,0,0,0,0,1,0,1,1.92234338013,2.52234338013
S015,2.25987114216,1,0,0,0,0,0,1,1,1,0,0,1.97987114216,2.57987114216
S016,2.5415841741,1,0,0,1,1,0,0,0,1,1,0,2.2615841741,2.8615841741
S017,2.76221369387,1,1,0,1,1,0,0,1,1,1,0,2.48221369387,3.08221369387
S018,2.36324516807,0,0,1,0,1,0,1,0,0,0,1,2.08324516807,2.68324516807
S019,2.30318921921,0,1,1,1,0,0,0,0,0,1,1,2.02318921921,2.62318921921
S020,2.17416710024,1,0,0,0,0,0,0,0,0,0,0,1.89416710024,2.49416710024
S021,2.59759870325,0,1,0,1,0,0,0,1,0,1,0,2.31759870325,2.91759870325
S022,3.03305347843,1,0,0,0,1,1,1,1,1,1,0,2.75305347843,3.35305347843
S023,2.5400950992,0,1,0,0,0,0,0,1,1,0,0,2.2600950992,2.8600950992
S024,2.75678731532,0,0,0,1,1,0,0,1,0,0,0,2.47678731532,3.07678731532
S025,2.75525574588,0,1,0,0,1,0,1,0,0,0,1,2.47525574588,3.07525574588
S026,2.80533052471,0,1,0,1,0,0,0,0,0,1,0,2.52533052471,3.12533052471
S027,3.33226630316,1,1,0,1,1,1,0,1,0,0,1,3.05226630316,3.65226630316
S028,3.02597280443,1,1,0,0,0,1,1,0,0,0,1,2.74597280443,3.34597280443
S029,2.93626084808,0,0,0,0,0,1,1,0,1,0,0,2.65626084808,3.25626084808
S030,3.22312166598,1,0,0,1,0,1,0,0,1,1,0,2.94312166598,3.54312166598
S031,2.91070760231,0,0,0,0,0,1,0,0,1,1,0,2.63070760231,3.23070760231
S032,3.03485268564,0,0,0,1,0,0,1,0,0,1,0,2.75485268564,3.35485268564
S033,2.89931351532,1,0,0,0,0,0,0,0,0,1,0,2.61931351532,3.21931351532
S034,3.15326767886,0,1,1,1,0,1,1,0,0,0,0,2.87326767886,3.47326767886
S035,3.57136951443,1,1,1,0,0,1,1,1,0,1,0,3.29136951443,3.89136951443
S036,3.45619975229,0,0,0,1,0,1,1,0,1,0,0,3.17619975229,3.77619975229
S037,3.1248839973,0,0,0,1,0,0,0,1,0,0,0,2.8448839973,3.4448839973
S038,3.4028115867,0,1,1,0,0,0,0,1,0,0,1,3.1228115867,3.7228115867
S039,3.95018561524,1,1,0,1,0,1,0,1,0,0,1,3.67018561524,4.27018561524
S040,3.82173303089,1,0,0,0,1,1,0,1,1,0,1,3.54173303089,4.14173303089
S041,3.75835705406,0,0,1,1,1,0,1,1,0,0,1,3.47835705406,4.07835705406
S042,3.44741512966,0,0,1,0,0,1,0,0,1,1,0,3.16741512966,3.76741512966
S043,4.04466518744,0,1,0,1,1,1,1,0,0,0,0,3.76466518744,4.36466518744
S044,3.49130627246,0,0,0,0,0,0,1,0,1,0,0,3.21130627246,3.81130627246
S045,3.64291940972,0,1,1,0,0,0,0,0,1,0,1,3.36291940972,3.96291940972
S046,3.72211932364,0,0,0,0,1,0,0,1,1,0,0,3.44211932364,4.04211932364
S047,3.92402172075,1,0,1,0,1,0,0,1,0,1,1,3.64402172075,4.24402172075
S048,3.92141747206,1,1,0,0,0,1,1,0,0,0,0,3.64141747206,4.24141747206
