year,x,y,phase,year_label
1250,20.7,-5.08,early,1250
1300,20.54,-5.36,early,
1350,20.3,-5.24,early,
1400,20.18,-4.84,early,
1450,20.39,-4.69,early,1450
1500,20.23,-4.74,early,
1550,20.47,-5.0,middle,
1600,20.76,-5.12,middle,1600
1650,20.83,-5.27,middle,
1700,21.05,-5.1,middle,
1730,21.0,-4.95,middle,1730
1760,21.19,-5.04,middle,
1780,21.1,-5.14,middle,
1800,21.52,-5.06,middle,1800
1810,21.68,-4.96,late,
1820,21.84,-4.86,late,
1830,21.98,-4.75,late,
1840,22.08,-4.68,late,
1850,22.19,-4.61,late,
1860,22.3,-4.51,late,1860
