panel,panel_order,group,group_order,x_reduction,cdf
forced_attention,1,low,1,-120,0.00525560
forced_attention,1,low,1,-116,0.00620876
forced_attention,1,low,1,-112,0.00733478
forced_attention,1,low,1,-108,0.00866502
forced_attention,1,low,1,-104,0.01023651
forced_attention,1,low,1,-100,0.01209301
forced_attention,1,low,1,-96,0.01428620
forced_attention,1,low,1,-92,0.01687715
forced_attention,1,low,1,-88,0.01993800
forced_attention,1,low,1,-84,0.02355396
forced_attention,1,low,1,-80,0.02782571
forced_attention,1,low,1,-76,0.03287220
forced_attention,1,low,1,-72,0.03883391
forced_attention,1,low,1,-68,0.04587685
forced_attention,1,low,1,-64,0.05419709
forced_attention,1,low,1,-60,0.06402630
forced_attention,1,low,1,-56,0.07563813
forced_attention,1,low,1,-52,0.08935590
forced_attention,1,low,1,-48,0.10556152
forced_attention,1,low,1,-44,0.12470620
forced_attention,1,low,1,-40,0.14732297
forced_attention,1,low,1,-36,0.17404152
forced_attention,1,low,1,-32,0.20560577
forced_attention,1,low,1,-28,0.24289451
forced_attention,1,low,1,-24,0.28694596
forced_attention,1,low,1,-20,0.33898660
forced_attention,1,low,1,-16,0.40046535
forced_attention,1,low,1,-12,0.47309391
forced_attention,1,low,1,-8,0.55889442
forced_attention,1,low,1,-4,0.66025575
forced_attention,1,low,1,0,0.78000000
forced_attention,1,low,1,4,0.81987923
forced_attention,1,low,1,8,0.85252959
forced_attention,1,low,1,12,0.87926144
forced_attention,1,low,1,16,0.90114763
forced_attention,1,low,1,20,0.91906652
forced_attention,1,low,1,24,0.93373727
forced_attention,1,low,1,28,0.94574867
forced_attention,1,low,1,32,0.95558277
forced_attention,1,low,1,36,0.96363424
forced_attention,1,low,1,40,0.97022624
forced_attention,1,low,1,44,0.97562331
forced_attention,1,low,1,48,0.98004205
forced_attention,1,low,1,52,0.98365981
forced_attention,1,low,1,56,0.98662179
forced_attention,1,low,1,60,0.98904684
forced_attention,1,low,1,64,0.99103232
forced_attention,1,low,1,68,0.99265788
forced_attention,1,low,1,72,0.99398878
forced_attention,1,low,1,76,0.99507843
forced_attention,1,low,1,80,0.99597056
forced_attention,1,low,1,84,0.99670097
forced_attention,1,low,1,88,0.99729899
forced_attention,1,low,1,92,0.99778860
forced_attention,1,low,1,96,0.99818946
forced_attention,1,low,1,100,0.99851765
forced_attention,1,low,1,104,0.99878636
forced_attention,1,low,1,108,0.99900635
forced_attention,1,low,1,112,0.99918647
forced_attention,1,low,1,116,0.99933394
forced_attention,1,low,1,120,0.99945467
forced_attention,1,low,1,124,0.99955353
forced_attention,1,low,1,128,0.99963446
forced_attention,1,low,1,132,0.99970072
forced_attention,1,low,1,136,0.99975497
forced_attention,1,low,1,140,0.99979939
forced_attention,1,low,1,144,0.99983575
forced_attention,1,low,1,148,0.99986552
forced_attention,1,low,1,152,0.99988990
forced_attention,1,low,1,156,0.99990986
forced_attention,1,low,1,160,0.99992620
forced_attention,1,low,1,164,0.99993958
forced_attention,1,low,1,168,0.99995053
forced_attention,1,low,1,172,0.99995950
forced_attention,1,low,1,176,0.99996684
forced_attention,1,low,1,180,0.99997285
forced_attention,1,low,1,184,0.99997777
forced_attention,1,low,1,188,0.99998180
forced_attention,1,low,1,192,0.99998510
forced_attention,1,low,1,196,0.99998780
forced_attention,1,low,1,200,0.99999001
forced_attention,1,low,1,204,0.99999182
forced_attention,1,low,1,208,0.99999330
forced_attention,1,low,1,212,0.99999452
forced_attention,1,low,1,216,0.99999551
forced_attention,1,low,1,220,0.99999633
forced_attention,1,low,1,224,0.99999699
forced_attention,1,low,1,228,0.99999754
forced_attention,1,low,1,232,0.99999798
forced_attention,1,low,1,236,0.99999835
forced_attention,1,low,1,240,0.99999865
forced_attention,1,low,1,244,0.99999889
forced_attention,1,low,1,248,0.99999909
forced_attention,1,low,1,252,0.99999926
forced_attention,1,low,1,256,0.99999939
forced_attention,1,low,1,260,0.99999950
forced_attention,1,low,1,264,0.99999959
forced_attention,1,low,1,268,0.99999967
forced_attention,1,low,1,272,0.99999973
forced_attention,1,low,1,276,0.99999978
forced_attention,1,low,1,280,0.99999982
forced_attention,1,low,1,284,0.99999985
forced_attention,1,low,1,288,0.99999988
forced_attention,1,low,1,292,0.99999990
forced_attention,1,low,1,296,0.99999992
forced_attention,1,low,1,300,0.99999993
forced_attention,1,low,1,304,0.99999994
forced_attention,1,low,1,308,0.99999995
forced_attention,1,low,1,312,0.99999996
forced_attention,1,low,1,316,0.99999997
forced_attention,1,low,1,320,0.99999998
forced_attention,1,low,1,324,0.99999998
forced_attention,1,low,1,328,0.99999998
forced_attention,1,low,1,332,0.99999999
forced_attention,1,low,1,336,0.99999999
forced_attention,1,low,1,340,0.99999999
forced_attention,1,low,1,344,0.99999999
forced_attention,1,low,1,348,0.99999999
forced_attention,1,low,1,352,1.00000000
forced_attention,1,low,1,356,1.00000000
forced_attention,1,low,1,360,1.00000000
forced_attention,1,low,1,364,1.00000000
forced_attention,1,low,1,368,1.00000000
forced_attention,1,low,1,372,1.00000000
forced_attention,1,low,1,376,1.00000000
forced_attention,1,low,1,380,1.00000000
forced_attention,1,low,1,384,1.00000000
forced_attention,1,low,1,388,1.00000000
forced_attention,1,low,1,392,1.00000000
forced_attention,1,low,1,396,1.00000000
forced_attention,1,low,1,400,1.00000000
forced_attention,1,low,1,404,1.00000000
forced_attention,1,low,1,408,1.00000000
forced_attention,1,low,1,412,1.00000000
forced_attention,1,low,1,416,1.00000000
forced_attention,1,low,1,420,1.00000000
forced_attention,1,low,1,424,1.00000000
forced_attention,1,low,1,428,1.00000000
forced_attention,1,low,1,432,1.00000000
forced_attention,1,low,1,436,1.00000000
forced_attention,1,low,1,440,1.00000000
forced_attention,1,low,1,444,1.00000000
forced_attention,1,low,1,448,1.00000000
forced_attention,1,low,1,452,1.00000000
forced_attention,1,low,1,456,1.00000000
forced_attention,1,low,1,460,1.00000000
forced_attention,1,low,1,464,1.00000000
forced_attention,1,low,1,468,1.00000000
forced_attention,1,low,1,472,1.00000000
forced_attention,1,low,1,476,1.00000000
forced_attention,1,low,1,480,1.00000000
forced_attention,1,low,1,484,1.00000000
forced_attention,1,low,1,488,1.00000000
forced_attention,1,low,1,492,1.00000000
forced_attention,1,low,1,496,1.00000000
forced_attention,1,low,1,500,1.00000000
forced_attention,1,low,1,504,1.00000000
forced_attention,1,low,1,508,1.00000000
forced_attention,1,low,1,512,1.00000000
forced_attention,1,low,1,516,1.00000000
forced_attention,1,low,1,520,1.00000000
forced_attention,1,medium,2,-120,0.00829703
forced_attention,1,medium,2,-116,0.00952413
forced_attention,1,medium,2,-112,0.01093272
forced_attention,1,medium,2,-108,0.01254963
forced_attention,1,medium,2,-104,0.01440567
forced_attention,1,medium,2,-100,0.01653622
forced_attention,1,medium,2,-96,0.01898186
forced_attention,1,medium,2,-92,0.02178921
forced_attention,1,medium,2,-88,0.02501176
forced_attention,1,medium,2,-84,0.02871091
forced_attention,1,medium,2,-80,0.03295715
forced_attention,1,medium,2,-76,0.03783139
forced_attention,1,medium,2,-72,0.04342651
forced_attention,1,medium,2,-68,0.04984914
forced_attention,1,medium,2,-64,0.05722165
forced_attention,1,medium,2,-60,0.06568452
forced_attention,1,medium,2,-56,0.07539902
forced_attention,1,medium,2,-52,0.08655027
forced_attention,1,medium,2,-48,0.09935074
forced_attention,1,medium,2,-44,0.11404435
forced_attention,1,medium,2,-40,0.13091110
forced_attention,1,medium,2,-36,0.15027238
forced_attention,1,medium,2,-32,0.17249712
forced_attention,1,medium,2,-28,0.19800882
forced_attention,1,medium,2,-24,0.22729361
forced_attention,1,medium,2,-20,0.26090951
forced_attention,1,medium,2,-16,0.29949708
forced_attention,1,medium,2,-12,0.34379162
forced_attention,1,medium,2,-8,0.39463715
forced_attention,1,medium,2,-4,0.45300256
forced_attention,1,medium,2,0,0.52000000
forced_attention,1,medium,2,4,0.54042238
forced_attention,1,medium,2,8,0.55997586
forced_attention,1,medium,2,12,0.57869741
forced_attention,1,medium,2,16,0.59662241
forced_attention,1,medium,2,20,0.61378477
forced_attention,1,medium,2,24,0.63021693
forced_attention,1,medium,2,28,0.64594995
forced_attention,1,medium,2,32,0.66101359
forced_attention,1,medium,2,36,0.67543632
forced_attention,1,medium,2,40,0.68924541
forced_attention,1,medium,2,44,0.70246697
forced_attention,1,medium,2,48,0.71512600
forced_attention,1,medium,2,52,0.72724643
forced_attention,1,medium,2,56,0.73885118
forced_attention,1,medium,2,60,0.74996218
forced_attention,1,medium,2,64,0.76060045
forced_attention,1,medium,2,68,0.77078609
forced_attention,1,medium,2,72,0.78053837
forced_attention,1,medium,2,76,0.78987572
forced_attention,1,medium,2,80,0.79881580
forced_attention,1,medium,2,84,0.80737551
forced_attention,1,medium,2,88,0.81557104
forced_attention,1,medium,2,92,0.82341787
forced_attention,1,medium,2,96,0.83093084
forced_attention,1,medium,2,100,0.83812417
forced_attention,1,medium,2,104,0.84501144
forced_attention,1,medium,2,108,0.85160568
forced_attention,1,medium,2,112,0.85791936
forced_attention,1,medium,2,116,0.86396441
forced_attention,1,medium,2,120,0.86975227
forced_attention,1,medium,2,124,0.87529387
forced_attention,1,medium,2,128,0.88059969
forced_attention,1,medium,2,132,0.88567978
forced_attention,1,medium,2,136,0.89054372
forced_attention,1,medium,2,140,0.89520071
forced_attention,1,medium,2,144,0.89965957
forced_attention,1,medium,2,148,0.90392872
forced_attention,1,medium,2,152,0.90801623
forced_attention,1,medium,2,156,0.91192983
forced_attention,1,medium,2,160,0.91567692
forced_attention,1,medium,2,164,0.91926458
forced_attention,1,medium,2,168,0.92269960
forced_attention,1,medium,2,172,0.92598847
forced_attention,1,medium,2,176,0.92913741
forced_attention,1,medium,2,180,0.93215238
forced_attention,1,medium,2,184,0.93503906
forced_attention,1,medium,2,188,0.93780293
forced_attention,1,medium,2,192,0.94044921
forced_attention,1,medium,2,196,0.94298289
forced_attention,1,medium,2,200,0.94540878
forced_attention,1,medium,2,204,0.94773145
forced_attention,1,medium,2,208,0.94995530
forced_attention,1,medium,2,212,0.95208454
forced_attention,1,medium,2,216,0.95412318
forced_attention,1,medium,2,220,0.95607508
forced_attention,1,medium,2,224,0.95794394
forced_attention,1,medium,2,228,0.95973328
forced_attention,1,medium,2,232,0.96144650
forced_attention,1,medium,2,236,0.96308682
forced_attention,1,medium,2,240,0.96465735
forced_attention,1,medium,2,244,0.96616106
forced_attention,1,medium,2,248,0.96760079
forced_attention,1,medium,2,252,0.96897927
forced_attention,1,medium,2,256,0.97029910
forced_attention,1,medium,2,260,0.97156277
forced_attention,1,medium,2,264,0.97277268
forced_attention,1,medium,2,268,0.97393111
forced_attention,1,medium,2,272,0.97504025
forced_attention,1,medium,2,276,0.97610221
forced_attention,1,medium,2,280,0.97711898
forced_attention,1,medium,2,284,0.97809249
forced_attention,1,medium,2,288,0.97902458
forced_attention,1,medium,2,292,0.97991701
forced_attention,1,medium,2,296,0.98077148
forced_attention,1,medium,2,300,0.98158958
forced_attention,1,medium,2,304,0.98237289
forced_attention,1,medium,2,308,0.98312286
forced_attention,1,medium,2,312,0.98384093
forced_attention,1,medium,2,316,0.98452844
forced_attention,1,medium,2,320,0.98518670
forced_attention,1,medium,2,324,0.98581696
forced_attention,1,medium,2,328,0.98642040
forced_attention,1,medium,2,332,0.98699817
forced_attention,1,medium,2,336,0.98755135
forced_attention,1,medium,2,340,0.98808100
forced_attention,1,medium,2,344,0.98858811
forced_attention,1,medium,2,348,0.98907365
forced_attention,1,medium,2,352,0.98953853
forced_attention,1,medium,2,356,0.98998363
forced_attention,1,medium,2,360,0.99040979
forced_attention,1,medium,2,364,0.99081782
forced_attention,1,medium,2,368,0.99120849
forced_attention,1,medium,2,372,0.99158254
forced_attention,1,medium,2,376,0.99194068
forced_attention,1,medium,2,380,0.99228357
forced_attention,1,medium,2,384,0.99261188
forced_attention,1,medium,2,388,0.99292622
forced_attention,1,medium,2,392,0.99322719
forced_attention,1,medium,2,396,0.99351535
forced_attention,1,medium,2,400,0.99379125
forced_attention,1,medium,2,404,0.99405541
forced_attention,1,medium,2,408,0.99430833
forced_attention,1,medium,2,412,0.99455049
forced_attention,1,medium,2,416,0.99478235
forced_attention,1,medium,2,420,0.99500434
forced_attention,1,medium,2,424,0.99521689
forced_attention,1,medium,2,428,0.99542040
forced_attention,1,medium,2,432,0.99561524
forced_attention,1,medium,2,436,0.99580180
forced_attention,1,medium,2,440,0.99598042
forced_attention,1,medium,2,444,0.99615144
forced_attention,1,medium,2,448,0.99631518
forced_attention,1,medium,2,452,0.99647196
forced_attention,1,medium,2,456,0.99662207
forced_attention,1,medium,2,460,0.99676579
forced_attention,1,medium,2,464,0.99690339
forced_attention,1,medium,2,468,0.99703514
forced_attention,1,medium,2,472,0.99716129
forced_attention,1,medium,2,476,0.99728206
forced_attention,1,medium,2,480,0.99739770
forced_attention,1,medium,2,484,0.99750842
forced_attention,1,medium,2,488,0.99761443
forced_attention,1,medium,2,492,0.99771593
forced_attention,1,medium,2,496,0.99781311
forced_attention,1,medium,2,500,0.99790615
forced_attention,1,medium,2,504,0.99799524
forced_attention,1,medium,2,508,0.99808053
forced_attention,1,medium,2,512,0.99816220
forced_attention,1,medium,2,516,0.99824039
forced_attention,1,medium,2,520,0.99831526
forced_attention,1,high,3,-120,0.00908987
forced_attention,1,high,3,-116,0.01022471
forced_attention,1,high,3,-112,0.01150124
forced_attention,1,high,3,-108,0.01293713
forced_attention,1,high,3,-104,0.01455230
forced_attention,1,high,3,-100,0.01636911
forced_attention,1,high,3,-96,0.01841274
forced_attention,1,high,3,-92,0.02071152
forced_attention,1,high,3,-88,0.02329729
forced_attention,1,high,3,-84,0.02620589
forced_attention,1,high,3,-80,0.02947761
forced_attention,1,high,3,-76,0.03315781
forced_attention,1,high,3,-72,0.03729746
forced_attention,1,high,3,-68,0.04195394
forced_attention,1,high,3,-64,0.04719176
forced_attention,1,high,3,-60,0.05308351
forced_attention,1,high,3,-56,0.05971083
forced_attention,1,high,3,-52,0.06716555
forced_attention,1,high,3,-48,0.07555097
forced_attention,1,high,3,-44,0.08498329
forced_attention,1,high,3,-40,0.09559320
forced_attention,1,high,3,-36,0.10752773
forced_attention,1,high,3,-32,0.12095225
forced_attention,1,high,3,-28,0.13605278
forced_attention,1,high,3,-24,0.15303856
forced_attention,1,high,3,-20,0.17214498
forced_attention,1,high,3,-16,0.19363677
forced_attention,1,high,3,-12,0.21781174
forced_attention,1,high,3,-8,0.24500489
forced_attention,1,high,3,-4,0.27559303
forced_attention,1,high,3,0,0.31000000
forced_attention,1,high,3,4,0.32652615
forced_attention,1,high,3,8,0.34265648
forced_attention,1,high,3,12,0.35840047
forced_attention,1,high,3,16,0.37376738
forced_attention,1,high,3,20,0.38876624
forced_attention,1,high,3,24,0.40340586
forced_attention,1,high,3,28,0.41769485
forced_attention,1,high,3,32,0.43164160
forced_attention,1,high,3,36,0.44525432
forced_attention,1,high,3,40,0.45854100
forced_attention,1,high,3,44,0.47150945
forced_attention,1,high,3,48,0.48416729
forced_attention,1,high,3,52,0.49652197
forced_attention,1,high,3,56,0.50858074
forced_attention,1,high,3,60,0.52035069
forced_attention,1,high,3,64,0.53183874
forced_attention,1,high,3,68,0.54305164
forced_attention,1,high,3,72,0.55399598
forced_attention,1,high,3,76,0.56467820
forced_attention,1,high,3,80,0.57510456
forced_attention,1,high,3,84,0.58528120
forced_attention,1,high,3,88,0.59521411
forced_attention,1,high,3,92,0.60490911
forced_attention,1,high,3,96,0.61437191
forced_attention,1,high,3,100,0.62360806
forced_attention,1,high,3,104,0.63262300
forced_attention,1,high,3,108,0.64142202
forced_attention,1,high,3,112,0.65001030
forced_attention,1,high,3,116,0.65839288
forced_attention,1,high,3,120,0.66657469
forced_attention,1,high,3,124,0.67456054
forced_attention,1,high,3,128,0.68235512
forced_attention,1,high,3,132,0.68996301
forced_attention,1,high,3,136,0.69738869
forced_attention,1,high,3,140,0.70463652
forced_attention,1,high,3,144,0.71171075
forced_attention,1,high,3,148,0.71861555
forced_attention,1,high,3,152,0.72535497
forced_attention,1,high,3,156,0.73193297
forced_attention,1,high,3,160,0.73835343
forced_attention,1,high,3,164,0.74462011
forced_attention,1,high,3,168,0.75073670
forced_attention,1,high,3,172,0.75670679
forced_attention,1,high,3,176,0.76253389
forced_attention,1,high,3,180,0.76822142
forced_attention,1,high,3,184,0.77377274
forced_attention,1,high,3,188,0.77919109
forced_attention,1,high,3,192,0.78447967
forced_attention,1,high,3,196,0.78964159
forced_attention,1,high,3,200,0.79467987
forced_attention,1,high,3,204,0.79959748
forced_attention,1,high,3,208,0.80439730
forced_attention,1,high,3,212,0.80908217
forced_attention,1,high,3,216,0.81365483
forced_attention,1,high,3,220,0.81811797
forced_attention,1,high,3,224,0.82247422
forced_attention,1,high,3,228,0.82672613
forced_attention,1,high,3,232,0.83087620
forced_attention,1,high,3,236,0.83492687
forced_attention,1,high,3,240,0.83888053
forced_attention,1,high,3,244,0.84273949
forced_attention,1,high,3,248,0.84650603
forced_attention,1,high,3,252,0.85018235
forced_attention,1,high,3,256,0.85377063
forced_attention,1,high,3,260,0.85727296
forced_attention,1,high,3,264,0.86069140
forced_attention,1,high,3,268,0.86402797
forced_attention,1,high,3,272,0.86728463
forced_attention,1,high,3,276,0.87046329
forced_attention,1,high,3,280,0.87356581
forced_attention,1,high,3,284,0.87659403
forced_attention,1,high,3,288,0.87954972
forced_attention,1,high,3,292,0.88243462
forced_attention,1,high,3,296,0.88525042
forced_attention,1,high,3,300,0.88799878
forced_attention,1,high,3,304,0.89068131
forced_attention,1,high,3,308,0.89329960
forced_attention,1,high,3,312,0.89585517
forced_attention,1,high,3,316,0.89834954
forced_attention,1,high,3,320,0.90078416
forced_attention,1,high,3,324,0.90316047
forced_attention,1,high,3,328,0.90547987
forced_attention,1,high,3,332,0.90774372
forced_attention,1,high,3,336,0.90995334
forced_attention,1,high,3,340,0.91211004
forced_attention,1,high,3,344,0.91421509
forced_attention,1,high,3,348,0.91626972
forced_attention,1,high,3,352,0.91827514
forced_attention,1,high,3,356,0.92023252
forced_attention,1,high,3,360,0.92214303
forced_attention,1,high,3,364,0.92400778
forced_attention,1,high,3,368,0.92582786
forced_attention,1,high,3,372,0.92760436
forced_attention,1,high,3,376,0.92933830
forced_attention,1,high,3,380,0.93103071
forced_attention,1,high,3,384,0.93268259
forced_attention,1,high,3,388,0.93429491
forced_attention,1,high,3,392,0.93586861
forced_attention,1,high,3,396,0.93740461
forced_attention,1,high,3,400,0.93890383
forced_attention,1,high,3,404,0.94036714
forced_attention,1,high,3,408,0.94179540
forced_attention,1,high,3,412,0.94318946
forced_attention,1,high,3,416,0.94455012
forced_attention,1,high,3,420,0.94587820
forced_attention,1,high,3,424,0.94717447
forced_attention,1,high,3,428,0.94843969
forced_attention,1,high,3,432,0.94967461
forced_attention,1,high,3,436,0.95087995
forced_attention,1,high,3,440,0.95205642
forced_attention,1,high,3,444,0.95320471
forced_attention,1,high,3,448,0.95432550
forced_attention,1,high,3,452,0.95541945
forced_attention,1,high,3,456,0.95648720
forced_attention,1,high,3,460,0.95752937
forced_attention,1,high,3,464,0.95854658
forced_attention,1,high,3,468,0.95953943
forced_attention,1,high,3,472,0.96050850
forced_attention,1,high,3,476,0.96145436
forced_attention,1,high,3,480,0.96237756
forced_attention,1,high,3,484,0.96327865
forced_attention,1,high,3,488,0.96415816
forced_attention,1,high,3,492,0.96501661
forced_attention,1,high,3,496,0.96585449
forced_attention,1,high,3,500,0.96667231
forced_attention,1,high,3,504,0.96747054
forced_attention,1,high,3,508,0.96824965
forced_attention,1,high,3,512,0.96901010
forced_attention,1,high,3,516,0.96975234
forced_attention,1,high,3,520,0.97047680
no_switching_costs,2,low,1,-120,0.00574106
no_switching_costs,2,low,1,-116,0.00669586
no_switching_costs,2,low,1,-112,0.00780946
no_switching_costs,2,low,1,-108,0.00910826
no_switching_costs,2,low,1,-104,0.01062307
no_switching_costs,2,low,1,-100,0.01238981
no_switching_costs,2,low,1,-96,0.01445038
no_switching_costs,2,low,1,-92,0.01685364
no_switching_costs,2,low,1,-88,0.01965659
no_switching_costs,2,low,1,-84,0.02292571
no_switching_costs,2,low,1,-80,0.02673851
no_switching_costs,2,low,1,-76,0.03118544
no_switching_costs,2,low,1,-72,0.03637193
no_switching_costs,2,low,1,-68,0.04242100
no_switching_costs,2,low,1,-64,0.04947610
no_switching_costs,2,low,1,-60,0.05770454
no_switching_costs,2,low,1,-56,0.06730146
no_switching_costs,2,low,1,-52,0.07849446
no_switching_costs,2,low,1,-48,0.09154899
no_switching_costs,2,low,1,-44,0.10677464
no_switching_costs,2,low,1,-40,0.12453248
no_switching_costs,2,low,1,-36,0.14524366
no_switching_costs,2,low,1,-32,0.16939934
no_switching_costs,2,low,1,-28,0.19757239
no_switching_costs,2,low,1,-24,0.23043093
no_switching_costs,2,low,1,-20,0.26875423
no_switching_costs,2,low,1,-16,0.31345114
no_switching_costs,2,low,1,-12,0.36558165
no_switching_costs,2,low,1,-8,0.42638206
no_switching_costs,2,low,1,-4,0.49729427
no_switching_costs,2,low,1,0,0.58000000
no_switching_costs,2,low,1,4,0.63084284
no_switching_costs,2,low,1,8,0.67553094
no_switching_costs,2,low,1,12,0.71480934
no_switching_costs,2,low,1,16,0.74933292
no_switching_costs,2,low,1,20,0.77967727
no_switching_costs,2,low,1,24,0.80634830
no_switching_costs,2,low,1,28,0.82979069
no_switching_costs,2,low,1,32,0.85039528
no_switching_costs,2,low,1,36,0.86850558
no_switching_costs,2,low,1,40,0.88442356
no_switching_costs,2,low,1,44,0.89841460
no_switching_costs,2,low,1,48,0.91071195
no_switching_costs,2,low,1,52,0.92152066
no_switching_costs,2,low,1,56,0.93102093
no_switching_costs,2,low,1,60,0.93937115
no_switching_costs,2,low,1,64,0.94671054
no_switching_costs,2,low,1,68,0.95316146
no_switching_costs,2,low,1,72,0.95883147
no_switching_costs,2,low,1,76,0.96381510
no_switching_costs,2,low,1,80,0.96819544
no_switching_costs,2,low,1,84,0.97204553
no_switching_costs,2,low,1,88,0.97542954
no_switching_costs,2,low,1,92,0.97840390
no_switching_costs,2,low,1,96,0.98101820
no_switching_costs,2,low,1,100,0.98331603
no_switching_costs,2,low,1,104,0.98533570
no_switching_costs,2,low,1,108,0.98711088
no_switching_costs,2,low,1,112,0.98867116
no_switching_costs,2,low,1,116,0.99004257
no_switching_costs,2,low,1,120,0.99124796
no_switching_costs,2,low,1,124,0.99230743
no_switching_costs,2,low,1,128,0.99323865
no_switching_costs,2,low,1,132,0.99405714
no_switching_costs,2,low,1,136,0.99477655
no_switching_costs,2,low,1,140,0.99540887
no_switching_costs,2,low,1,144,0.99596465
no_switching_costs,2,low,1,148,0.99645315
no_switching_costs,2,low,1,152,0.99688251
no_switching_costs,2,low,1,156,0.99725989
no_switching_costs,2,low,1,160,0.99759160
no_switching_costs,2,low,1,164,0.99788314
no_switching_costs,2,low,1,168,0.99813940
no_switching_costs,2,low,1,172,0.99836463
no_switching_costs,2,low,1,176,0.99856260
no_switching_costs,2,low,1,180,0.99873660
no_switching_costs,2,low,1,184,0.99888954
no_switching_costs,2,low,1,188,0.99902397
no_switching_costs,2,low,1,192,0.99914212
no_switching_costs,2,low,1,196,0.99924597
no_switching_costs,2,low,1,200,0.99933725
no_switching_costs,2,low,1,204,0.99941748
no_switching_costs,2,low,1,208,0.99948800
no_switching_costs,2,low,1,212,0.99954998
no_switching_costs,2,low,1,216,0.99960445
no_switching_costs,2,low,1,220,0.99965234
no_switching_costs,2,low,1,224,0.99969442
no_switching_costs,2,low,1,228,0.99973141
no_switching_costs,2,low,1,232,0.99976393
no_switching_costs,2,low,1,236,0.99979251
no_switching_costs,2,low,1,240,0.99981762
no_switching_costs,2,low,1,244,0.99983970
no_switching_costs,2,low,1,248,0.99985911
no_switching_costs,2,low,1,252,0.99987616
no_switching_costs,2,low,1,256,0.99989115
no_switching_costs,2,low,1,260,0.99990433
no_switching_costs,2,low,1,264,0.99991591
no_switching_costs,2,low,1,268,0.99992609
no_switching_costs,2,low,1,272,0.99993504
no_switching_costs,2,low,1,276,0.99994290
no_switching_costs,2,low,1,280,0.99994981
no_switching_costs,2,low,1,284,0.99995589
no_switching_costs,2,low,1,288,0.99996123
no_switching_costs,2,low,1,292,0.99996592
no_switching_costs,2,low,1,296,0.99997005
no_switching_costs,2,low,1,300,0.99997367
no_switching_costs,2,low,1,304,0.99997686
no_switching_costs,2,low,1,308,0.99997966
no_switching_costs,2,low,1,312,0.99998212
no_switching_costs,2,low,1,316,0.99998429
no_switching_costs,2,low,1,320,0.99998619
no_switching_costs,2,low,1,324,0.99998786
no_switching_costs,2,low,1,328,0.99998933
no_switching_costs,2,low,1,332,0.99999062
no_switching_costs,2,low,1,336,0.99999176
no_switching_costs,2,low,1,340,0.99999276
no_switching_costs,2,low,1,344,0.99999363
no_switching_costs,2,low,1,348,0.99999440
no_switching_costs,2,low,1,352,0.99999508
no_switching_costs,2,low,1,356,0.99999568
no_switching_costs,2,low,1,360,0.99999620
no_switching_costs,2,low,1,364,0.99999666
no_switching_costs,2,low,1,368,0.99999706
no_switching_costs,2,low,1,372,0.99999742
no_switching_costs,2,low,1,376,0.99999773
no_switching_costs,2,low,1,380,0.99999801
no_switching_costs,2,low,1,384,0.99999825
no_switching_costs,2,low,1,388,0.99999846
no_switching_costs,2,low,1,392,0.99999865
no_switching_costs,2,low,1,396,0.99999881
no_switching_costs,2,low,1,400,0.99999895
no_switching_costs,2,low,1,404,0.99999908
no_switching_costs,2,low,1,408,0.99999919
no_switching_costs,2,low,1,412,0.99999929
no_switching_costs,2,low,1,416,0.99999938
no_switching_costs,2,low,1,420,0.99999945
no_switching_costs,2,low,1,424,0.99999952
no_switching_costs,2,low,1,428,0.99999958
no_switching_costs,2,low,1,432,0.99999963
no_switching_costs,2,low,1,436,0.99999967
no_switching_costs,2,low,1,440,0.99999971
no_switching_costs,2,low,1,444,0.99999975
no_switching_costs,2,low,1,448,0.99999978
no_switching_costs,2,low,1,452,0.99999980
no_switching_costs,2,low,1,456,0.99999983
no_switching_costs,2,low,1,460,0.99999985
no_switching_costs,2,low,1,464,0.99999987
no_switching_costs,2,low,1,468,0.99999988
no_switching_costs,2,low,1,472,0.99999990
no_switching_costs,2,low,1,476,0.99999991
no_switching_costs,2,low,1,480,0.99999992
no_switching_costs,2,low,1,484,0.99999993
no_switching_costs,2,low,1,488,0.99999994
no_switching_costs,2,low,1,492,0.99999995
no_switching_costs,2,low,1,496,0.99999995
no_switching_costs,2,low,1,500,0.99999996
no_switching_costs,2,low,1,504,0.99999996
no_switching_costs,2,low,1,508,0.99999997
no_switching_costs,2,low,1,512,0.99999997
no_switching_costs,2,low,1,516,0.99999998
no_switching_costs,2,low,1,520,0.99999998
no_switching_costs,2,medium,2,-120,0.00686101
no_switching_costs,2,medium,2,-116,0.00787572
no_switching_costs,2,medium,2,-112,0.00904052
no_switching_costs,2,medium,2,-108,0.01037758
no_switching_costs,2,medium,2,-104,0.01191238
no_switching_costs,2,medium,2,-100,0.01367418
no_switching_costs,2,medium,2,-96,0.01569654
no_switching_costs,2,medium,2,-92,0.01801800
no_switching_costs,2,medium,2,-88,0.02068280
no_switching_costs,2,medium,2,-84,0.02374171
no_switching_costs,2,medium,2,-80,0.02725302
no_switching_costs,2,medium,2,-76,0.03128365
no_switching_costs,2,medium,2,-72,0.03591039
no_switching_costs,2,medium,2,-68,0.04122140
no_switching_costs,2,medium,2,-64,0.04731790
no_switching_costs,2,medium,2,-60,0.05431605
no_switching_costs,2,medium,2,-56,0.06234919
no_switching_costs,2,medium,2,-52,0.07157041
no_switching_costs,2,medium,2,-48,0.08215542
no_switching_costs,2,medium,2,-44,0.09430591
no_switching_costs,2,medium,2,-40,0.10825341
no_switching_costs,2,medium,2,-36,0.12426370
no_switching_costs,2,medium,2,-32,0.14264185
no_switching_costs,2,medium,2,-28,0.16373806
no_switching_costs,2,medium,2,-24,0.18795433
no_switching_costs,2,medium,2,-20,0.21575209
no_switching_costs,2,medium,2,-16,0.24766105
no_switching_costs,2,medium,2,-12,0.28428922
no_switching_costs,2,medium,2,-8,0.32633457
no_switching_costs,2,medium,2,-4,0.37459827
no_switching_costs,2,medium,2,0,0.43000000
no_switching_costs,2,medium,2,4,0.47848008
no_switching_costs,2,medium,2,8,0.52283679
no_switching_costs,2,medium,2,12,0.56342085
no_switching_costs,2,medium,2,16,0.60055311
no_switching_costs,2,medium,2,20,0.63452718
no_switching_costs,2,medium,2,24,0.66561165
no_switching_costs,2,medium,2,28,0.69405231
no_switching_costs,2,medium,2,32,0.72007401
no_switching_costs,2,medium,2,36,0.74388249
no_switching_costs,2,medium,2,40,0.76566599
no_switching_costs,2,medium,2,44,0.78559675
no_switching_costs,2,medium,2,48,0.80383234
no_switching_costs,2,medium,2,52,0.82051694
no_switching_costs,2,medium,2,56,0.83578248
no_switching_costs,2,medium,2,60,0.84974963
no_switching_costs,2,medium,2,64,0.86252884
no_switching_costs,2,medium,2,68,0.87422114
no_switching_costs,2,medium,2,72,0.88491898
no_switching_costs,2,medium,2,76,0.89470694
no_switching_costs,2,medium,2,80,0.90366241
no_switching_costs,2,medium,2,84,0.91185619
no_switching_costs,2,medium,2,88,0.91935306
no_switching_costs,2,medium,2,92,0.92621231
no_switching_costs,2,medium,2,96,0.93248816
no_switching_costs,2,medium,2,100,0.93823023
no_switching_costs,2,medium,2,104,0.94348392
no_switching_costs,2,medium,2,108,0.94829077
no_switching_costs,2,medium,2,112,0.95268878
no_switching_costs,2,medium,2,116,0.95671273
no_switching_costs,2,medium,2,120,0.96039443
no_switching_costs,2,medium,2,124,0.96376300
no_switching_costs,2,medium,2,128,0.96684505
no_switching_costs,2,medium,2,132,0.96966497
no_switching_costs,2,medium,2,136,0.97224505
no_switching_costs,2,medium,2,140,0.97460569
no_switching_costs,2,medium,2,144,0.97676554
no_switching_costs,2,medium,2,148,0.97874170
no_switching_costs,2,medium,2,152,0.98054978
no_switching_costs,2,medium,2,156,0.98220407
no_switching_costs,2,medium,2,160,0.98371766
no_switching_costs,2,medium,2,164,0.98510252
no_switching_costs,2,medium,2,168,0.98636959
no_switching_costs,2,medium,2,172,0.98752890
no_switching_costs,2,medium,2,176,0.98858960
no_switching_costs,2,medium,2,180,0.98956009
no_switching_costs,2,medium,2,184,0.99044803
no_switching_costs,2,medium,2,188,0.99126045
no_switching_costs,2,medium,2,192,0.99200377
no_switching_costs,2,medium,2,196,0.99268388
no_switching_costs,2,medium,2,200,0.99330613
no_switching_costs,2,medium,2,204,0.99387546
no_switching_costs,2,medium,2,208,0.99439637
no_switching_costs,2,medium,2,212,0.99487298
no_switching_costs,2,medium,2,216,0.99530904
no_switching_costs,2,medium,2,220,0.99570802
no_switching_costs,2,medium,2,224,0.99607307
no_switching_costs,2,medium,2,228,0.99640706
no_switching_costs,2,medium,2,232,0.99671265
no_switching_costs,2,medium,2,236,0.99699225
no_switching_costs,2,medium,2,240,0.99724807
no_switching_costs,2,medium,2,244,0.99748213
no_switching_costs,2,medium,2,248,0.99769628
no_switching_costs,2,medium,2,252,0.99789222
no_switching_costs,2,medium,2,256,0.99807149
no_switching_costs,2,medium,2,260,0.99823552
no_switching_costs,2,medium,2,264,0.99838559
no_switching_costs,2,medium,2,268,0.99852290
no_switching_costs,2,medium,2,272,0.99864853
no_switching_costs,2,medium,2,276,0.99876348
no_switching_costs,2,medium,2,280,0.99886865
no_switching_costs,2,medium,2,284,0.99896487
no_switching_costs,2,medium,2,288,0.99905291
no_switching_costs,2,medium,2,292,0.99913346
no_switching_costs,2,medium,2,296,0.99920717
no_switching_costs,2,medium,2,300,0.99927460
no_switching_costs,2,medium,2,304,0.99933630
no_switching_costs,2,medium,2,308,0.99939275
no_switching_costs,2,medium,2,312,0.99944439
no_switching_costs,2,medium,2,316,0.99949165
no_switching_costs,2,medium,2,320,0.99953489
no_switching_costs,2,medium,2,324,0.99957445
no_switching_costs,2,medium,2,328,0.99961064
no_switching_costs,2,medium,2,332,0.99964376
no_switching_costs,2,medium,2,336,0.99967406
no_switching_costs,2,medium,2,340,0.99970178
no_switching_costs,2,medium,2,344,0.99972714
no_switching_costs,2,medium,2,348,0.99975035
no_switching_costs,2,medium,2,352,0.99977158
no_switching_costs,2,medium,2,356,0.99979101
no_switching_costs,2,medium,2,360,0.99980879
no_switching_costs,2,medium,2,364,0.99982505
no_switching_costs,2,medium,2,368,0.99983993
no_switching_costs,2,medium,2,372,0.99985354
no_switching_costs,2,medium,2,376,0.99986600
no_switching_costs,2,medium,2,380,0.99987740
no_switching_costs,2,medium,2,384,0.99988783
no_switching_costs,2,medium,2,388,0.99989737
no_switching_costs,2,medium,2,392,0.99990610
no_switching_costs,2,medium,2,396,0.99991408
no_switching_costs,2,medium,2,400,0.99992139
no_switching_costs,2,medium,2,404,0.99992808
no_switching_costs,2,medium,2,408,0.99993419
no_switching_costs,2,medium,2,412,0.99993979
no_switching_costs,2,medium,2,416,0.99994491
no_switching_costs,2,medium,2,420,0.99994960
no_switching_costs,2,medium,2,424,0.99995388
no_switching_costs,2,medium,2,428,0.99995781
no_switching_costs,2,medium,2,432,0.99996139
no_switching_costs,2,medium,2,436,0.99996468
no_switching_costs,2,medium,2,440,0.99996768
no_switching_costs,2,medium,2,444,0.99997043
no_switching_costs,2,medium,2,448,0.99997295
no_switching_costs,2,medium,2,452,0.99997525
no_switching_costs,2,medium,2,456,0.99997735
no_switching_costs,2,medium,2,460,0.99997928
no_switching_costs,2,medium,2,464,0.99998104
no_switching_costs,2,medium,2,468,0.99998265
no_switching_costs,2,medium,2,472,0.99998413
no_switching_costs,2,medium,2,476,0.99998548
no_switching_costs,2,medium,2,480,0.99998671
no_switching_costs,2,medium,2,484,0.99998784
no_switching_costs,2,medium,2,488,0.99998888
no_switching_costs,2,medium,2,492,0.99998982
no_switching_costs,2,medium,2,496,0.99999069
no_switching_costs,2,medium,2,500,0.99999148
no_switching_costs,2,medium,2,504,0.99999221
no_switching_costs,2,medium,2,508,0.99999287
no_switching_costs,2,medium,2,512,0.99999348
no_switching_costs,2,medium,2,516,0.99999403
no_switching_costs,2,medium,2,520,0.99999454
no_switching_costs,2,high,3,-120,0.00634979
no_switching_costs,2,high,3,-116,0.00719526
no_switching_costs,2,high,3,-112,0.00815329
no_switching_costs,2,high,3,-108,0.00923889
no_switching_costs,2,high,3,-104,0.01046904
no_switching_costs,2,high,3,-100,0.01186297
no_switching_costs,2,high,3,-96,0.01344251
no_switching_costs,2,high,3,-92,0.01523236
no_switching_costs,2,high,3,-88,0.01726052
no_switching_costs,2,high,3,-84,0.01955873
no_switching_costs,2,high,3,-80,0.02216295
no_switching_costs,2,high,3,-76,0.02511391
no_switching_costs,2,high,3,-72,0.02845779
no_switching_costs,2,high,3,-68,0.03224690
no_switching_costs,2,high,3,-64,0.03654053
no_switching_costs,2,high,3,-60,0.04140584
no_switching_costs,2,high,3,-56,0.04691896
no_switching_costs,2,high,3,-52,0.05316615
no_switching_costs,2,high,3,-48,0.06024514
no_switching_costs,2,high,3,-44,0.06826669
no_switching_costs,2,high,3,-40,0.07735630
no_switching_costs,2,high,3,-36,0.08765617
no_switching_costs,2,high,3,-32,0.09932745
no_switching_costs,2,high,3,-28,0.11255275
no_switching_costs,2,high,3,-24,0.12753897
no_switching_costs,2,high,3,-20,0.14452059
no_switching_costs,2,high,3,-16,0.16376328
no_switching_costs,2,high,3,-12,0.18556811
no_switching_costs,2,high,3,-8,0.21027621
no_switching_costs,2,high,3,-4,0.23827416
no_switching_costs,2,high,3,0,0.27000000
no_switching_costs,2,high,3,4,0.31864803
no_switching_costs,2,high,3,8,0.36405410
no_switching_costs,2,high,3,12,0.40643426
no_switching_costs,2,high,3,16,0.44599015
no_switching_costs,2,high,3,20,0.48291000
no_switching_costs,2,high,3,24,0.51736946
no_switching_costs,2,high,3,28,0.54953251
no_switching_costs,2,high,3,32,0.57955217
no_switching_costs,2,high,3,36,0.60757129
no_switching_costs,2,high,3,40,0.63372319
no_switching_costs,2,high,3,44,0.65813229
no_switching_costs,2,high,3,48,0.68091474
no_switching_costs,2,high,3,52,0.70217895
no_switching_costs,2,high,3,56,0.72202608
no_switching_costs,2,high,3,60,0.74055058
no_switching_costs,2,high,3,64,0.75784058
no_switching_costs,2,high,3,68,0.77397836
no_switching_costs,2,high,3,72,0.78904070
no_switching_costs,2,high,3,76,0.80309927
no_switching_costs,2,high,3,80,0.81622096
no_switching_costs,2,high,3,84,0.82846820
no_switching_costs,2,high,3,88,0.83989927
no_switching_costs,2,high,3,92,0.85056857
no_switching_costs,2,high,3,96,0.86052685
no_switching_costs,2,high,3,100,0.86982150
no_switching_costs,2,high,3,104,0.87849674
no_switching_costs,2,high,3,108,0.88659386
no_switching_costs,2,high,3,112,0.89415137
no_switching_costs,2,high,3,116,0.90120524
no_switching_costs,2,high,3,120,0.90778904
no_switching_costs,2,high,3,124,0.91393408
no_switching_costs,2,high,3,128,0.91966961
no_switching_costs,2,high,3,132,0.92502292
no_switching_costs,2,high,3,136,0.93001948
no_switching_costs,2,high,3,140,0.93468306
no_switching_costs,2,high,3,144,0.93903585
no_switching_costs,2,high,3,148,0.94309857
no_switching_costs,2,high,3,152,0.94689055
no_switching_costs,2,high,3,156,0.95042982
no_switching_costs,2,high,3,160,0.95373324
no_switching_costs,2,high,3,164,0.95681651
no_switching_costs,2,high,3,168,0.95969430
no_switching_costs,2,high,3,172,0.96238032
no_switching_costs,2,high,3,176,0.96488734
no_switching_costs,2,high,3,180,0.96722729
no_switching_costs,2,high,3,184,0.96941130
no_switching_costs,2,high,3,188,0.97144976
no_switching_costs,2,high,3,192,0.97335238
no_switching_costs,2,high,3,196,0.97512821
no_switching_costs,2,high,3,200,0.97678570
no_switching_costs,2,high,3,204,0.97833272
no_switching_costs,2,high,3,208,0.97977665
no_switching_costs,2,high,3,212,0.98112436
no_switching_costs,2,high,3,216,0.98238226
no_switching_costs,2,high,3,220,0.98355632
no_switching_costs,2,high,3,224,0.98465215
no_switching_costs,2,high,3,228,0.98567495
no_switching_costs,2,high,3,232,0.98662958
no_switching_costs,2,high,3,236,0.98752060
no_switching_costs,2,high,3,240,0.98835224
no_switching_costs,2,high,3,244,0.98912846
no_switching_costs,2,high,3,248,0.98985296
no_switching_costs,2,high,3,252,0.99052917
no_switching_costs,2,high,3,256,0.99116031
no_switching_costs,2,high,3,260,0.99174940
no_switching_costs,2,high,3,264,0.99229923
no_switching_costs,2,high,3,268,0.99281242
no_switching_costs,2,high,3,272,0.99329141
no_switching_costs,2,high,3,276,0.99373847
no_switching_costs,2,high,3,280,0.99415575
no_switching_costs,2,high,3,284,0.99454522
no_switching_costs,2,high,3,288,0.99490873
no_switching_costs,2,high,3,292,0.99524802
no_switching_costs,2,high,3,296,0.99556470
no_switching_costs,2,high,3,300,0.99586027
no_switching_costs,2,high,3,304,0.99613615
no_switching_costs,2,high,3,308,0.99639364
no_switching_costs,2,high,3,312,0.99663397
no_switching_costs,2,high,3,316,0.99685829
no_switching_costs,2,high,3,320,0.99706765
no_switching_costs,2,high,3,324,0.99726307
no_switching_costs,2,high,3,328,0.99744546
no_switching_costs,2,high,3,332,0.99761570
no_switching_costs,2,high,3,336,0.99777459
no_switching_costs,2,high,3,340,0.99792289
no_switching_costs,2,high,3,344,0.99806131
no_switching_costs,2,high,3,348,0.99819051
no_switching_costs,2,high,3,352,0.99831110
no_switching_costs,2,high,3,356,0.99842365
no_switching_costs,2,high,3,360,0.99852870
no_switching_costs,2,high,3,364,0.99862675
no_switching_costs,2,high,3,368,0.99871826
no_switching_costs,2,high,3,372,0.99880368
no_switching_costs,2,high,3,376,0.99888340
no_switching_costs,2,high,3,380,0.99895781
no_switching_costs,2,high,3,384,0.99902727
no_switching_costs,2,high,3,388,0.99909209
no_switching_costs,2,high,3,392,0.99915259
no_switching_costs,2,high,3,396,0.99920907
no_switching_costs,2,high,3,400,0.99926178
no_switching_costs,2,high,3,404,0.99931097
no_switching_costs,2,high,3,408,0.99935689
no_switching_costs,2,high,3,412,0.99939975
no_switching_costs,2,high,3,416,0.99943975
no_switching_costs,2,high,3,420,0.99947708
no_switching_costs,2,high,3,424,0.99951193
no_switching_costs,2,high,3,428,0.99954446
no_switching_costs,2,high,3,432,0.99957482
no_switching_costs,2,high,3,436,0.99960315
no_switching_costs,2,high,3,440,0.99962960
no_switching_costs,2,high,3,444,0.99965428
no_switching_costs,2,high,3,448,0.99967732
no_switching_costs,2,high,3,452,0.99969882
no_switching_costs,2,high,3,456,0.99971889
no_switching_costs,2,high,3,460,0.99973763
no_switching_costs,2,high,3,464,0.99975511
no_switching_costs,2,high,3,468,0.99977143
no_switching_costs,2,high,3,472,0.99978666
no_switching_costs,2,high,3,476,0.99980088
no_switching_costs,2,high,3,480,0.99981415
no_switching_costs,2,high,3,484,0.99982654
no_switching_costs,2,high,3,488,0.99983810
no_switching_costs,2,high,3,492,0.99984888
no_switching_costs,2,high,3,496,0.99985896
no_switching_costs,2,high,3,500,0.99986835
no_switching_costs,2,high,3,504,0.99987713
no_switching_costs,2,high,3,508,0.99988532
no_switching_costs,2,high,3,512,0.99989296
no_switching_costs,2,high,3,516,0.99990009
no_switching_costs,2,high,3,520,0.99990675
