id,rank_value,weight,expenditure,fuel
H0001,13.4212464905,0.792043481596,11.2385792657,0
H0002,24.5565488981,0.989736784139,22.3390442544,0
H0003,29.143147754,1.26867517499,33.4754993952,8.36692119307
H0004,7.34145984689,1.5522715099,6.52615172587,0
H0005,20.0964830425,1.01070280074,18.8113513954,0
H0006,18.087260499,1.26773503967,18.1921631901,0
H0007,23.2495593697,0.826714342664,22.6170353792,0
H0008,20.5213540814,0.922136466353,20.4019604883,0
H0009,27.2852798575,0.803328201063,33.7551107365,2.3703941465
H0010,27.3886295196,1.22340538409,25.2096415695,4.38972840781
H0011,131.243043369,1.56405287894,131.573758835,2798.27712741
H0012,14.4278559,1.19907803653,15.6537847745,0
H0013,27.8756170337,0.756762779606,29.3395507892,4.59903603357
H0014,42.9147177113,1.26288424025,45.8093114013,168.853065434
H0015,21.8496144953,0.931905648693,20.2150821808,0
H0016,23.7121573006,1.04659529838,24.7595295725,0
H0017,54.7301755543,1.4218211517,63.186625713,318.076536841
H0018,55.2390024276,1.08873069171,65.5719721815,317.096005015
H0019,85.7131318894,1.25604401031,87.2155982758,871.413074173
H0020,18.3657858083,0.823505235229,14.2258471794,0
H0021,5.52162612763,1.12685457127,5.84970192044,0
H0022,3.67936696647,1.44387220183,3.44333510527,0
H0023,26.6175201016,1.32936035999,23.9640710382,2.02545399868
H0024,13.4507314659,0.988758676937,11.2879704068,0
H0025,24.6790912097,1.42130766297,24.3244167927,0
H0026,27.3606265675,1.55623936014,20.4928195887,3.36887504758
H0027,14.1302239655,1.55269242874,15.4719767113,0
H0028,14.4317453249,1.39616648272,13.7303330523,0
H0029,40.4019638348,1.23075031147,45.5449865895,111.906683765
H0030,28.2191351487,0.936036923174,32.8049087878,8.31968950647
H0031,41.0995667484,1.04489618508,45.3412979306,130.748211234
H0032,6.79574988756,0.779058617469,6.81733387895,0
H0033,16.3830402287,1.38456968584,15.6082763156,0
H0034,12.2343610953,0.716457681117,11.9595222861,0
H0035,10.7892646752,1.11877395158,9.77832970493,0
H0036,15.3186563369,1.18591176984,14.299709067,0
H0037,25.6219925595,1.34043471831,30.5399452784,0.165654455813
H0038,11.1959385131,0.809620252602,12.7823982792,0
H0039,42.2881573085,1.54898050102,41.6672930852,124.274385719
H0040,7.26126771038,0.808305121241,7.17919002546,0
H0041,36.0420751049,1.19133050102,38.8031571749,38.6861048218
H0042,16.6173339959,0.920884796314,13.6370251469,0
H0043,15.5645038305,0.848050599193,14.5228317755,0
H0044,19.828141795,1.21166729967,21.4861132055,0
H0045,18.3343134598,1.57283195661,20.6267742664,0
H0046,21.1491845871,0.734712708962,24.1008186418,0
H0047,56.3924803282,1.4415295704,62.1020375824,449.335512951
H0048,21.6643114907,0.67867488169,22.7721425985,0
H0049,11.2475999947,0.797986102954,9.35872674234,0
H0050,17.429862175,0.785343961883,16.3369607862,0
H0051,32.7824327408,1.12633637127,28.9144547467,26.5279829426
H0052,10.3483304222,0.691990059223,10.632497752,0
H0053,8.34229579277,1.58218021407,10.4236673851,0
H0054,9.82666379595,1.0544134935,7.98558143837,0
H0055,15.8606638417,1.35098036103,14.2940867443,0
H0056,8.7228142747,1.14415371223,9.6631039803,0
H0057,22.9816165552,1.42410851585,24.706224357,0
H0058,51.2082903156,1.15664060038,57.1543803396,333.143016435
H0059,30.7860830337,0.976673500633,28.8101620368,12.2491462844
H0060,21.9180533585,1.42856293354,19.4030339827,0
H0061,12.0695664632,0.824053014632,12.5638569161,0
H0062,40.2957745275,1.0049320098,39.3569920142,74.3379169618
H0063,8.43374580394,0.95897929062,9.25737672321,0
H0064,51.0143761708,0.688419922303,47.1737116383,135.773465883
H0065,28.7988629038,0.889468808085,25.7655473989,8.25947957908
H0066,11.9993176118,0.670066310347,10.2876150567,0
H0067,15.6146286536,0.783797404681,16.5953590485,0
H0068,33.9947309779,1.5392504314,32.061974671,45.6570364589
H0069,18.315281365,1.29431471966,20.6785872154,0
H0070,15.3318417572,1.00667551815,17.190499281,0
H0071,60.9079415229,1.04100858709,61.5705898307,547.168123524
H0072,51.277653815,1.59470917657,37.2311855557,253.808107461
H0073,57.2090807256,0.746897069803,56.2149223453,451.056405951
H0074,49.0646585284,0.851401853819,46.9425868203,196.956621116
H0075,20.9544367831,1.03926528959,21.8460266847,0
H0076,44.8941776547,1.35216323933,43.8876092682,162.3381945
H0077,66.9433059716,1.5774951957,56.9510709158,561.842892319
H0078,16.1514790005,1.55640564088,16.634137596,0
H0079,58.1049155584,0.629661783001,78.0336307476,411.090366333
H0080,18.523917209,0.894830774575,19.6064209459,0
H0081,8.67627388178,1.08034429504,7.21030154364,0
H0082,22.8796717802,1.18214474552,21.1388644254,0
H0083,40.5557093003,0.713464667113,53.9519743032,62.98737262
H0084,16.644795505,1.21286077237,15.6541538339,0
H0085,94.0111016754,1.35277102276,89.4254221,1198.8311324
H0086,15.6586412905,0.947104495054,15.8680828464,0
H0087,23.9720907988,0.796703563842,25.7936782928,0
H0088,42.5458459687,1.0608557449,50.3915179807,101.201666986
H0089,9.93375991551,1.01496349607,11.7640234426,0
H0090,47.0233274661,0.898633127464,51.9018450612,108.977999209
H0091,74.9172594494,1.41260467254,64.4266944987,702.189799812
H0092,6.19266112567,1.32227315109,6.57600701781,0
H0093,39.6114348313,1.06490092003,40.6730751337,48.4722593403
H0094,35.4856385875,1.44604111265,38.7656729329,67.3652963068
H0095,64.8255562443,1.38728457071,69.2320477885,401.080547159
H0096,18.967683158,1.31902983734,24.3930046832,0
H0097,10.5719014329,0.973769558407,10.3476686944,0
H0098,53.5838334652,1.48005522142,56.52419627,179.339504314
H0099,19.2850828431,1.27219240515,18.6147468635,0
H0100,150.396220131,1.05656980488,145.683762341,4749.53402757
H0101,9.03843443478,0.976995896853,9.06306638911,0
H0102,59.6455748118,1.56826731622,53.8863829558,242.766581011
H0103,36.6713263429,1.46630595269,34.3589661656,52.8367113717
H0104,13.7791155194,1.35209376506,12.2880038408,0
H0105,17.0713176661,0.733190784173,19.3200572092,0
H0106,33.5120284253,1.15998347878,31.6249055455,22.5534163227
H0107,23.903296586,1.02905746475,22.8646303358,0
H0108,40.820261018,1.46365316119,49.3112465647,146.883681811
H0109,11.4366778045,1.35138070757,13.467719021,0
H0110,17.5756979121,0.991217013255,18.5598776214,0
H0111,29.8672263597,1.52902634704,31.2200837256,11.6704635088
H0112,46.8534772649,0.946682758085,44.4278663081,221.542918702
H0113,8.08568970472,0.756173263024,7.52313454433,0
H0114,57.0715907733,1.3716461411,72.3291990605,254.44177246
H0115,19.1824899307,1.35524615605,18.3056553107,0
H0116,14.5362038438,0.862534866666,15.4934458752,0
H0117,59.8859930209,0.745097509948,40.6308227819,229.367273462
H0118,25.3002145945,1.39989882831,25.6266457303,0
H0119,27.302085321,0.796300389141,30.6194809308,2.94682595351
H0120,9.31536313039,1.41970596273,8.02216496368,0
H0121,47.202127234,1.18259919616,48.9173942275,186.700785339
H0122,31.5314722282,1.43911177782,30.6515103983,28.9330911137
H0123,45.7936940495,1.48746456953,46.2752742495,172.977850874
H0124,44.4678685547,1.26926827842,34.1246238612,166.600365055
H0125,30.5333266073,1.05565827358,33.7395979541,19.8941043692
H0126,12.315589738,1.17900096588,11.4153996898,0
H0127,37.8270663429,1.36834845191,32.3371862116,101.107664337
H0128,19.1793815696,0.745621036714,17.2178957038,0
H0129,51.6786227972,1.09452669964,56.8250648094,286.896564434
H0130,70.9882816207,1.44501137638,83.6827166263,728.298425252
H0131,20.9614799077,1.48973368822,20.2192749964,0
H0132,12.3064908461,1.50736176162,12.8965377909,0
H0133,13.4430953776,0.925964732174,12.9248454696,0
H0134,44.6935279262,0.999041230815,44.5436905465,200.324234186
H0135,19.5880203717,1.26892653838,17.7623915971,0
H0136,15.2029055235,0.948978420753,14.8555887141,0
H0137,3.64390894887,1.24566647313,3.6394710656,0
H0138,36.7094557947,0.718009236878,32.1088677376,63.5986957149
H0139,36.8934461611,0.736176464079,32.8392669163,33.6721177089
H0140,17.7093408177,0.79805769668,14.5928562023,0
H0141,35.1640340175,0.838239761378,33.4727813714,31.3814600523
H0142,46.296241003,1.57197864643,45.4641669872,117.067551051
H0143,48.7619394457,1.24385482521,46.0249359035,219.042029875
H0144,58.7309862428,1.06216571623,52.2335970304,375.250070215
H0145,13.1227206209,0.735348070424,10.7746628357,0
H0146,96.1734436141,1.09457305149,96.3393516036,1873.32670545
H0147,20.2887809595,0.85076731065,19.7119952686,0
H0148,26.2718210945,1.07947732752,22.1157389666,0.541427299907
H0149,37.7569876111,1.22792286729,44.9013672921,84.6290315229
H0150,19.7376177322,0.653136872627,18.6909380343,0
H0151,15.8581845448,1.26624168109,16.6099151453,0
H0152,18.3351476623,0.643018936462,14.4762416591,0
H0153,38.1074544726,0.685618236934,36.6587949597,88.0910277921
H0154,59.4850500201,0.853835620684,59.3005441849,262.16973548
H0155,62.5010851974,1.26923346517,62.3764610199,339.140591466
H0156,51.1706723159,0.971133672599,44.1222738492,162.816176277
H0157,30.1145357857,0.734197651523,29.8901581084,14.963594419
H0158,15.7076818619,1.42651921719,16.9845320055,0
H0159,14.9572517748,1.10755193814,13.9748125628,0
H0160,21.7280703636,1.05264037866,21.1668851288,0
H0161,13.9119344736,0.871280886314,12.4849437202,0
H0162,15.4314651101,0.891240783187,14.2809753435,0
H0163,52.3919309853,0.843869924564,54.4638275861,353.865445038
H0164,24.4702319224,1.15626781045,22.027868404,0
H0165,19.3714704534,1.27401593554,19.1261990736,0
H0166,6.2315644631,0.845825218105,5.67085963379,0
H0167,28.8718621509,1.33862199524,28.4596481883,7.13959045063
H0168,45.0428543177,0.867657293875,43.9585442051,131.287027477
H0169,17.4645613843,1.20659027654,15.5538945421,0
H0170,8.11426714871,1.43455861487,8.79544937744,0
H0171,12.3443252361,0.866784860583,14.6158900955,0
H0172,28.5822458095,0.635319730374,25.6242079049,7.53657761357
H0173,23.3892280451,1.3789060579,20.3640627437,0
H0174,17.1325783909,0.687314362376,15.072954345,0
H0175,19.6230584466,1.50963401416,18.3779073699,0
H0176,16.0829672227,1.07370010104,17.2376532508,0
H0177,30.974130773,0.806290681519,34.9193374521,15.0702385212
H0178,25.844364751,0.67438778117,25.6823900838,0.432836344398
H0179,52.5918681015,1.5086383044,53.1781485561,288.054842725
H0180,12.0628353858,0.804415647339,11.3226464085,0
H0181,25.1720730301,1.24621438353,26.7515023823,0
H0182,49.5809318786,1.43224078855,57.2710756325,274.92264723
H0183,21.9214569945,1.13447175685,22.1094015459,0
H0184,115.155909562,0.681138510037,111.666778308,2923.47865693
H0185,15.8983537977,0.736826275933,13.4053572385,0
H0186,48.4521807122,1.57675001849,47.4501407452,253.017530114
H0187,102.264538395,0.920146825522,120.011776264,1397.27357249
H0188,21.4083115994,0.734373918427,19.065162113,0
H0189,28.1114129973,1.57039530302,21.6652329044,5.30654509722
H0190,26.8364803498,0.910464329351,33.5710455146,1.86777251221
H0191,9.07618003845,1.36421872227,8.69186438706,0
H0192,87.3045714625,0.864108276371,93.8544840555,642.453517093
H0193,7.21740180926,1.25767717887,6.60145775873,0
H0194,28.9209415394,1.39460812408,23.8321731186,9.22314939322
H0195,9.10143449146,1.05045915703,9.4132457012,0
H0196,19.459096441,1.37455071581,18.6148791104,0
H0197,44.2564010225,1.35129943738,40.347046827,109.713338179
H0198,69.5085363362,1.37454553741,62.9971534957,832.888018539
H0199,54.0689839734,0.748567076242,52.3523364818,156.204444304
H0200,20.1216184902,0.963143985881,18.2982448955,0
H0201,21.6186792237,1.14617997867,24.9126214987,0
H0202,11.8869658332,1.17759318166,17.5384822523,0
H0203,14.8100592442,1.2581607221,14.1911420737,0
H0204,11.4229190005,0.805279879611,12.6829912255,0
H0205,19.8411766488,1.47461239223,18.2664510955,0
H0206,17.3154134198,0.910537378929,16.2768102601,0
H0207,48.0079268244,1.02930983145,47.225109077,214.093306924
H0208,37.4238063176,0.736312960803,36.5420148098,79.2617762154
H0209,37.4753580613,1.21389781808,32.7201734972,51.8500745341
H0210,48.326437116,0.847658562525,56.0121811471,223.603940367
H0211,3.02150492556,1.45126006476,2.75370670908,0
H0212,31.7874332008,1.20672573188,30.4940991201,21.0750590003
H0213,28.2023520444,1.46876072901,30.6246633224,6.8486536522
H0214,50.5687248546,0.701984842862,49.9570131065,147.799580826
H0215,8.29992060211,1.2982236387,8.70094222994,0
H0216,28.0761003283,1.29965596558,35.2747869876,5.12040321654
H0217,18.7570754363,0.98875733604,24.2697797224,0
H0218,16.3865588784,0.639647846997,16.3704965441,0
H0219,42.8078298478,1.35954222355,41.6353076324,98.0055800793
H0220,23.411685743,0.878688240394,29.4529790779,0
H0221,14.0907575245,0.753157281217,16.9647278087,0
H0222,24.7630591156,0.756271160689,29.405030851,0
H0223,16.4010327465,1.51822074661,17.9735223748,0
H0224,26.7628190919,1.07447235445,35.1826967183,1.89025152053
H0225,7.19635138622,0.871952556551,7.84024050559,0
H0226,19.5294807441,0.655533767608,17.2124712788,0
H0227,22.2326382459,0.745446903772,22.124912782,0
H0228,33.3898637365,1.0062428753,32.8424673956,39.9223057945
H0229,34.5238190353,1.5966248657,42.917725707,30.7281828826
H0230,12.7584231589,0.884238584455,11.5734882093,0
H0231,26.0169949475,1.50062132044,22.1613333864,0.50059648337
H0232,47.4099993904,1.54729222631,56.9586582667,212.869898855
H0233,27.4982594959,0.751135735266,21.782859313,3.85552619378
H0234,4.02856919749,1.20048121216,3.83431196837,0
H0235,10.2285596591,0.78846646867,12.4837461946,0
H0236,8.04240166203,0.631459139616,7.58379190395,0
H0237,35.8390947939,1.51331421519,38.2408106408,52.0781713007
H0238,23.6303159424,1.54370770455,28.9509798811,0
H0239,36.7413548029,1.25424729102,37.899651553,40.7409641082
H0240,44.6180796513,1.3143244813,42.4758090738,179.440548759
H0241,30.6974545277,1.0589473469,28.7980867357,22.4244187924
H0242,24.7269886101,1.12757502797,28.8618831805,0
H0243,35.7765553763,1.24430109363,34.6963623388,67.989788803
H0244,43.0358218862,0.799050816043,43.5311536344,179.639848754
H0245,18.5980309067,1.00267871103,17.8745018029,0
H0246,20.4913317952,0.616279494893,19.1099715846,0
H0247,19.8446008018,0.758705929737,19.4492688647,0
H0248,24.2211357346,1.33715770083,24.7380833985,0
H0249,12.6501657788,0.875400374242,12.9799136524,0
H0250,32.6967174276,1.10709435564,29.7817044506,20.4680601145
H0251,22.73213928,1.47549817451,27.0982038135,0
H0252,33.8247749772,1.044570332,32.0854607882,42.6120665258
H0253,34.2266295715,0.789415904788,32.4473208113,54.9303801586
H0254,24.2973602841,0.745751389153,25.607230044,0
H0255,18.0670616923,1.4985719312,17.8516567004,0
H0256,20.4182751358,1.21779208716,21.1714232635,0
H0257,47.7770427828,1.13447682346,53.6216865042,149.021433306
H0258,19.0983691004,1.55262603288,18.122288854,0
H0259,22.762283346,0.721696504035,25.2474826339,0
H0260,43.9552151958,1.35651806755,38.4026352941,192.449004098
H0261,15.8530554358,1.15317406284,16.1447809347,0
H0262,35.908980585,0.835093004318,34.1449042427,31.0879549839
H0263,13.3421035801,0.611439358875,15.7489228621,0
H0264,21.749250393,0.88922418901,20.8754381893,0
H0265,12.3712025507,1.52056301468,13.72493492,0
H0266,9.59479974354,1.09493481844,8.78149653207,0
H0267,11.1237964872,1.58308703691,9.8857605877,0
H0268,33.3186325644,1.58540999476,34.221029535,40.1919642975
H0269,108.674745547,0.616374893777,101.658786777,2572.23635107
H0270,16.8904183703,0.738631208654,17.4216288873,0
H0271,82.5052777701,0.703252584435,70.6828270118,1147.33685582
H0272,14.9603262102,0.674063330742,14.2062863601,0
H0273,9.75918778502,0.713956558027,9.45460028078,0
H0274,24.0681017589,1.351307275,22.0161867224,0
H0275,68.7255769587,0.804133325422,55.7782615041,521.211971357
H0276,35.0855435917,1.00019847714,35.7307731398,50.0004565721
H0277,19.1880334361,0.776617401715,19.3835301908,0
H0278,65.7100176282,0.688620259554,72.9118195688,400.268152576
H0279,13.0730597006,1.18869765693,17.1351348761,0
H0280,27.3767262214,1.36089877938,25.5535203764,3.38943002874
H0281,6.66410308432,1.57387319323,6.15974732349,0
H0282,25.6944529928,1.3612527561,25.4558964937,0.255372605923
H0283,16.3867054599,1.27464589809,16.9681713914,0
H0284,10.3045057158,0.872377803361,12.95275813,0
H0285,28.3312008952,1.11762802575,30.354670671,5.42850201982
H0286,55.8433476559,0.63937343374,61.4586049549,413.702737243
H0287,26.9147392307,0.910245270356,30.6985441444,2.30199330415
H0288,32.3109298346,1.51714190387,31.1883001082,16.5465996356
H0289,15.5391201142,1.35030718914,16.1291212082,0
H0290,11.8659506769,1.3706351645,14.1031800866,0
H0291,16.3025553939,0.999297235184,16.3400294323,0
H0292,21.8996282483,0.788688822619,21.4864099579,0
H0293,19.8492252051,1.41582176513,20.9635776597,0
H0294,13.9876997771,1.22552197853,12.370520468,0
H0295,111.584599769,1.4469879783,111.281211965,1766.15166367
H0296,20.5641721503,1.02888665642,16.6336323477,0
H0297,10.6860101152,1.26822536622,11.2523753716,0
H0298,12.2116238604,1.34743005192,12.2851551692,0
H0299,18.899639424,0.630875698227,19.6159759038,0
H0300,25.4097239353,0.657434185986,25.2427979127,0.0153182323114
H0301,41.9496777062,1.57497643911,47.9302756742,150.270533673
H0302,9.03293250491,0.810882132249,9.61971497241,0
H0303,69.3771877057,0.614538459908,70.0730477193,464.175064065
H0304,12.7937889437,1.59501258257,13.3572621101,0
H0305,14.1354453206,1.42211857966,12.9543821857,0
H0306,70.8662805084,1.38523676281,64.2831773861,787.337674469
H0307,41.0846205194,0.834669834305,47.4066882022,125.926834816
H0308,28.4051481761,0.677655864202,32.6233948247,4.47599570652
H0309,26.7818959978,0.776916348807,32.0398919472,2.18905740027
H0310,49.4642824107,1.27799994604,47.4221662678,242.487993802
H0311,13.7466318361,1.19507332036,13.1273542373,0
H0312,13.3383759313,0.88170360214,10.2227061529,0
H0313,65.9609985286,1.44014723733,67.2098340642,530.844964885
H0314,18.8303360053,1.17755279817,20.8527783464,0
H0315,41.7286762609,1.20670028307,39.6448706798,72.8160912875
H0316,25.0796060629,0.882716860355,26.2454632237,0
H0317,10.699846816,0.880162682536,9.61664101591,0
H0318,24.3148083695,1.49271551297,30.9894614301,0
H0319,25.4610376511,0.97694709187,29.9282949061,0.0387150256524
H0320,11.5461013877,1.50185978374,10.8749679379,0
H0321,22.0321593798,1.35028610707,24.048683745,0
H0322,16.4912439531,1.45512978426,18.6035165636,0
H0323,31.8917424955,1.04644470312,32.0142258359,21.9809708363
H0324,14.7564418578,1.58420581603,14.8472680811,0
H0325,37.2744056603,0.62253841607,38.6249268249,58.0285686403
H0326,28.472294615,1.43727453531,26.4003238373,6.43419751205
H0327,97.1715704436,0.979368575791,77.7980033528,1130.85278837
H0328,11.7504520509,0.762305073328,10.9800374033,0
H0329,37.4516048561,1.01052152187,34.6499961071,38.3387098072
H0330,29.3583430369,0.770550790792,27.2748314763,14.0685777149
H0331,49.166637595,1.44525459912,44.7395531747,288.401275955
H0332,19.9112733646,0.843566629675,21.5293945002,0
H0333,9.8177918136,1.04776718085,10.9828894652,0
H0334,6.24794919205,1.34504386327,4.9490283355,0
H0335,73.3951319771,1.15007804978,67.0689529773,639.05560708
H0336,15.0018191414,1.22801263535,13.4838768781,0
H0337,18.0024410383,0.804465949765,21.7423808975,0
H0338,33.5479065988,1.52437313839,36.8155190183,45.2045497472
H0339,40.1008197793,0.919710634071,45.2882720453,68.8621757337
H0340,16.8012624502,1.08943494416,12.8057102517,0
H0341,25.482384529,0.862554351999,21.5024539396,0.0390171583369
H0342,37.5730911288,0.788636897969,36.181530751,49.2059810863
H0343,19.532796539,1.14912636329,17.8121531179,0
H0344,39.2218598517,1.00396999425,41.4722236318,115.303197552
H0345,8.39925055883,0.975595727281,7.41772782522,0
H0346,51.1306467607,0.898814436448,49.500052764,151.709515774
H0347,21.6833519813,0.724154502517,20.2766621047,0
H0348,30.9024713658,0.784595454133,25.5352231109,24.6651721123
H0349,46.1491303585,0.741764766514,51.0568639795,157.702931912
H0350,77.8708786329,0.790574816649,72.828936279,822.506037077
H0351,46.1224535788,1.11705694595,59.0294746868,222.858700151
H0352,13.6530532667,1.46154282668,12.0874485674,0
H0353,25.3147992719,1.57814841167,23.0033913247,0.000196519675484
H0354,59.8467351431,0.632360989873,61.1832551978,463.135791432
H0355,52.3175668517,1.5537578796,49.0520838858,150.669084926
H0356,32.3465472886,1.3044457768,35.6021318841,28.4575440993
H0357,18.3688259153,0.614617686838,16.861566433,0
H0358,61.0606744022,1.26002964425,46.870683959,552.695804482
H0359,25.7205156533,0.98547039351,23.2474731215,0.265462171483
H0360,39.2985715577,0.827501073121,32.8701450367,82.4855646008
H0361,40.5136208235,1.54125457029,37.3128736305,127.342874569
H0362,39.8218255653,1.54923525871,41.6735888205,106.002128041
H0363,44.356943074,1.43696488246,41.7671224264,76.7045925107
H0364,39.7884493331,0.758410428556,39.155440371,78.7516847829
H0365,15.2867500401,1.52895400385,13.8280226733,0
H0366,39.5009982142,0.82104700466,38.9759598385,126.032385472
H0367,19.2430364664,0.667052405754,24.0045769242,0
H0368,42.4745108393,0.754483060059,39.3423228292,69.3631829605
H0369,17.8897427786,1.42694773244,19.0928666572,0
H0370,33.4266194063,1.46818795382,43.5756395065,19.1034744064
H0371,33.3433535752,1.50569482869,42.3437229137,45.8721046027
H0372,52.0596742118,0.697101505279,52.0307321198,227.316928465
H0373,35.5779487976,0.821220159687,35.3657413666,31.7257188188
H0374,68.9557819406,1.38700929214,82.6156381156,804.169722514
H0375,41.138394172,1.5996638903,38.9663173563,123.926494271
H0376,12.4802594536,0.969475259808,12.7561304859,0
H0377,20.2527990183,0.9757156228,21.9206617173,0
H0378,21.3746824761,1.34514964302,20.6402677175,0
H0379,6.94926385509,1.5661679541,6.66931017841,0
H0380,14.9038812615,0.790519482914,12.7112850117,0
H0381,8.22762055497,0.697256986672,8.96389814874,0
H0382,21.0798258638,0.784144332273,25.4588986408,0
H0383,15.4332813524,0.907665661182,15.6901649483,0
H0384,9.08697503231,1.01089461652,9.45716489019,0
H0385,14.5503615337,0.648022809781,13.9590819979,0
H0386,7.77941715569,0.768826080127,9.01533956011,0
H0387,41.9236362301,1.38428944821,50.2269327723,136.849711457
H0388,67.9282634693,0.843262483875,57.730493225,559.090945097
H0389,29.2370130173,0.631401374153,24.0285314711,5.4335326931
H0390,19.7254904879,1.44115898328,17.5210714999,0
H0391,12.4098662256,1.11994805833,14.4009705722,0
H0392,11.8618458061,0.689391397863,12.0055993342,0
H0393,19.187285463,1.07819253924,18.2129827896,0
H0394,9.91666232457,0.987005703577,9.23953365238,0
H0395,32.7378619661,1.39458389035,32.1849096607,28.1385848046
H0396,20.5516109742,1.00739596509,16.9330509684,0
H0397,77.2327116256,0.788902491021,75.6651987418,726.27095099
H0398,19.8262091787,0.811679868511,17.9421143351,0
H0399,27.8613320342,1.22783840004,26.9110213861,3.1008823974
H0400,21.5857062409,1.22111473887,19.6193813529,0
H0401,46.1377016067,1.36267038198,53.6884110107,209.590185655
H0402,20.9012593569,0.870792747616,25.9688731676,0
H0403,16.9789642821,0.632214559541,15.2183121586,0
H0404,21.2859787955,0.989121177068,19.6796713284,0
H0405,24.8048093245,0.845742329151,24.7141806227,0
H0406,23.6997937533,0.654338883565,23.9931528069,0
H0407,33.7118696106,0.960070322636,29.783670693,49.8245292139
H0408,21.0464058286,1.31385917686,19.4225680263,0
H0409,25.5485328665,0.804287235889,24.026685207,0.0571956263361
H0410,20.5435433949,0.657705108924,24.5327091695,0
H0411,31.6814656746,1.28055023615,35.0504264979,21.2533594415
H0412,12.6502572441,0.992113915614,12.5033934346,0
H0413,13.6134698471,1.58931072344,13.2059143859,0
H0414,87.1970608227,1.29260443292,86.1668351297,752.848377669
H0415,9.46336098862,0.617813763454,9.77098068494,0
H0416,14.0244056286,0.640938953607,14.7492218035,0
H0417,16.1423611064,1.1749275145,15.6663018648,0
H0418,18.0944178313,1.34768410246,18.6466558254,0
H0419,36.3071332831,0.643404571965,35.0585308471,82.1092292474
H0420,31.3310607862,0.813862171847,30.3230585934,11.168589148
H0421,44.5808794938,1.50072954532,50.5826046268,85.1492435477
H0422,8.16775550462,0.927419626714,8.00419789424,0
H0423,27.5071292323,0.656849316171,22.8335376907,2.7229880584
H0424,22.6548682593,1.54887847601,19.4605807662,0
H0425,14.154396258,1.47988587559,13.8696393499,0
H0426,12.6695105006,0.969727840715,14.469879669,0
H0427,34.6526504417,1.23160668782,36.6994713587,47.9525175596
H0428,24.5047589927,0.96420190816,30.2442998671,0
H0429,17.8720389461,1.58726693297,16.9128492239,0
H0430,14.524762407,1.23185982808,12.8003957345,0
H0431,20.5436468617,0.998090376236,18.7840683784,0
H0432,31.8264701365,0.826256244759,28.4843532105,13.7312230585
H0433,37.5350195321,0.962790253674,32.1634223042,97.8743303772
H0434,18.1565637486,0.737825780476,17.4735560232,0
H0435,24.7835622633,0.817619370225,28.1317133751,0
H0436,24.1871227124,1.19582590217,26.6519532962,0
H0437,51.1820489821,0.827484011273,47.3630440091,272.892252647
H0438,28.8134267594,0.804460900542,27.0008977676,4.81757638382
H0439,28.5913793075,1.13142907113,27.4348183535,4.25645933119
H0440,33.0570509365,1.39716311762,33.3520115003,35.9826808372
H0441,38.7651709045,1.11025114769,45.1117709067,91.1525911313
H0442,14.4315836477,0.883153505012,14.0340161936,0
H0443,8.05506474893,0.788465643022,7.10075438692,0
H0444,24.0290926745,1.56524955324,23.3706223071,0
H0445,34.3134797949,0.96543271711,34.1723838775,52.0034100638
H0446,47.2124060387,1.44700545418,34.7809537225,229.101050759
H0447,31.340736573,0.897698893375,33.9970722574,25.3607643968
H0448,119.512625243,1.06547572937,134.460076991,3029.89118509
H0449,12.4704655045,0.927554840001,13.0189728609,0
H0450,18.2182396503,0.76859324565,22.580656981,0
H0451,22.4010540774,0.686154967928,22.3197390693,0
H0452,24.9603023604,1.24674866927,27.4372548071,0
H0453,20.6752510221,0.767606922264,16.7874859324,0
H0454,19.2792751529,0.722137070727,15.5337448999,0
H0455,37.8681047151,0.969556053489,41.3936260557,73.9073380402
H0456,18.529951079,1.18675662169,21.8121460624,0
H0457,62.7318348385,0.708176548661,68.2017406445,518.592448503
H0458,43.0491067662,1.43436251197,38.9602904996,111.748337119
H0459,37.0815245645,1.11394008201,42.883027499,61.4753261203
H0460,20.6456161646,1.15496299424,18.5151564357,0
H0461,19.6812732149,1.27153340659,22.9316442429,0
H0462,32.7298850971,1.31480075665,30.8212198947,26.1169764431
H0463,22.3068611225,0.624422613855,20.0899920735,0
H0464,30.9273775848,1.04006202179,28.6003155457,22.4830483823
H0465,29.1789580938,0.659674716738,28.077704929,12.4441820265
H0466,23.0856003208,1.49700877216,27.1893482206,0
H0467,17.9168665163,1.44286257712,13.7044358548,0
H0468,19.7317169315,0.714737765343,20.3725984729,0
H0469,30.3482335314,0.767144021014,27.0139856463,17.8557716246
H0470,74.4683144242,1.02683614894,86.2150604721,538.332853917
H0471,50.134416306,0.817324419111,58.5877122924,324.450125348
H0472,17.3063744901,1.01372107387,15.6166338612,0
H0473,25.8331218657,1.54868107076,26.5568802203,0.178985737156
H0474,30.4638653342,0.841966612695,27.385839575,18.1846859977
H0475,31.4406984406,0.959797057981,27.8194790567,17.0514851625
H0476,42.3490021531,0.71544192112,45.7336739287,171.187927157
H0477,59.4405440569,1.3902521061,66.2684780341,555.83986121
H0478,16.6121926225,1.51514953778,14.0702057359,0
H0479,51.5171669143,1.06383837933,62.7649635884,225.100507323
H0480,32.74273103,0.83414078262,36.7093637679,33.8224172205
H0481,25.7083933407,0.946969034891,22.3300213666,0.151735918113
H0482,21.9920580689,0.616456405843,17.7882945708,0
H0483,7.05471380433,0.79646251706,7.71127668233,0
H0484,25.8956326058,0.756344039487,27.9591836169,0.26527042388
H0485,23.0654252112,1.2692041572,21.0212060366,0
H0486,37.0482552732,0.940709934064,33.0276394952,71.8394463533
H0487,22.514352817,0.806797932396,23.3823293389,0
H0488,25.4458952466,0.975087121772,29.9606534273,0.0337007660582
H0489,29.1182257544,1.04444544815,29.242649942,6.11610396554
H0490,29.3520668321,1.36355227624,27.620821106,13.0799076257
H0491,17.4076770821,0.754075383289,16.6355352313,0
H0492,15.2626743997,1.18290296801,16.7394910692,0
H0493,7.3786082444,1.57100342134,8.53673439474,0
H0494,39.5069557172,1.17260447531,39.1425821459,120.444562621
H0495,46.2143118935,1.43461522405,47.1467270867,133.856483499
H0496,12.3310939032,0.7504576222,13.9982000395,0
H0497,48.2448564289,0.841719451558,55.0850593855,280.945609349
H0498,31.9116695316,1.05336367969,27.4935840462,15.1279339023
H0499,14.9661659527,1.1362894176,13.5426598553,0
H0500,12.2402718226,0.808833265937,11.9059653434,0
H0501,5.95151420714,1.38928343613,5.19055274855,0
H0502,52.5420285966,1.29893073926,55.4675501356,277.26408489
H0503,14.4748775682,0.784063108632,14.5443187509,0
H0504,24.8174593795,0.718549020406,26.2936518209,0
H0505,32.123399138,1.20614689002,29.5457837864,33.8202404625
H0506,10.2078196578,1.39179865169,9.81021648544,0
H0507,10.7986945884,0.635630879645,11.0318532423,0
H0508,5.40119270176,0.763750605904,5.45521879584,0
H0509,23.8076485173,1.53821638401,23.5148139192,0
H0510,17.6125662811,1.1308597348,20.560719937,0
H0511,23.6807969428,0.7404574487,29.9990699501,0
H0512,32.2230007351,1.36633137879,28.4152047436,19.9314816913
H0513,22.9168541148,1.29528381224,21.5552505817,0
H0514,42.242529998,0.841583696322,43.2774388314,131.994978601
H0515,14.7317302682,0.695376753357,14.1492555356,0
H0516,57.4115308766,0.641897673658,51.0829547671,193.850709061
H0517,33.3938876859,1.09330406668,39.0953232743,39.3612894203
H0518,20.5931634866,1.37101446943,19.8842235341,0
H0519,26.6461046328,1.44189662076,22.575326928,1.49530758674
H0520,75.8806263272,0.987111717872,70.0309156757,982.346627052
H0521,21.4473343129,0.757345973216,22.7856897085,0
H0522,58.9683331513,0.799279351931,61.0565385679,355.955709997
H0523,26.6038417636,0.894774344687,27.3130950051,1.72048194136
H0524,38.5194969258,1.13536499923,34.0889663983,40.3586317539
H0525,13.1540555776,1.2455411645,12.9136279019,0
H0526,35.8172432165,1.08286538585,35.2110595663,28.5303687844
H0527,28.8539547854,1.08181877959,28.1297992926,5.17092140561
H0528,28.0410711681,1.26274745634,27.6072422231,3.12502973562
H0529,16.5461024313,1.03244669148,15.5170000007,0
H0530,13.6002119953,0.858697751122,11.0993030347,0
H0531,26.6408846482,0.757017361688,25.6859836779,2.02986788916
H0532,40.8132865721,1.21428337653,38.3719331458,140.506998424
H0533,16.6560156852,0.717977071265,17.8894892989,0
H0534,36.1048127511,1.47627714485,33.9007303971,57.898949073
H0535,69.5518038558,1.56666156557,69.0658301061,394.739832327
H0536,27.9914877099,1.06477624807,30.2019687228,2.95841684565
H0537,7.12894295742,1.01816296279,6.99401582538,0
H0538,49.5190864846,1.32360812063,43.0067884723,212.511335174
H0539,17.1636069925,1.35845766942,16.2751173628,0
H0540,17.0729567655,0.68823296349,16.7519516462,0
H0541,13.9256764011,1.48813606614,11.5552542643,0
H0542,18.8862930538,0.912054075359,17.3996904335,0
H0543,33.2632751705,0.646923692939,34.0333595976,36.2864956396
H0544,42.7238671846,1.43010857306,40.0859774144,108.886816082
H0545,33.9188520094,1.02917996963,38.0262760672,20.314323286
H0546,32.2961791392,1.49732136823,35.6745334293,30.3025604048
H0547,6.98225655485,1.4147211436,6.37824045493,0
H0548,26.6538353257,1.20585732059,28.3911624967,2.03155366297
H0549,58.2563516144,1.03290004186,57.6991389313,296.038910643
H0550,41.2819766294,1.15221843059,38.1088114772,113.605935371
H0551,41.1114558223,0.826319348065,33.3994043198,78.4224923307
H0552,34.9887082692,1.48478975179,30.4272179412,26.5314364823
H0553,14.9919789795,1.4698862278,14.0614269036,0
H0554,23.9168009103,1.30329956611,22.4391851837,0
H0555,65.2448074693,1.58749866846,66.8242643317,606.003426873
H0556,25.4185506327,1.31073151645,23.2634430609,0.0244941800503
H0557,26.8002410319,1.36666444756,24.6809513267,2.4362434179
H0558,13.4499531162,0.605640135535,14.6572406192,0
H0559,62.2067261896,1.34602148207,67.9906542783,636.425832375
H0560,41.151425636,1.21514089921,31.2567322122,63.2239725059
H0561,8.4629826241,0.722393491974,8.81462695834,0
H0562,64.4219425133,0.909869555046,72.6188799661,343.594236721
H0563,29.8508307358,0.930264811904,27.7578657117,15.7244483737
H0564,12.1118274181,1.51676859447,12.7307035532,0
H0565,10.0540091034,0.679439506318,9.09471586949,0
H0566,9.34271380314,1.20696883784,10.6886837997,0
H0567,47.7627644942,0.647745999136,68.0518222449,244.179335022
H0568,8.2723831748,1.51556233432,7.6525814804,0
H0569,34.126661386,0.850804200032,31.4079166507,48.9569046548
H0570,27.8836269163,1.31264547419,29.8838766953,2.57570171516
H0571,58.6787379349,1.06460066244,44.2467739451,243.83941988
H0572,42.5702773728,0.859449045259,36.4206204404,162.547452724
H0573,36.8090655751,0.85225602997,40.1486501155,59.3531586754
H0574,29.1154181152,1.14761252463,27.9753368996,6.96235502669
H0575,12.1568787745,1.38340786572,11.2217399734,0
H0576,21.6517514797,0.746514710608,19.6557246881,0
H0577,18.9122322774,1.1918415464,21.0089999392,0
H0578,19.3526738211,1.29103187861,16.8434226697,0
H0579,38.8825991155,1.57702471556,42.2538072719,69.6194397331
H0580,19.1461617089,1.12221239945,16.6871109892,0
H0581,9.66700369767,1.22381577994,11.5808793104,0
H0582,12.7529809317,1.22098848548,10.7362915894,0
H0583,10.4436519248,1.58651004363,10.3384561554,0
H0584,26.4902255749,1.36693103997,29.1478158897,0.8766852688
H0585,25.3437127882,1.31047245299,29.6695561597,0.00364871848055
H0586,33.807245247,0.666666018006,34.5879547823,26.8695738249
H0587,34.6744316742,0.991083345309,39.7948757191,24.3217433996
H0588,17.0908272004,1.38592204705,15.341184395,0
H0589,13.1067924136,0.917570017835,12.6943010087,0
H0590,16.9831471987,0.794508396593,21.3665797349,0
H0591,12.1620726043,1.07594289299,11.3575438898,0
H0592,29.715425027,0.832556425921,29.6078693302,10.6620036243
H0593,28.2585585523,0.988405038402,26.7323505215,6.24072072253
H0594,11.6104578968,0.849278851667,13.1511622658,0
H0595,84.0180397127,0.769876840018,79.7032543666,1168.24038179
H0596,17.5689607539,0.764901092792,16.055545839,0
H0597,27.107273649,0.963434168307,33.3014570045,2.35083147868
H0598,17.261520584,1.09359001524,18.6873216016,0
H0599,30.4699587726,1.18175240789,27.9739918738,15.3773528323
H0600,18.2859476763,1.55063513713,14.6959089471,0
H0601,31.9084537581,1.18900086678,32.478017429,24.6837887391
H0602,8.47580524814,1.27058912749,7.82519686538,0
H0603,58.2423356225,1.08724472666,53.3826990539,357.269586775
H0604,18.9214026419,1.38986557188,21.2422838637,0
H0605,22.1809891477,1.36769930993,21.1212118993,0
H0606,23.0470918711,1.02878769802,23.3314183348,0
H0607,21.8690593722,0.710079699726,21.5887600016,0
H0608,21.2144741291,0.708578642838,22.9743815014,0
H0609,42.4008275899,0.723719770699,42.3851266035,117.715962812
H0610,27.4463154846,0.883899746272,27.7436727323,2.71395423668
H0611,15.2228842045,1.02303586621,17.3230900097,0
H0612,21.4401187962,1.05244178377,21.7826053195,0
H0613,21.1012223347,1.59532850589,23.7030491657,0
H0614,35.5252701645,1.42500842734,34.5396717058,45.8458223678
H0615,20.2395424837,0.94363479595,25.2087925525,0
H0616,37.1342618635,1.06310299799,37.826132878,56.201546011
H0617,44.5532198357,0.740958547508,33.7926945194,83.4560700465
H0618,7.68785102725,1.20050943891,7.03502340795,0
H0619,7.4328099974,0.689247854694,8.12213240314,0
H0620,15.0332535185,0.814733263246,15.8396253704,0
H0621,20.7258758005,1.23881155869,18.3971800406,0
H0622,12.9612291833,0.66223700053,15.143965418,0
H0623,20.7307915745,1.54792417623,20.237127583,0
H0624,50.590322387,0.93059856548,56.344714212,219.859260357
H0625,8.02797231669,1.12625907284,7.13763989205,0
H0626,37.6588416429,0.988554160071,42.8051101565,45.2605937793
H0627,12.4037126804,1.56512820691,10.807988438,0
H0628,50.6573476507,1.34955563886,50.8023002981,318.280252855
H0629,144.592777322,1.28867872234,137.989696673,2095.34128567
H0630,17.565546339,0.641685731029,16.9547882824,0
H0631,11.6191597496,1.39110214023,11.1972870866,0
H0632,12.4744335796,1.33832969138,15.1338149686,0
H0633,20.1998188067,1.04599206613,21.7532601534,0
H0634,42.9636446073,1.58624336256,48.9609249852,177.689291166
H0635,63.9883062683,0.936231155878,66.8530200185,401.132616423
H0636,20.0894253081,0.696425799069,24.7850497192,0
H0637,89.9514973168,1.1083164976,100.816202775,1573.14254179
H0638,56.2934076297,1.28162363599,59.5567929086,188.685875922
H0639,14.286061756,0.639730201131,14.4142018204,0
H0640,30.868274466,1.37382306484,33.5020536816,19.7755992416
H0641,14.7408899571,0.998485401245,16.9613389128,0
H0642,19.901331184,0.601921188996,16.8888963511,0
H0643,45.3884864509,1.55890005505,50.8067728971,220.761736493
H0644,57.425270706,0.891002016365,47.3177488699,220.093119322
H0645,82.7773421268,0.999782069433,75.1658080084,573.897779053
H0646,22.1619646342,1.17846441613,18.6989676937,0
H0647,23.4317361515,0.666916674917,22.2732228188,0
H0648,22.08505581,0.692822749191,22.8766574848,0
H0649,10.6832417113,0.834308735413,11.5624089475,0
H0650,13.791243644,1.52916539288,13.5085620812,0
H0651,12.5173285655,1.10752563845,11.6397571123,0
H0652,39.3553595841,1.26856504503,39.864930902,103.778040528
H0653,26.3990348139,1.12586720424,25.8794808622,1.36320442026
H0654,32.3913692817,1.57773567188,31.8970993077,25.0942739012
H0655,9.42209371771,1.01107320415,7.19954982963,0
H0656,7.74750935846,1.27429047398,7.52145894822,0
H0657,9.26920764047,1.4409310153,8.14980283757,0
H0658,18.2796872491,1.57420032838,17.5708825706,0
H0659,29.338571223,0.728016763817,28.2601487689,6.27542265416
H0660,26.9858188403,0.904858943033,26.154266442,1.95665651839
H0661,30.6222581797,1.38354809678,30.3774877889,9.73080792175
H0662,3.98993911396,1.55954341877,4.06245538281,0
H0663,69.8948890884,1.19803937689,57.5278866947,709.341695661
H0664,31.5730008356,1.38246915352,33.1545004608,14.0539863476
H0665,20.6401621398,1.42186836047,22.4331209107,0
H0666,38.3543613764,1.47178814247,47.0321245334,82.2357197911
H0667,13.397528546,0.638453942684,15.1332323534,0
H0668,40.3898532795,0.685487306384,41.151270153,62.6553280938
H0669,13.0066638411,1.24459915704,14.1648382559,0
H0670,22.7507159241,1.5203767946,24.8034821109,0
H0671,23.2047551312,1.45763835151,24.6467425658,0
H0672,57.3080592096,0.852596713709,55.7342304641,245.853561233
H0673,20.8737487071,1.21739674679,23.5259502485,0
H0674,37.7167646695,0.940621757714,33.4992748147,81.6814911495
H0675,66.541809693,1.31511820373,58.7821985403,498.288917173
H0676,17.5621195239,1.04867689089,18.2503078626,0
H0677,27.0514132058,1.59652067781,27.9307464264,2.31447208092
H0678,19.0196586473,1.32616430159,22.9434882702,0
H0679,13.1524474605,0.962376530046,12.7638284684,0
H0680,9.73676552554,1.50973505101,10.4715812545,0
H0681,43.7670255389,1.35557619596,43.0856230555,170.148700111
H0682,53.8812907922,1.25044459948,53.6060157578,318.986589484
H0683,18.5978352084,0.987002152295,16.329549756,0
H0684,62.9898600065,1.41021466803,60.8561023227,430.62274438
H0685,35.0985017157,0.924435754691,37.9728568372,38.1294358842
H0686,10.6399885484,1.21149212649,9.47028871912,0
H0687,20.9176470642,1.46991315908,17.8007104084,0
H0688,37.8360374762,0.680034073559,33.686167268,94.3868209934
H0689,20.1106323748,0.971961574607,23.2442653426,0
H0690,30.3368514685,1.34643791255,28.880788217,9.74737314118
H0691,19.5345452296,1.27615955257,22.7490473539,0
H0692,8.18102908519,1.0134448721,9.26501207954,0
H0693,36.4957450762,1.42629038651,38.7573008038,83.2917501798
H0694,25.2317448693,1.40329256956,24.8598025999,0
H0695,12.2950502327,0.907963831769,12.5798827572,0
H0696,14.6451856958,1.13310559813,15.0056165079,0
H0697,19.7249121339,0.91301992899,21.6198875068,0
H0698,14.8075005032,1.00785544603,14.9279520482,0
H0699,50.8827608818,1.11353511785,47.3283346228,197.85159343
H0700,14.5908580288,1.55182334474,14.3936629685,0
H0701,86.6916629634,1.56466625924,77.5881229916,1290.56487819
H0702,62.6235518275,1.29155608046,56.9935346318,462.037636155
H0703,34.6511818562,1.03092671641,30.7551095404,57.5278828429
H0704,38.7679793992,1.18861666261,44.8648653735,55.6348389229
H0705,18.656370941,1.11873057462,19.8555143481,0
H0706,14.7209164004,0.66135505863,14.4661418198,0
H0707,25.9085341482,1.59025710511,30.0581638685,0.448113026544
H0708,23.1634048123,0.876525678572,27.1510280326,0
H0709,8.21043809974,0.737906180712,6.64715894576,0
H0710,16.6352102212,1.1078967016,15.6857466334,0
H0711,31.0932923961,0.746103365219,34.7010312826,25.3164847258
H0712,48.4283877312,1.46399383956,49.7216132969,263.854732605
H0713,10.273337749,1.30208939248,8.32102823291,0
H0714,45.1032645948,0.931082487871,44.0485088752,179.337056836
H0715,23.8383750682,1.50635169141,19.7708993969,0
H0716,7.86758965968,1.26427745299,8.37644884959,0
H0717,13.7238000805,1.04099822352,14.9943345703,0
H0718,19.7497342662,1.30460939927,18.7330381678,0
H0719,28.6519345053,0.840263212218,32.7744628311,5.75019585876
H0720,15.4455033996,1.33379114408,18.7066713459,0
H0721,47.4515277225,0.919466987153,47.1282085776,165.898200461
H0722,8.57183839788,1.1121472195,8.1726022249,0
H0723,23.3493454148,0.896963138587,24.2629929523,0
H0724,30.6426784132,1.33397279072,28.5295890275,11.435836301
H0725,20.4114947139,0.995428464597,18.7215300895,0
H0726,51.0057819644,1.00137463975,51.8816843728,291.013237321
H0727,16.165257543,1.23150332049,13.1398148221,0
H0728,16.8452973707,0.613915727113,19.3925789249,0
H0729,38.7113091295,1.11242744345,33.6496573103,65.4876180736
H0730,85.2129839597,0.688810467675,82.361992103,1425.67386425
H0731,6.65259400342,1.22215091185,5.71891619466,0
H0732,44.2650536571,1.15900826966,48.0808466991,94.3105138065
H0733,44.536883752,1.01093649042,46.4013585075,83.2767593013
H0734,43.8351082854,1.16087170626,46.518591111,115.99714258
H0735,32.647364331,1.31133703892,32.5100114751,30.5542873898
H0736,61.9331318237,0.906686757123,68.7307038682,494.161569995
H0737,12.1966545968,0.908689816962,13.1714557298,0
H0738,18.3348614599,1.52807110391,20.2167795772,0
H0739,13.3744797022,1.51634409615,15.1299968447,0
H0740,10.0751177038,1.10248210262,9.36779960741,0
H0741,25.1690913082,1.13998104282,26.2473931412,0
H0742,24.7755515129,1.38959462942,20.8041152738,0
H0743,16.9418754603,0.783690371474,17.7532961678,0
H0744,41.2100357693,0.721334994625,38.2086422971,117.62105745
H0745,13.2259486018,0.909362514465,12.8624546346,0
H0746,20.5950947238,0.905639959141,19.257247633,0
H0747,12.2589750359,1.4666284349,12.8635288975,0
H0748,91.7342174392,1.40110451643,104.229351379,1278.01773082
H0749,17.9655717079,0.937093443535,20.233985757,0
H0750,32.9328120005,1.14720524312,33.3485225481,25.0028052067
H0751,26.740047738,1.34864145657,25.4429043056,1.50375808062
H0752,29.292297666,1.17976262434,31.9572918766,9.14644189544
H0753,17.5784809597,1.12746586755,13.8340283303,0
H0754,42.4835068572,1.41992314674,37.2454018356,65.2536190903
H0755,42.8507200979,1.1229561522,50.3809018111,133.782424563
H0756,29.3358406926,1.59036023442,30.2977229889,12.2429973235
H0757,23.3281222859,0.697892272487,18.8390942352,0
H0758,39.87797542,0.614266850007,36.6520355191,119.821383548
H0759,26.6731454622,0.858210652892,28.6782943603,1.26962164213
H0760,13.0271008489,1.12218581556,13.0723525418,0
H0761,24.4279264813,1.37900561063,24.3444097717,0
H0762,18.0574269761,1.05205355936,17.0428197802,0
H0763,17.3057429622,0.636390389408,20.3128292543,0
H0764,17.0731683775,1.33992822863,16.6916458725,0
H0765,14.5996728815,0.740371266774,14.3500034183,0
H0766,53.2801506748,1.000245561,39.3248908612,246.985169544
H0767,10.5943210083,0.986639844988,9.24961915775,0
H0768,66.4650941045,0.649414511373,85.0878342416,656.715944595
H0769,27.222830212,0.707555507971,27.9736113198,4.1777531791
H0770,12.6165014013,1.36137831014,11.7894401044,0
H0771,76.5050714828,1.11509681226,85.0926557915,529.320457951
H0772,56.5285805755,1.25203941951,65.8828581724,398.108034724
H0773,133.888925107,0.845287442963,115.186539066,3942.95716571
H0774,49.0052335758,0.946965422531,49.7373702989,149.281788405
H0775,26.6168671454,0.660020005068,27.646311292,1.49998964649
H0776,18.7606120503,0.840626012529,17.4937689847,0
H0777,16.7403890538,1.41022535873,16.2450660823,0
H0778,19.0146934648,0.986857140162,22.7574862637,0
H0779,22.7746461913,1.44057043005,27.1814810666,0
H0780,15.9233141021,1.11606036014,16.8374247098,0
H0781,18.3330638904,0.607987713391,19.0769311567,0
H0782,34.8971765886,1.13171956284,36.051663758,30.3882315706
H0783,11.4752654625,1.14782571574,9.15706629702,0
H0784,37.6579636122,1.41516049279,45.0147248463,48.1877050276
H0785,30.8950439897,0.641590798225,31.209709742,12.0900335385
H0786,9.66157800465,0.793095914174,10.4028801585,0
H0787,17.8015085589,1.30579635279,14.7738302226,0
H0788,24.4653518243,1.59906717715,23.3142143139,0
H0789,20.9900739252,1.40246618294,20.3851987339,0
H0790,14.966514719,0.936420350475,14.1390753925,0
H0791,38.8726861931,0.817318170843,34.1121422881,115.778730671
H0792,27.9486479403,1.24666322341,31.6080147719,4.85554194916
H0793,22.7326934484,1.43449345762,22.3644829997,0
H0794,30.5848867023,1.27415568974,31.7586553035,21.3138466791
H0795,16.7621885722,0.625706634895,14.4102077157,0
H0796,11.3960121923,0.666700753084,11.0903920413,0
H0797,72.5414041193,1.1581121571,70.4220624659,448.685520895
H0798,36.6050339457,1.02884468196,31.4819254335,82.9124193572
H0799,17.7994173001,0.773666077016,14.5102005231,0
H0800,15.4671847417,1.305935256,14.0408760921,0
H0801,54.6592987763,1.49322730798,62.6093547647,310.223377188
H0802,26.3951774879,1.39865083326,23.6620924784,1.01812555332
H0803,73.3025989859,0.881782950497,71.5837092616,470.063130926
H0804,49.0527645929,1.07763952925,47.3885900939,115.115439087
H0805,35.1982003179,1.56305543377,41.2115807358,43.1575021485
H0806,42.4330229121,0.618900471845,46.9803545362,130.628157886
H0807,23.647637411,0.792981494107,26.9061878498,0
H0808,19.8461799762,0.815738722746,20.2050588166,0
H0809,17.847815568,1.3650618661,18.2260893749,0
H0810,24.5951093796,1.41130590827,22.1795395169,0
H0811,13.0173731483,0.657163955861,11.7601672552,0
H0812,17.2214711782,0.854448057775,15.4523715947,0
H0813,50.4014496868,0.938624760264,51.8453676633,256.42712943
H0814,45.6069670743,1.13355749842,41.1646959493,140.278957204
H0815,12.8592387892,1.58228098861,10.4740821041,0
H0816,26.2467348589,1.10683031362,23.7199589512,0.982164347628
H0817,31.9237740203,0.914214672004,34.0282466232,24.8544845823
H0818,20.604975225,0.893936377737,19.9105205877,0
H0819,21.3746515817,1.24883555659,21.1998714193,0
H0820,26.6253482137,1.04951877068,23.3417003784,2.2345893818
H0821,17.7933205801,1.26059252593,18.8016554257,0
H0822,31.333682109,1.18889064727,32.117449188,11.1025789273
H0823,18.4870924552,0.751692859335,18.471056066,0
H0824,21.2988912294,0.655070809369,20.9180043244,0
H0825,29.0207510849,1.15272825223,31.41855452,9.9474487963
H0826,14.0070535206,1.35659845237,17.5624806488,0
H0827,17.275519725,1.03634574136,18.508677694,0
H0828,18.0453779636,0.853160705993,20.1757645956,0
H0829,12.6714019753,1.03956312369,12.056481765,0
H0830,47.9325942344,0.927052554088,42.9685490847,118.0484876
H0831,19.3410224026,1.18122191699,18.7791785464,0
H0832,25.8191653491,0.789519043059,28.6131123627,0.353442695935
H0833,18.6723147611,1.09109955597,20.1261994832,0
H0834,17.914512192,1.11642407434,17.7275381636,0
H0835,32.2192208868,0.626938533445,37.1562112387,33.1138212858
H0836,30.3159584659,1.28096979269,30.5355269158,20.6150658225
H0837,10.1731187707,1.50778254047,10.0091150921,0
H0838,14.4136461891,1.56590745169,13.5767084811,0
H0839,18.8385489745,1.50630986947,19.8763656472,0
H0840,81.3920717546,1.12859884083,84.8178166908,914.155961935
H0841,8.79010847601,1.16342097702,6.90353641051,0
H0842,21.6155645511,1.06168885902,21.3145838213,0
H0843,28.9413462809,0.710749987554,28.2935772406,8.56663322347
H0844,25.3705502558,1.32409607589,28.0986538953,0.0120198578685
H0845,12.5584765536,1.26074200599,11.0725432891,0
H0846,14.087807866,0.613568717661,13.0493652113,0
H0847,73.4372723757,0.745748409803,69.6767251599,1001.00088093
H0848,44.7573166237,1.36461890145,51.820065692,116.7865657
H0849,45.0431380315,0.626805457285,49.8967360492,182.863435877
H0850,25.8903973847,1.57778006484,25.5303878698,0.34423065149
H0851,35.0307300483,1.57086559442,30.5998103667,34.8894138039
H0852,18.7205712154,1.28215496314,19.1719640532,0
H0853,29.3374201187,0.896983593036,34.5045620691,12.2615205464
H0854,13.9602690164,0.753904428839,13.5034753207,0
H0855,39.155911235,1.42367668613,32.2091178589,65.1447103901
H0856,15.3260267388,0.948412856681,16.067224061,0
H0857,56.1719450727,0.61868251648,68.1962149613,334.602459935
H0858,76.526109202,0.94996945305,70.4225788819,613.489408578
H0859,91.4480287187,0.926554211424,101.671027571,1454.36070297
H0860,12.8256273619,1.17180891729,11.8421822739,0
H0861,68.8936416187,0.67716732698,85.1671008445,774.880942461
H0862,8.86849282133,0.707895471066,9.4318459192,0
H0863,16.8163663411,1.38937023433,17.783298958,0
H0864,24.3324308737,1.08405363686,22.2678668445,0
H0865,21.8376635399,1.07837851295,19.8714889018,0
H0866,45.8121953453,1.19740691744,37.3964510605,98.4805133831
H0867,16.6081517132,1.08094812562,17.3834186992,0
H0868,37.45375811,1.21899769814,36.7761611028,53.7413557225
H0869,21.815614404,1.2299968598,21.2865608559,0
H0870,21.2942872045,1.47193449139,20.9374472603,0
H0871,25.3341132653,1.18984701884,25.992733011,0.0015696109992
H0872,27.7764205921,0.809246044164,26.6538872508,3.70151744411
H0873,17.8997838946,1.49712844803,19.7604871427,0
H0874,21.4648435684,0.840710281103,20.5273030011,0
H0875,46.9363029678,0.749639284101,51.8933375341,144.720066967
H0876,83.3396830069,1.18631683183,75.8091381882,749.629569687
H0877,49.6753986701,1.06941120448,63.7696246372,275.142376558
H0878,26.2700714451,1.28885482131,25.9342831684,0.703326865981
H0879,20.1149307073,1.36142113157,21.4488678502,0
H0880,14.8100569259,0.907603347251,14.9612992466,0
H0881,21.9443997917,1.22024662525,26.1654103724,0
H0882,29.5416411774,1.37334269858,24.7995325826,9.61557884895
H0883,55.3144202543,0.725733695837,48.0147991693,254.835396134
H0884,33.9562716244,1.32197556923,31.9282678535,25.1276319125
H0885,38.3948701694,1.25458275378,31.780209244,56.9159109136
H0886,43.1081114827,1.22726210697,47.0396594051,180.194112575
H0887,28.7751604761,1.05274143886,26.1407876686,8.42922954531
H0888,71.9880416897,1.26595224488,77.5354001465,902.544940316
H0889,4.32693794271,0.872760153842,4.59382821032,0
H0890,22.2778102291,0.87507567243,17.8486486035,0
H0891,15.2662376856,0.79044459718,16.9882173837,0
H0892,14.9444123526,1.53472763109,16.0691656948,0
H0893,16.8113487669,0.99265339818,17.2947654714,0
H0894,102.035497063,0.793618472946,123.917202493,1877.80000853
H0895,45.8587165093,1.02915136712,41.6384784945,163.531957394
H0896,27.2348884184,1.32983057037,25.0383367788,3.27585594686
H0897,22.592945235,1.53383753473,20.4139664667,0
H0898,26.5273586429,0.691301254487,30.0837539687,1.61346378653
H0899,15.9340143829,1.54060481149,13.606008362,0
H0900,11.3669310141,1.57437485558,9.23128217309,0
