term,lead6,lead5,lead4,lead3,lead2,ref,lag0,lag1,lag2,lag3,lag4,lag5,lag6,lag7
lead6,0.013099397522952859,0.0059265704603731076,0.0060194684242189638,0.0043349347886478947,0.0057225570070459295,0,0.0057769595936564789,0.006152425922714473,0.006102228897079824,0.0062010920912493979,0.005265419274381419,0.0070709599021975362,0.0058887288986306354,0.0066028154336882933
lead5,0.0059265704603731068,0.0083835767046773705,0.0049692428572260848,0.0048071045510243628,0.0065670744779861663,0,0.0036648710380962025,0.0047723539291292024,0.0059545055950590321,0.0050984540575785388,0.0053889682256992493,0.0057325793758356549,0.004507987984978686,0.0052846611753206239
lead4,0.0060194684242189647,0.0049692428572260866,0.011883141943693203,0.0055907772359883772,0.0054133102764667524,0,0.0052726713313821375,0.0062707956020653047,0.0060031756089055782,0.0057049729786368686,0.0055135054003987638,0.0047059485412129388,0.0063459106151373783,0.0064922831002615167
lead3,0.0043349347886478921,0.0048071045510243628,0.0055907772359883763,0.010422829522199913,0.0058819225913057903,0,0.0041394621892276813,0.0063176018934353213,0.0058215828190860469,0.0053662005368978159,0.0064286904782852256,0.0056755662254256104,0.0043717220678489432,0.0051480047076800407
lead2,0.0057225570070459269,0.0065670744779861637,0.0054133102764667498,0.0058819225913057886,0.011123484735644586,0,0.0048617008473722627,0.0060056621961011511,0.0055835808572187841,0.005578590454533335,0.0051908327300709345,0.0067980288545142695,0.0052721281001024568,0.0050970881665137243
ref,0,0,0,0,0,0,0,0,0,0,0,0,0,0
lag0,0.0057769595936564781,0.0036648710380962025,0.0052726713313821375,0.0041394621892276813,0.0048617008473722644,0,0.0092589423390671034,0.0053918060442630809,0.0047740771264600289,0.0056653201828756033,0.0048849963994492948,0.0047162403372436427,0.0038333605827920634,0.0050791747918075272
lag1,0.0061524259227144721,0.0047723539291292007,0.006270795602065303,0.0063176018934353196,0.0060056621961011528,0,0.00539180604426308,0.010540230253418234,0.0053949064785798412,0.0061586399270305014,0.0042757791729095673,0.0058436113189812653,0.0041822568777288875,0.0055184496754083776
lag2,0.0061022288970798205,0.0059545055950590304,0.0060031756089055756,0.0058215828190860451,0.0055835808572187832,0,0.0047740771264600263,0.0053949064785798421,0.010428392802470538,0.0062889619135600514,0.0060796416792871935,0.0061105670563116462,0.0044961668647230824,0.0060123303925268302
lag3,0.0062010920912493996,0.0050984540575785414,0.0057049729786368677,0.0053662005368978168,0.0055785904545333376,0,0.005665320182875605,0.0061586399270305006,0.0062889619135600532,0.010779925885002373,0.0055721033105891058,0.0045200539328975019,0.0053870322393217169,0.0069258416491232745
lag4,0.0052654192743814181,0.0053889682256992493,0.0055135054003987646,0.0064286904782852265,0.0051908327300709354,0,0.0048849963994492991,0.0042757791729095681,0.0060796416792871927,0.0055721033105891049,0.0095651006502184017,0.0045585972943305185,0.0045331475705235038,0.0054092871933780189
lag5,0.0070709599021975354,0.0057325793758356558,0.0047059485412129362,0.005675566225425613,0.0067980288545142712,0,0.0047162403372436419,0.0058436113189812679,0.0061105670563116471,0.0045200539328975001,0.0045585972943305185,0.011375674731196474,0.0046499080900881786,0.0060710093077893821
lag6,0.0058887288986306345,0.004507987984978686,0.0063459106151373757,0.0043717220678489441,0.0052721281001024576,0,0.0038333605827920642,0.0041822568777288892,0.004496166864723085,0.0053870322393217143,0.0045331475705235038,0.0046499080900881812,0.0090011486351199814,0.0041354083448388599
lag7,0.0066028154336882959,0.0052846611753206256,0.0064922831002615184,0.0051480047076800433,0.0050970881665137269,0,0.0050791747918075281,0.0055184496754083785,0.0060123303925268337,0.0069258416491232745,0.0054092871933780215,0.006071009307789383,0.0041354083448388616,0.01061399055179264
