unit,event_time,treated,post,y
1,-6,1,0,2.5731180998719263
1,-5,1,0,2.3157978670440245
1,-4,1,0,2.6083128429639575
1,-3,1,0,2.7426375262745037
1,-2,1,0,2.7104383481579193
1,-1,1,0,2.6557370300644147
1,0,1,1,2.7072668658598142
1,1,1,1,3.6135130668390931
1,2,1,1,3.0089408459932776
1,3,1,1,3.4699957500556584
1,4,1,1,3.0801206968273727
1,5,1,1,3.3682538698900792
1,6,1,1,3.4244926854418094
1,7,1,1,2.7899705053740953
2,-6,0,0,1.0091665688568094
2,-5,0,0,1.3026633180015903
2,-4,0,0,0.4624912977606731
2,-3,0,0,0.83512233784628354
2,-2,0,0,1.2585530748227329
2,-1,0,0,1.1611615595310254
2,0,0,1,1.2834827945456844
2,1,0,1,1.1104051559907808
2,2,0,1,1.4085137068620244
2,3,0,1,1.0846074263348235
2,4,0,1,1.5758953260289166
2,5,0,1,1.5273548081775787
2,6,0,1,0.93247627862323956
2,7,0,1,1.8793834361523856
3,-6,0,0,1.400865568476273
3,-5,0,0,1.2888122013823842
3,-4,0,0,1.3234882308683158
3,-3,0,0,1.3051687787954833
3,-2,0,0,1.6013428023882259
3,-1,0,0,1.5543241389294946
3,0,0,1,1.9227323051113185
3,1,0,1,2.3153542499059463
3,2,0,1,1.8159435898827021
3,3,0,1,2.2645720220744319
3,4,0,1,1.8686157897258986
3,5,0,1,2.4134213467509813
3,6,0,1,2.5472778949822503
3,7,0,1,2.4799836632719696
4,-6,0,0,2.1280719769201659
4,-5,0,0,2.8217674893175793
4,-4,0,0,2.8762932074813508
4,-3,0,0,3.0657521095274123
4,-2,0,0,2.9992963546069733
4,-1,0,0,2.2725116305900439
4,0,0,1,2.6623080445491634
4,1,0,1,2.6256457953441341
4,2,0,1,2.9281617728270595
4,3,0,1,3.2022851565920027
4,4,0,1,3.1303958541958097
4,5,0,1,3.3050274376159949
4,6,0,1,3.4426579784052107
4,7,0,1,3.4026278751999031
5,-6,1,0,0.20254501403249953
5,-5,1,0,0.73855593071612469
5,-4,1,0,0.46520409408221847
5,-3,1,0,0.37387602896761651
5,-2,1,0,0.45474990157888706
5,-1,1,0,0.90092395596482466
5,0,1,1,0.26809914968281945
5,1,1,1,0.94999072390840955
5,2,1,1,0.89447987220389313
5,3,1,1,0.22460878735150558
5,4,1,1,1.2308985397665666
5,5,1,1,1.3557385737488092
5,6,1,1,1.2482527859298929
5,7,1,1,1.6048382921402469
6,-6,1,0,0.59808662475991214
6,-5,1,0,0.85118412081126538
6,-4,1,0,1.0948132764400016
6,-3,1,0,0.63456314213314668
6,-2,1,0,0.83058165467644274
6,-1,1,0,1.3462105681147327
6,0,1,1,0.88766547097654613
6,1,1,1,0.8762281116877475
6,2,1,1,1.1320910412641618
6,3,1,1,1.649245247232014
6,4,1,1,1.545684444800673
6,5,1,1,1.3574618507062253
6,6,1,1,2.2192960907671573
6,7,1,1,2.0997506874310181
7,-6,1,0,2.1230368099868695
7,-5,1,0,2.2903964873659555
7,-4,1,0,2.6190903290182814
7,-3,1,0,2.563167430601446
7,-2,1,0,1.9824322041960365
7,-1,1,0,2.5427033112103206
7,0,1,1,2.4264595506467748
7,1,1,1,2.7108310239139426
7,2,1,1,2.6895377800222358
7,3,1,1,3.1812360682715815
7,4,1,1,3.0806705321429853
7,5,1,1,3.2643920751586428
7,6,1,1,3.188890736855083
7,7,1,1,3.8874454844304527
8,-6,1,0,1.9570582901274163
8,-5,1,0,1.459273065342847
8,-4,1,0,1.5527764257184731
8,-3,1,0,2.1173321966161422
8,-2,1,0,2.1071161432318695
8,-1,1,0,1.899364386357743
8,0,1,1,1.8492240302202949
8,1,1,1,2.2913311723573506
8,2,1,1,2.4590418392185875
8,3,1,1,2.1639592483328762
8,4,1,1,2.3690842067424986
8,5,1,1,2.6761209884199664
8,6,1,1,2.7804621928839568
8,7,1,1,2.5928994090240529
9,-6,1,0,0.85394030317446334
9,-5,1,0,0.82781444515487057
9,-4,1,0,0.58591351488046217
9,-3,1,0,1.3338122871149751
9,-2,1,0,1.4845243728134017
9,-1,1,0,1.0825869872292162
9,0,1,1,0.8632226646354948
9,1,1,1,1.2248354376517427
9,2,1,1,1.078675183177803
9,3,1,1,1.3277412405280828
9,4,1,1,2.1079258383303987
9,5,1,1,2.1126912677530472
9,6,1,1,2.2236276135712378
9,7,1,1,2.4712505080443274
10,-6,1,0,1.9672038663291944
10,-5,1,0,2.2950244977344267
10,-4,1,0,1.8014277285398592
10,-3,1,0,2.0669052560115211
10,-2,1,0,2.2146375582292426
10,-1,1,0,2.3280938339414803
10,0,1,1,2.5742752186036792
10,1,1,1,2.8514197175723899
10,2,1,1,2.4873762270164197
10,3,1,1,3.0720064834319816
10,4,1,1,2.5632600475324852
10,5,1,1,3.4557423490670582
10,6,1,1,2.720513384986567
10,7,1,1,3.6696505257630965
11,-6,0,0,2.0386164041996158
11,-5,0,0,2.2487613790814294
11,-4,0,0,2.3320276982876726
11,-3,0,0,2.0105384631540977
11,-2,0,0,1.9733185881284454
11,-1,0,0,2.3836211998650181
11,0,0,1,1.8242012579051492
11,1,0,1,2.2460336173018569
11,2,0,1,2.5652628245047637
11,3,0,1,2.5886224567257652
11,4,0,1,2.5741514366354186
11,5,0,1,2.3475888823879068
11,6,0,1,3.3923379316455597
11,7,0,1,3.4708504326681737
12,-6,0,0,1.7484413859401831
12,-5,0,0,2.189341518723718
12,-4,0,0,2.3582578170627415
12,-3,0,0,2.3283288402082403
12,-2,0,0,2.7883936874650792
12,-1,0,0,2.8450142989010523
12,0,0,1,2.8109406645150163
12,1,0,1,2.278504851165891
12,2,0,1,2.9394619869501155
12,3,0,1,2.9041574540895945
12,4,0,1,2.9142090577811683
12,5,0,1,3.2984552999755232
12,6,0,1,3.6974534223087678
12,7,0,1,3.3914881537530683
13,-6,0,0,2.7993641077346894
13,-5,0,0,3.0993366458497302
13,-4,0,0,2.6980213243330127
13,-3,0,0,3.1235357341558689
13,-2,0,0,3.0094539119681998
13,-1,0,0,2.8125119918272801
13,0,0,1,3.2902017689370422
13,1,0,1,3.2043379045974341
13,2,0,1,3.5501947063505455
13,3,0,1,3.5130776795839229
13,4,0,1,3.6461901623777857
13,5,0,1,3.5137237255734615
13,6,0,1,3.3243474819376697
13,7,0,1,3.8294458296795151
14,-6,1,0,0.66588042371586376
14,-5,1,0,-0.10581887422391179
14,-4,1,0,1.1358230846273338
14,-3,1,0,1.085554925380376
14,-2,1,0,0.14732136986980882
14,-1,1,0,0.84028177271277515
14,0,1,1,1.2624875461195892
14,1,1,1,1.3288672566820634
14,2,1,1,1.2974241301223577
14,3,1,1,1.7693211638505515
14,4,1,1,1.3546501752416065
14,5,1,1,0.80084339426387996
14,6,1,1,1.5679803992147461
14,7,1,1,2.0425069417314115
15,-6,1,0,1.0367858353409307
15,-5,1,0,0.97677942653903516
15,-4,1,0,1.0817219980744901
15,-3,1,0,0.41271600902754657
15,-2,1,0,1.3271966507244102
15,-1,1,0,1.2302694901060791
15,0,1,1,1.4042949726096696
15,1,1,1,0.92759392148471675
15,2,1,1,1.4779216793215131
15,3,1,1,1.5388253782845278
15,4,1,1,1.0700160053482195
15,5,1,1,2.3283590144585817
15,6,1,1,2.160060243155066
15,7,1,1,1.817084186253958
16,-6,0,0,2.4239843227868443
16,-5,0,0,3.0823659974227091
16,-4,0,0,2.807552072527058
16,-3,0,0,2.2760803081761352
16,-2,0,0,2.7939476501470928
16,-1,0,0,2.6576774216231756
16,0,0,1,3.1382387783883123
16,1,0,1,2.4813980240707121
16,2,0,1,3.1398952396189497
16,3,0,1,3.2703761584440958
16,4,0,1,3.4211080708578478
16,5,0,1,3.1713018429363031
16,6,0,1,3.6305859162939691
16,7,0,1,3.6899827750922691
17,-6,1,0,1.6193925413675316
17,-5,1,0,1.5041835119424809
17,-4,1,0,1.7832193761637354
17,-3,1,0,2.0722285932485773
17,-2,1,0,2.2245222720655189
17,-1,1,0,1.854965836450805
17,0,1,1,2.2540647878112203
17,1,1,1,2.505415973630416
17,2,1,1,2.1819596997259176
17,3,1,1,2.6219806227253843
17,4,1,1,2.3407970187333964
17,5,1,1,2.6520378250077394
17,6,1,1,2.8017780766620715
17,7,1,1,3.0859865183055049
18,-6,1,0,1.6092124749396168
18,-5,1,0,1.7239994498258313
18,-4,1,0,2.6042128100343356
18,-3,1,0,2.4201092252955596
18,-2,1,0,1.9371905100809019
18,-1,1,0,2.3369736113661519
18,0,1,1,2.0808127524468967
18,1,1,1,2.1287604476827324
18,2,1,1,2.6883292043399667
18,3,1,1,2.3672345060907052
18,4,1,1,2.7703223438889024
18,5,1,1,3.3111690208822497
18,6,1,1,2.8409376483147595
18,7,1,1,3.3504600718643913
19,-6,1,0,2.7171674577909535
19,-5,1,0,2.3335430461513349
19,-4,1,0,2.351685395427173
19,-3,1,0,2.7099436933201067
19,-2,1,0,2.2843947715751316
19,-1,1,0,3.304401166570353
19,0,1,1,3.1242014444326567
19,1,1,1,2.5287214802640987
19,2,1,1,2.6702813215720336
19,3,1,1,3.0214238222227894
19,4,1,1,3.3866581867944454
19,5,1,1,3.0901911951422938
19,6,1,1,3.6558889864841095
19,7,1,1,3.676384430074382
20,-6,1,0,2.3330726687222758
20,-5,1,0,2.2060689309807584
20,-4,1,0,2.2011396486951886
20,-3,1,0,2.099355653614198
20,-2,1,0,1.8733923316252277
20,-1,1,0,2.6529473589288788
20,0,1,1,2.3172519583280722
20,1,1,1,2.5427156500745518
20,2,1,1,2.7490390323569964
20,3,1,1,2.547100158416002
20,4,1,1,2.4192731275631778
20,5,1,1,2.8709783910842557
20,6,1,1,3.0214756869766126
20,7,1,1,3.6580598677558109
21,-6,0,0,1.7123874159403862
21,-5,0,0,1.7583205235078052
21,-4,0,0,2.5109875085785789
21,-3,0,0,1.7932603867503039
21,-2,0,0,1.9095004502825761
21,-1,0,0,2.0171022877375107
21,0,0,1,1.9317377851686277
21,1,0,1,2.6397990038434163
21,2,0,1,1.9974518200486218
21,3,0,1,1.9127468900613627
21,4,0,1,2.2733838872350809
21,5,0,1,2.7317201052536353
21,6,0,1,2.4462334147788978
21,7,0,1,2.9642311858977983
22,-6,0,0,1.9685005025593521
22,-5,0,0,2.4342009192471035
22,-4,0,0,1.6576185158440861
22,-3,0,0,1.8826420283347585
22,-2,0,0,2.2176032366200609
22,-1,0,0,2.1518911671231193
22,0,0,1,1.6699860782555991
22,1,0,1,1.9032977141791354
22,2,0,1,2.64633187865314
22,3,0,1,2.3127474807901258
22,4,0,1,2.6366270026535523
22,5,0,1,2.5773054767562766
22,6,0,1,3.0166634101801795
22,7,0,1,2.6975827602042504
23,-6,0,0,3.1578033822273053
23,-5,0,0,3.3730269694369897
23,-4,0,0,2.9558391115513571
23,-3,0,0,3.180749208885175
23,-2,0,0,3.5340484083254688
23,-1,0,0,2.9295577752317548
23,0,0,1,2.9661928119768173
23,1,0,1,3.377477572737146
23,2,0,1,2.9588382866882514
23,3,0,1,3.6261706270193614
23,4,0,1,3.6528045586088251
23,5,0,1,3.6309426775568912
23,6,0,1,4.0176540849251534
23,7,0,1,4.12518591586654
24,-6,0,0,2.8621917329879718
24,-5,0,0,2.3250402985923393
24,-4,0,0,3.0682341134885633
24,-3,0,0,2.521825349708875
24,-2,0,0,2.4627626126240592
24,-1,0,0,2.6475165242540517
24,0,0,1,2.8521308709974318
24,1,0,1,2.7308372354589885
24,2,0,1,3.4231706784998455
24,3,0,1,3.0136847477277953
24,4,0,1,3.1254346916883611
24,5,0,1,3.7396242144464278
24,6,0,1,3.7609522263512045
24,7,0,1,3.7620226318572358
25,-6,0,0,3.2948981923648364
25,-5,0,0,3.3809891682205979
25,-4,0,0,3.4403842102712714
25,-3,0,0,3.7357060176115722
25,-2,0,0,3.5914376221167674
25,-1,0,0,3.1278511963123452
25,0,0,1,3.2623443511133132
25,1,0,1,3.4906060312563456
25,2,0,1,3.7147023424738239
25,3,0,1,3.7615571270962844
25,4,0,1,3.711578462041647
25,5,0,1,3.766943369695432
25,6,0,1,4.0778796672340842
25,7,0,1,4.0597973986048226
26,-6,1,0,2.4974742934133407
26,-5,1,0,1.8570116512448469
26,-4,1,0,2.3909753522713797
26,-3,1,0,2.7585475615589048
26,-2,1,0,2.4564614563872413
26,-1,1,0,2.4728804045573263
26,0,1,1,2.1165864900262266
26,1,1,1,2.3888476572706372
26,2,1,1,2.3748976936080934
26,3,1,1,1.9961742393448394
26,4,1,1,2.9733865756001041
26,5,1,1,3.072863389296395
26,6,1,1,3.5419093906779411
26,7,1,1,2.7899196614146269
27,-6,0,0,1.8940970206816363
27,-5,0,0,2.411412707699768
27,-4,0,0,2.4208709232925858
27,-3,0,0,2.1582390167345857
27,-2,0,0,1.8444640516022466
27,-1,0,0,1.7339099225124812
27,0,0,1,2.0434011418850533
27,1,0,1,2.432455441323087
27,2,0,1,2.6401749151622993
27,3,0,1,2.5722919515169327
27,4,0,1,2.8534268704377341
27,5,0,1,2.8869830651534518
27,6,0,1,3.2332360582066881
27,7,0,1,3.4369273839462693
28,-6,0,0,2.4505053996684487
28,-5,0,0,2.4088088478774754
28,-4,0,0,2.9751879747327945
28,-3,0,0,3.3431339060874148
28,-2,0,0,3.0439106281136299
28,-1,0,0,3.4907969429939589
28,0,0,1,3.410576974424933
28,1,0,1,3.4954391536196399
28,2,0,1,2.8842466006243854
28,3,0,1,3.3266628250785351
28,4,0,1,3.1605589221308472
28,5,0,1,3.7080946195701956
28,6,0,1,3.5392567378896054
28,7,0,1,3.9101147872888431
29,-6,0,0,3.0554166735839194
29,-5,0,0,3.3362770998426572
29,-4,0,0,2.7742803759556862
29,-3,0,0,3.4296974594595229
29,-2,0,0,2.9157551342636596
29,-1,0,0,2.9222658849796397
29,0,0,1,3.1436351375891647
29,1,0,1,3.2442211862291344
29,2,0,1,3.9647090178134974
29,3,0,1,3.7148938396486306
29,4,0,1,3.6594513407025611
29,5,0,1,3.2727839000579211
29,6,0,1,4.1095393625787224
29,7,0,1,3.9350725062573915
30,-6,0,0,1.6055776030382674
30,-5,0,0,1.6779174576530285
30,-4,0,0,1.5900744466691124
30,-3,0,0,1.7965503142940376
30,-2,0,0,2.2684136510181774
30,-1,0,0,1.4166015955889237
30,0,0,1,1.5611598847862842
30,1,0,1,1.2312163697901632
30,2,0,1,2.3646711982738315
30,3,0,1,2.04136127342379
30,4,0,1,2.5285492244411825
30,5,0,1,2.5633775693559451
30,6,0,1,2.4775787761458279
30,7,0,1,2.802486852769094
31,-6,1,0,3.1862863463220972
31,-5,1,0,3.0261851372635022
31,-4,1,0,2.9775021042270557
31,-3,1,0,3.5025635638583279
31,-2,1,0,3.2510042192047464
31,-1,1,0,2.8444996119991313
31,0,1,1,3.1645792442324301
31,1,1,1,3.5661868577626006
31,2,1,1,3.6737354947825169
31,3,1,1,3.9726940639850654
31,4,1,1,4.2308951302854041
31,5,1,1,4.1986211480894484
31,6,1,1,3.9374242578791714
31,7,1,1,4.2198008477919844
32,-6,1,0,1.8193610297521383
32,-5,1,0,1.5156479118664183
32,-4,1,0,2.2222263829047413
32,-3,1,0,2.0701632129693186
32,-2,1,0,2.1807102576399466
32,-1,1,0,1.6265521289406641
32,0,1,1,1.9442102617503574
32,1,1,1,2.6444663385598295
32,2,1,1,2.3405844224180847
32,3,1,1,2.7225817021850283
32,4,1,1,2.1552125519863661
32,5,1,1,2.6533865842759257
32,6,1,1,3.6657968484776373
32,7,1,1,3.1886847254300092
33,-6,1,0,0.23158528813302506
33,-5,1,0,-0.092357947792406109
33,-4,1,0,0.91866661048347531
33,-3,1,0,0.23927128736258607
33,-2,1,0,0.54990390712429393
33,-1,1,0,1.0612206016651948
33,0,1,1,0.84375991465036226
33,1,1,1,1.0503757000182767
33,2,1,1,0.67113502983260498
33,3,1,1,0.98989349787663028
33,4,1,1,0.82554182281168531
33,5,1,1,0.12901368696541649
33,6,1,1,1.5014756873767663
33,7,1,1,1.0719243408661119
34,-6,0,0,-0.52934346489751793
34,-5,0,0,-0.077032836838884983
34,-4,0,0,0.092686201215397224
34,-3,0,0,-0.23643103908332519
34,-2,0,0,-0.13758857572879052
34,-1,0,0,-0.13553458219081393
34,0,0,1,-0.064825502067332147
34,1,0,1,-0.17677499264453303
34,2,0,1,-0.38054751711555029
34,3,0,1,0.15881994173675967
34,4,0,1,0.36086294991030937
34,5,0,1,0.18452299296061375
34,6,0,1,1.1545332596511702
34,7,0,1,0.029092754698677781
35,-6,1,0,3.1594533202820889
35,-5,1,0,2.0982771421466402
35,-4,1,0,2.4491843700456917
35,-3,1,0,1.963183531935127
35,-2,1,0,1.8029185185252681
35,-1,1,0,2.5063504806837007
35,0,1,1,2.5430449758308398
35,1,1,1,2.4288219664356667
35,2,1,1,2.8410706151819425
35,3,1,1,2.5482036004458473
35,4,1,1,3.1396925856589095
35,5,1,1,3.1106830929747957
35,6,1,1,3.4358433566917048
35,7,1,1,3.4870577296242744
36,-6,0,0,2.0441901522978072
36,-5,0,0,1.8306140542249736
36,-4,0,0,1.3642579501077785
36,-3,0,0,2.6450808474944671
36,-2,0,0,1.9993038434185451
36,-1,0,0,1.8266808653258166
36,0,0,1,2.476786047054004
36,1,0,1,2.1894745338541997
36,2,0,1,1.87735249541696
36,3,0,1,1.9311366140974064
36,4,0,1,2.5458480395655343
36,5,0,1,3.1252429820622591
36,6,0,1,2.6679389149758292
36,7,0,1,2.5509497200136853
37,-6,1,0,0.65974412376734515
37,-5,1,0,0.56349337794336041
37,-4,1,0,0.71018154218238849
37,-3,1,0,0.65690210750867872
37,-2,1,0,1.104329924500091
37,-1,1,0,0.50472670536693176
37,0,1,1,0.6925002212407203
37,1,1,1,1.4629933072674179
37,2,1,1,1.3963490159189123
37,3,1,1,1.41626921638577
37,4,1,1,1.8444486397635458
37,5,1,1,1.7024518649195604
37,6,1,1,1.5481919858619804
37,7,1,1,1.8831403793834651
38,-6,1,0,2.1356690721366194
38,-5,1,0,1.8317689616904604
38,-4,1,0,2.3158696067896205
38,-3,1,0,2.7730113205296143
38,-2,1,0,1.5693746595656251
38,-1,1,0,2.7843936033231849
38,0,1,1,2.7782646708085701
38,1,1,1,2.7552497387728545
38,2,1,1,2.8573416999601564
38,3,1,1,2.8598643654152265
38,4,1,1,3.2161929367637114
38,5,1,1,3.0931517799664685
38,6,1,1,3.6887915995631166
38,7,1,1,3.2151848797312184
39,-6,1,0,1.7319570656201491
39,-5,1,0,1.637290550235212
39,-4,1,0,1.5646062125676683
39,-3,1,0,1.4288289860017198
39,-2,1,0,2.0538662404136829
39,-1,1,0,1.4259099074667265
39,0,1,1,1.3929922287664589
39,1,1,1,1.6093371135216166
39,2,1,1,2.2463849001095495
39,3,1,1,2.3981833130359855
39,4,1,1,1.9567851284766022
39,5,1,1,2.6938385741238977
39,6,1,1,2.7121756896095706
39,7,1,1,2.9624182137889914
40,-6,0,0,1.7968258668430928
40,-5,0,0,1.7716845924129403
40,-4,0,0,1.8913483479710365
40,-3,0,0,1.5480406547670709
40,-2,0,0,1.770984867238091
40,-1,0,0,2.1655469261670106
40,0,0,1,2.2981121317698383
40,1,0,1,2.0369578983456087
40,2,0,1,2.1871327962561109
40,3,0,1,2.2496909914988894
40,4,0,1,3.0835622861005634
40,5,0,1,2.5691924007550235
40,6,0,1,2.6771730746603226
40,7,0,1,2.5495136589517791
41,-6,0,0,0.45657877945496372
41,-5,0,0,0.3614839293453308
41,-4,0,0,-0.24607522530657633
41,-3,0,0,1.1529624396096194
41,-2,0,0,0.79044241235279178
41,-1,0,0,1.0430389888859044
41,0,0,1,0.92276310292983732
41,1,0,1,1.0339711746514224
41,2,0,1,1.1964827061222838
41,3,0,1,1.4391414327655181
41,4,0,1,1.6626475602301587
41,5,0,1,1.349678002907712
41,6,0,1,1.5782581038817374
41,7,0,1,1.6133697365961188
42,-6,1,0,0.84734865683422733
42,-5,1,0,1.2531634576738333
42,-4,1,0,0.56930438229361857
42,-3,1,0,1.0729794030392512
42,-2,1,0,1.6927287216306737
42,-1,1,0,1.3978797014213786
42,0,1,1,1.0674258066695295
42,1,1,1,1.3733459857324679
42,2,1,1,1.5341832271604241
42,3,1,1,1.3542532217704664
42,4,1,1,1.4132564500056068
42,5,1,1,1.6194684690439862
42,6,1,1,1.7226964549307993
42,7,1,1,2.0625665372964939
43,-6,0,0,1.379978381828965
43,-5,0,0,1.0229681262574497
43,-4,0,0,1.2599202905362445
43,-3,0,0,0.63480736135043947
43,-2,0,0,1.4844697391678852
43,-1,0,0,1.0221827698442878
43,0,0,1,1.5012556869240652
43,1,0,1,1.3445929153138083
43,2,0,1,1.6548465630460454
43,3,0,1,1.9496792605596918
43,4,0,1,1.7114185294132118
43,5,0,1,1.9936536453330853
43,6,0,1,2.4903218100713751
43,7,0,1,2.0385022406554798
44,-6,1,0,0.73376102463322801
44,-5,1,0,1.109773233673081
44,-4,1,0,0.94106858374997071
44,-3,1,0,1.3211429091596609
44,-2,1,0,1.1215173108406729
44,-1,1,0,1.6295999038119668
44,0,1,1,1.8008316101795694
44,1,1,1,1.5547490611726171
44,2,1,1,2.1886809623412491
44,3,1,1,2.3820259887087203
44,4,1,1,2.1830621598390283
44,5,1,1,1.4617979620756849
44,6,1,1,1.9995884214974708
44,7,1,1,2.4898974500469704
45,-6,1,0,1.2364037623268811
45,-5,1,0,1.0860737011268387
45,-4,1,0,1.4876554674441087
45,-3,1,0,1.3569436416749454
45,-2,1,0,1.7756337561997095
45,-1,1,0,1.7208742290659367
45,0,1,1,2.1244059095063816
45,1,1,1,1.8430544051385971
45,2,1,1,2.0925726751495293
45,3,1,1,2.0145688114878633
45,4,1,1,1.8816993660610231
45,5,1,1,2.5353891979870382
45,6,1,1,2.62733481960709
45,7,1,1,2.8771250213575046
46,-6,0,0,0.34116672223922717
46,-5,0,0,0.60934398403468526
46,-4,0,0,0.42324688179910114
46,-3,0,0,0.7022207243168137
46,-2,0,0,0.5974301173528066
46,-1,0,0,0.62798754479417085
46,0,0,1,-0.11197988350506927
46,1,0,1,0.49258996822552059
46,2,0,1,0.32625404138750275
46,3,0,1,0.74416548201012267
46,4,0,1,1.0290715341386201
46,5,0,1,0.87436553259465277
46,6,0,1,1.2070585631201314
46,7,0,1,0.89692093259958416
47,-6,1,0,3.2144705164791514
47,-5,1,0,2.6790759515062508
47,-4,1,0,3.1240575946530127
47,-3,1,0,3.0846214465069455
47,-2,1,0,2.3769061905874644
47,-1,1,0,2.5508799567349345
47,0,1,1,2.8847950065584911
47,1,1,1,3.357570768516605
47,2,1,1,2.9180993574262679
47,3,1,1,3.993687384384164
47,4,1,1,3.5765345893848481
47,5,1,1,3.4903273676546291
47,6,1,1,3.8342876452492693
47,7,1,1,4.3477329118282579
48,-6,0,0,3.3063989916799592
48,-5,0,0,3.1532752024929631
48,-4,0,0,2.8521127660526835
48,-3,0,0,3.5981861206544181
48,-2,0,0,3.0814546954761539
48,-1,0,0,3.3813506711490708
48,0,0,1,2.7856874489973045
48,1,0,1,3.1563077903978383
48,2,0,1,3.1688137029887216
48,3,0,1,3.5304562035291402
48,4,0,1,3.7492858171695569
48,5,0,1,4.285070677526515
48,6,0,1,4.2913631024146532
48,7,0,1,4.2927207494557589
49,-6,0,0,1.7797105435884608
49,-5,0,0,2.838876676425556
49,-4,0,0,2.6216093588138771
49,-3,0,0,2.7794423095785481
49,-2,0,0,3.1843961897913351
49,-1,0,0,3.1306856743207709
49,0,0,1,2.597300900417598
49,1,0,1,3.4993171961131107
49,2,0,1,2.2527143758120149
49,3,0,1,2.9430065469916515
49,4,0,1,2.8358897858152461
49,5,0,1,3.3339324624252202
49,6,0,1,3.7478319410596659
49,7,0,1,3.3628640148405324
50,-6,0,0,2.8696646362594631
50,-5,0,0,2.6830841155365395
50,-4,0,0,2.1836332589159624
50,-3,0,0,2.7186403307434386
50,-2,0,0,2.9096922848805105
50,-1,0,0,3.3923361276618702
50,0,0,1,2.7881391543772942
50,1,0,1,2.7891713840287369
50,2,0,1,2.9934328700328678
50,3,0,1,3.4372549355151993
50,4,0,1,3.1503556885658295
50,5,0,1,3.7002253267374852
50,6,0,1,3.7555316066375886
50,7,0,1,3.3085690078933832
51,-6,0,0,1.3715571933099491
51,-5,0,0,0.98759971608420438
51,-4,0,0,1.3868987021715986
51,-3,0,0,1.0030193101985176
51,-2,0,0,1.4703970196649012
51,-1,0,0,1.5413013071785147
51,0,0,1,0.97818957754251123
51,1,0,1,1.0914593512545303
51,2,0,1,1.5640088542816633
51,3,0,1,1.7354421055627967
51,4,0,1,1.7272439101431893
51,5,0,1,1.7199398583746395
51,6,0,1,2.1190051099776883
51,7,0,1,2.4145596527025699
52,-6,0,0,0.92441727925210559
52,-5,0,0,0.35171742390927963
52,-4,0,0,-0.15192984831048523
52,-3,0,0,-0.049606342531591519
52,-2,0,0,0.018355162750735232
52,-1,0,0,0.61147303800944697
52,0,0,1,0.16131263582022876
52,1,0,1,0.7891775750682859
52,2,0,1,0.34320573141601285
52,3,0,1,0.96627060687555399
52,4,0,1,0.63958803960095545
52,5,0,1,0.77324780964261297
52,6,0,1,0.95234961006603858
52,7,0,1,1.8752752067116607
53,-6,0,0,2.2056604212335182
53,-5,0,0,2.3597119666049564
53,-4,0,0,2.1639297735720118
53,-3,0,0,2.7845922513449501
53,-2,0,0,2.2013004757438548
53,-1,0,0,2.5701250860585647
53,0,0,1,2.2463077506812001
53,1,0,1,2.4730459715952899
53,2,0,1,2.9719536792236361
53,3,0,1,3.5212207812895437
53,4,0,1,2.6741746203166943
53,5,0,1,3.2886346825044432
53,6,0,1,3.2042398665260832
53,7,0,1,3.4136364758182456
54,-6,0,0,4.1567518909180503
54,-5,0,0,3.7206144986527736
54,-4,0,0,3.1677881697631651
54,-3,0,0,2.8035999674820102
54,-2,0,0,3.4976709186558459
54,-1,0,0,3.4539684206971284
54,0,0,1,4.1709996507088425
54,1,0,1,3.751900298825408
54,2,0,1,3.5758530821663705
54,3,0,1,3.6278684930557739
54,4,0,1,3.285144259951986
54,5,0,1,4.5548932348986257
54,6,0,1,4.3316750482826762
54,7,0,1,4.336350313680402
55,-6,0,0,2.6396887816248293
55,-5,0,0,2.1754788404511469
55,-4,0,0,1.7415198868527755
55,-3,0,0,2.5268106211025039
55,-2,0,0,2.3811979597849997
55,-1,0,0,2.5642353265862874
55,0,0,1,2.3475534439801855
55,1,0,1,2.8196930445149126
55,2,0,1,2.9016243180294312
55,3,0,1,2.719755153921485
55,4,0,1,2.4939629829349927
55,5,0,1,3.7703256920692954
55,6,0,1,2.9624749278712663
55,7,0,1,3.6509502021275133
56,-6,0,0,4.7474725265134703
56,-5,0,0,4.1180581001703844
56,-4,0,0,4.2471830409260383
56,-3,0,0,3.9822792392152477
56,-2,0,0,4.6643913583760961
56,-1,0,0,4.2923845361740041
56,0,0,1,4.2771577738749098
56,1,0,1,4.8765174190424121
56,2,0,1,4.1631098799485766
56,3,0,1,4.8665602357058226
56,4,0,1,4.6699552113838152
56,5,0,1,4.9751802756213115
56,6,0,1,5.0847402316017067
56,7,0,1,5.4855624891441073
57,-6,1,0,3.074233777859146
57,-5,1,0,2.5306616652721696
57,-4,1,0,2.920246041497589
57,-3,1,0,2.9447175204429072
57,-2,1,0,3.3019644602574254
57,-1,1,0,2.9873335636344804
57,0,1,1,2.7514143702553051
57,1,1,1,3.2539276829916917
57,2,1,1,3.4358179670942133
57,3,1,1,3.0382932159851808
57,4,1,1,3.4669030763454347
57,5,1,1,3.8641991253700549
57,6,1,1,3.6742549363989987
57,7,1,1,3.6062327113398731
58,-6,1,0,2.1911512334271546
58,-5,1,0,2.443275363599954
58,-4,1,0,2.2279970813375649
58,-3,1,0,2.7863035704218424
58,-2,1,0,2.9140555714674274
58,-1,1,0,2.283095528644556
58,0,1,1,2.946511829298454
58,1,1,1,2.6220587903100019
58,2,1,1,2.4524889274153927
58,3,1,1,2.8385128574472986
58,4,1,1,2.8375528661553369
58,5,1,1,3.3965796150353098
58,6,1,1,3.3884075002060272
58,7,1,1,3.3726525459629482
59,-6,0,0,1.8358480168639528
59,-5,0,0,1.9061995334772166
59,-4,0,0,2.6540645596890271
59,-3,0,0,2.1606465335810889
59,-2,0,0,2.0467583053197669
59,-1,0,0,2.2260076725993088
59,0,0,1,2.2209185192986447
59,1,0,1,2.307801105067103
59,2,0,1,2.5452934329720303
59,3,0,1,2.3966224437690036
59,4,0,1,2.7180557001618775
59,5,0,1,2.4926679296187482
59,6,0,1,2.9743963214771574
59,7,0,1,3.1486821890330647
60,-6,1,0,0.79386098659215287
60,-5,1,0,1.6291594488028978
60,-4,1,0,1.6172788011038299
60,-3,1,0,2.1554091106540647
60,-2,1,0,1.7579817313204771
60,-1,1,0,1.6052044578591018
60,0,1,1,1.7376010363476004
60,1,1,1,2.0646249142280659
60,2,1,1,2.5715465683312795
60,3,1,1,2.1735945041340639
60,4,1,1,2.8788013882983394
60,5,1,1,2.2333227752075921
60,6,1,1,1.8818976239953842
60,7,1,1,2.9082269021552909
61,-6,1,0,0.72514074533143313
61,-5,1,0,0.77627878315801024
61,-4,1,0,0.46799699937608763
61,-3,1,0,0.84262692091231772
61,-2,1,0,0.5884351331986436
61,-1,1,0,0.89125443006891714
61,0,1,1,0.72129539999412939
61,1,1,1,1.4434167081593405
61,2,1,1,1.8996019451710884
61,3,1,1,0.69261198678508984
61,4,1,1,1.1916285871156533
61,5,1,1,2.0683131673219743
61,6,1,1,1.5115471396649118
61,7,1,1,1.2847327515391607
62,-6,0,0,3.1467733242069338
62,-5,0,0,2.7864088512197669
62,-4,0,0,2.6695549880108191
62,-3,0,0,2.9373782368152672
62,-2,0,0,2.8996891691195286
62,-1,0,0,2.5238952384816957
62,0,0,1,2.6307566517061938
62,1,0,1,3.0505134576002026
62,2,0,1,3.347340525798788
62,3,0,1,3.0757963172079048
62,4,0,1,2.9118525639225821
62,5,0,1,3.0300236470619262
62,6,0,1,3.7823879414870949
62,7,0,1,3.430676339762762
63,-6,1,0,1.4795390338836214
63,-5,1,0,1.3157461572057725
63,-4,1,0,1.3566836658738819
63,-3,1,0,1.6112488013137998
63,-2,1,0,1.5682305239157825
63,-1,1,0,1.2712387553173139
63,0,1,1,1.3369077664313178
63,1,1,1,2.4448433789805448
63,2,1,1,2.1684617981909846
63,3,1,1,2.0476234641169611
63,4,1,1,2.0286447427118102
63,5,1,1,2.5963149051891663
63,6,1,1,2.3695321557337636
63,7,1,1,2.3436899780969904
64,-6,0,0,3.187788319813186
64,-5,0,0,2.3673240238594646
64,-4,0,0,2.8865720016494976
64,-3,0,0,2.4943025694554173
64,-2,0,0,2.4841871800928432
64,-1,0,0,2.4270527942653226
64,0,0,1,3.52568584530025
64,1,0,1,2.5727206972700265
64,2,0,1,2.6853997737699311
64,3,0,1,2.8839899840490837
64,4,0,1,3.5752817832777053
64,5,0,1,3.360151853876562
64,6,0,1,3.0843753879732754
64,7,0,1,3.874419330945496
65,-6,1,0,2.3060358483103824
65,-5,1,0,2.555788284248881
65,-4,1,0,2.8137074256796404
65,-3,1,0,2.829646291848114
65,-2,1,0,2.5580438771923162
65,-1,1,0,2.3582811725714974
65,0,1,1,2.5626210059211467
65,1,1,1,2.8193601680981319
65,2,1,1,3.1185584562670252
65,3,1,1,2.8371286189145817
65,4,1,1,3.5811551795160841
65,5,1,1,3.0260210052058811
65,6,1,1,3.9450626002607572
65,7,1,1,3.3923072405163288
66,-6,1,0,2.9291686212226025
66,-5,1,0,2.2357198917193943
66,-4,1,0,2.6917279901595772
66,-3,1,0,2.5778740004252003
66,-2,1,0,2.7931667722912419
66,-1,1,0,1.8917709188314302
66,0,1,1,3.2680544463012722
66,1,1,1,3.3750420201803597
66,2,1,1,2.888453038831035
66,3,1,1,2.932334697837315
66,4,1,1,3.2415196220843328
66,5,1,1,3.2730090890551939
66,6,1,1,3.8277709484032494
66,7,1,1,3.7353214098212848
67,-6,1,0,2.6044129538609084
67,-5,1,0,1.7764504937785237
67,-4,1,0,1.741262526267553
67,-3,1,0,1.4319069862316183
67,-2,1,0,1.9555479171047072
67,-1,1,0,1.6114770354353727
67,0,1,1,1.943669576593319
67,1,1,1,2.0801525432601995
67,2,1,1,2.3405664334462619
67,3,1,1,3.0239693897938777
67,4,1,1,2.3730050503010323
67,5,1,1,2.5988135834080288
67,6,1,1,2.7940337645716347
67,7,1,1,2.7654329754116658
68,-6,1,0,3.1200703814872797
68,-5,1,0,3.087447522945117
68,-4,1,0,3.1114352791558013
68,-3,1,0,3.227774398069029
68,-2,1,0,3.3865924939890806
68,-1,1,0,3.1778708085566536
68,0,1,1,3.0983171282442417
68,1,1,1,3.1595774373149617
68,2,1,1,3.699834374412458
68,3,1,1,3.5373000570676982
68,4,1,1,3.7133613479817944
68,5,1,1,4.1862270169864537
68,6,1,1,4.123957884260629
68,7,1,1,4.5442964544697677
69,-6,1,0,2.9160471195447726
69,-5,1,0,2.9468578626475415
69,-4,1,0,2.1788272755302738
69,-3,1,0,2.6175701022596729
69,-2,1,0,2.9478002278216811
69,-1,1,0,3.4659061568921552
69,0,1,1,3.2124051400777001
69,1,1,1,2.7697894363471418
69,2,1,1,3.1335013283250994
69,3,1,1,3.6203344655275007
69,4,1,1,4.1824987258967923
69,5,1,1,3.5520495543032609
69,6,1,1,4.4177514179773896
69,7,1,1,3.5264132638473127
70,-6,0,0,2.2290529963144037
70,-5,0,0,2.113632589564427
70,-4,0,0,2.031234615434351
70,-3,0,0,2.4082297120586209
70,-2,0,0,2.892649818536519
70,-1,0,0,2.1467199872830611
70,0,0,1,2.8561348787779846
70,1,0,1,2.516216632730651
70,2,0,1,2.3916249811253056
70,3,0,1,3.0704732174066049
70,4,0,1,2.9443318774235658
70,5,0,1,2.5938065547874531
70,6,0,1,2.8469365227861725
70,7,0,1,3.5062335729271039
