response,shock,horizon,median,lo68,hi68,lo90,hi90
activity,monetary,0,-0,-0.00022,0.00022,-0.0004,0.0004
activity,monetary,3,-0.00143887744626,-0.00179397352836,-0.00108378136417,-0.00208450668644,-0.000793248206089
activity,monetary,6,-0.00254109604545,-0.00301054849214,-0.00207164359875,-0.00339464594853,-0.00168754614237
activity,monetary,9,-0.00337531129187,-0.00394156431132,-0.00280905827241,-0.00440486223632,-0.00234576034741
activity,monetary,12,-0.00399208112854,-0.0046402740638,-0.00334388819329,-0.00517061373809,-0.002813548519
activity,monetary,15,-0.00443023161501,-0.00514778519152,-0.00371267803849,-0.00573487448139,-0.00312558874862
activity,monetary,18,-0.00472107928134,-0.00549734537311,-0.00394481318958,-0.00613247217547,-0.00330968638722
activity,monetary,21,-0.00489114011318,-0.00571710527614,-0.00406517495023,-0.00639289495492,-0.00338938527145
activity,monetary,24,-0.00496378282804,-0.00583181734649,-0.00409574830958,-0.00654202740705,-0.00338553824902
activity,monetary,27,-0.00496015474333,-0.0058638002024,-0.00405650928426,-0.00660314648709,-0.00331716299957
activity,monetary,30,-0.0048996148984,-0.0058334043679,-0.0039658254289,-0.00659741393386,-0.00320181586294
activity,monetary,33,-0.00479984345418,-0.00575914927763,-0.00384053763073,-0.00654403586045,-0.00305565104791
activity,monetary,36,-0.0046767514303,-0.00565765638105,-0.00369584647955,-0.00646021497712,-0.00289328788348
activity,monetary,39,-0.00454428418635,-0.00554347240364,-0.00354509596907,-0.00636099003597,-0.00272757833674
activity,monetary,42,-0.00441419058312,-0.0054288552514,-0.00339952591484,-0.00625903543454,-0.00256934573171
activity,monetary,45,-0.00429581363435,-0.00532357883556,-0.00326804843314,-0.00616447763656,-0.00242714963215
activity,monetary,48,-0.00419594505564,-0.00523479961856,-0.00315709049272,-0.00608477153368,-0.0023071185776
activity,monetary,51,-0.00411877385127,-0.00516701535622,-0.00307053234631,-0.00602466749664,-0.0022128802059
activity,monetary,54,-0.00406594720219,-0.00512213458202,-0.00300975982235,-0.0059862878928,-0.00214560651158
activity,monetary,57,-0.00403675029293,-0.00509966371064,-0.00297383687522,-0.00596932014332,-0.00210418044254
activity,monetary,60,-0.00402840061253,-0.00509700749838,-0.00295979372667,-0.00597132222317,-0.00208547900188
activity,household,0,-0,-0.00022,0.00022,-0.0004,0.0004
activity,household,3,-0.000239812907711,-0.000594908989807,0.000115283174386,-0.000885442147886,0.000405816332464
activity,household,6,-0.000423516007575,-0.00089296845427,4.59364391201e-05,-0.00127706591066,0.000430033895507
activity,household,9,-0.000562551881978,-0.00112880490143,3.70113747537e-06,-0.00159210282644,0.000466999062482
activity,household,12,-0.000665346854757,-0.00131353979001,-1.71539195062e-05,-0.00184387946431,0.00051318575479
activity,household,15,-0.000738371935834,-0.00145592551235,-2.08183593204e-05,-0.00204301480222,0.000566270930554
activity,household,18,-0.000786846546891,-0.00156311263866,-1.05804551216e-05,-0.00219823944102,0.000624546347235
activity,household,21,-0.000815190018864,-0.00164115518182,1.07751440915e-05,-0.0023169448606,0.000686564822873
activity,household,24,-0.000827297138006,-0.00169533165646,4.07373804521e-05,-0.00240554171702,0.000750947441009
activity,household,27,-0.000826692457222,-0.00173033791629,7.69530018475e-05,-0.00246968420098,0.000816299286541
activity,household,30,-0.000816602483066,-0.00175039195257,0.000117186986436,-0.00251440151853,0.000881196552393
activity,household,33,-0.00079997390903,-0.00175927973248,0.00015933191442,-0.0025441663153,0.000944218497242
activity,household,36,-0.000779458571717,-0.00176036352247,0.000201446379035,-0.00256292211854,0.0010040049751
activity,household,39,-0.000757380697726,-0.00175656891501,0.000241807519561,-0.00257408654734,0.00105932515189
activity,household,42,-0.000735698430521,-0.0017503630988,0.000278966237759,-0.00258054328194,0.0011091464209
activity,household,45,-0.000715968939059,-0.00174373414027,0.000311796262152,-0.00258463294126,0.00115269506314
activity,household,48,-0.00069932417594,-0.00173817873886,0.000339530386984,-0.00258815065398,0.0011895023021
activity,household,51,-0.000686462308545,-0.0017347038135,0.00036177919641,-0.00259235595392,0.00121943133683
activity,household,54,-0.000677657867031,-0.00173384524687,0.000378529512805,-0.00259799855764,0.00124268282358
activity,household,57,-0.000672791715488,-0.0017357051332,0.000390121702224,-0.00260536156587,0.0012597781349
activity,household,60,-0.000671400102088,-0.00174000698794,0.000397206783766,-0.00261432171273,0.00127152150856
activity,firm,0,-0,-0.00022,0.00022,-0.0004,0.0004
activity,firm,3,-0.000359719361566,-0.000714815443662,-4.62327946984e-06,-0.00100534860174,0.000285909878609
activity,firm,6,-0.000635274011362,-0.00110472645806,-0.000165821564667,-0.00148882391444,0.000218275891719
activity,firm,9,-0.000843827822966,-0.00141008084242,-0.000277574803513,-0.00187337876743,0.000185723121494
activity,firm,12,-0.000998020282136,-0.00164621321739,-0.000349827346885,-0.00217655289168,0.000180512327412
activity,firm,15,-0.00110755790375,-0.00182511148027,-0.000390004327237,-0.00241220077014,0.000197084962637
activity,firm,18,-0.00118026982034,-0.00195653591211,-0.000404003728567,-0.00259166271446,0.00023112307379
activity,firm,21,-0.0012227850283,-0.00204875019125,-0.00039681986534,-0.00272453987003,0.000278969813441
activity,firm,24,-0.00124094570701,-0.00210898022547,-0.000372911188551,-0.00281919028602,0.000337298872006
activity,firm,27,-0.00124003868583,-0.0021436841449,-0.000336393226763,-0.0028830304296,0.00040295305793
activity,firm,30,-0.0012249037246,-0.0021586931941,-0.000291114255097,-0.00292270276006,0.00047289531086
activity,firm,33,-0.00119996086355,-0.00215926668699,-0.000240655040095,-0.00294415326982,0.000544231542727
activity,firm,36,-0.00116918785758,-0.00215009280833,-0.000188282906823,-0.0029526514044,0.000614275689246
activity,firm,39,-0.00113607104659,-0.00213525926387,-0.000136882829302,-0.0029527768962,0.000680634803023
activity,firm,42,-0.00110354764578,-0.00211821231406,-8.88829775017e-05,-0.0029483924972,0.000741297205636
activity,firm,45,-0.00107395340859,-0.0021017186098,-4.61882073775e-05,-0.00294261741079,0.000794710593613
activity,firm,48,-0.00104898626391,-0.00208784082683,-1.01317009863e-05,-0.00293781274195,0.000839840214133
activity,firm,51,-0.00102969346282,-0.00207793496777,1.85480421378e-05,-0.00293558710819,0.000876200182555
activity,firm,54,-0.00101648680055,-0.00207267418038,3.97005792891e-05,-0.00293682749116,0.000903853890064
activity,firm,57,-0.00100918757323,-0.00207210099094,5.37258444794e-05,-0.00294175742362,0.000923382277153
activity,firm,60,-0.00100710015313,-0.00207570703899,6.15067327222e-05,-0.00295002176378,0.000935821457512
activity,stress_a,0,-0,-0.00022,0.00022,-0.0004,0.0004
activity,stress_a,3,-0.000959251630843,-0.00131434771294,-0.000604155548747,-0.00160488087102,-0.000313622390668
activity,stress_a,6,-0.0016940640303,-0.00216351647699,-0.0012246115836,-0.00254761393338,-0.000840514127218
activity,stress_a,9,-0.00225020752791,-0.00281646054736,-0.00168395450846,-0.00327975847237,-0.00122065658345
activity,stress_a,12,-0.00266138741903,-0.00330958035428,-0.00201319448378,-0.00383992002858,-0.00148285480948
activity,stress_a,15,-0.00295348774334,-0.00367104131985,-0.00223593416682,-0.00425813060973,-0.00164884487695
activity,stress_a,18,-0.00314738618756,-0.00392365227933,-0.00237112009579,-0.00455877908169,-0.00173599329344
activity,stress_a,21,-0.00326076007545,-0.00408672523841,-0.0024347949125,-0.00476251491719,-0.00175900523372
activity,stress_a,24,-0.00330918855202,-0.00417722307048,-0.00244115403357,-0.00488743313104,-0.00173094397301
activity,stress_a,27,-0.00330676982889,-0.00421041528796,-0.00240312436982,-0.00494976157265,-0.00166377808513
activity,stress_a,30,-0.00326640993227,-0.00420019940177,-0.00233262046276,-0.00496420896773,-0.00156861089681
activity,stress_a,33,-0.00319989563612,-0.00415920145957,-0.00224058981267,-0.00494408804239,-0.00145570322985
activity,stress_a,36,-0.00311783428687,-0.00409873923762,-0.00213692933611,-0.00490129783369,-0.00133437074005
activity,stress_a,39,-0.0030295227909,-0.00402871100819,-0.00203033457362,-0.00484622864051,-0.00121281694129
activity,stress_a,42,-0.00294279372208,-0.00395745839036,-0.0019281290538,-0.0047876385735,-0.00109794887067
activity,stress_a,45,-0.00286387575624,-0.00389164095745,-0.00183611055502,-0.00473253975844,-0.000995211754034
activity,stress_a,48,-0.00279729670376,-0.00383615126668,-0.00175844214084,-0.0046861231818,-0.000908470225717
activity,stress_a,51,-0.00274584923418,-0.00379409073913,-0.00169760772922,-0.00465174287955,-0.000839955588806
activity,stress_a,54,-0.00271063146813,-0.00376681884796,-0.00165444408829,-0.00463097215874,-0.000790290777514
activity,stress_a,57,-0.00269116686195,-0.00375408027967,-0.00162825344424,-0.00462373671234,-0.000758597011568
activity,stress_a,60,-0.00268560040835,-0.00375420729421,-0.0016169935225,-0.004628522019,-0.000742678797708
activity,stress_b,0,-0,-0.00022,0.00022,-0.0004,0.0004
activity,stress_b,3,-0.000479625815421,-0.000834721897518,-0.000124529733325,-0.0011252550556,0.000166003424754
activity,stress_b,6,-0.00084703201515,-0.00131648446184,-0.000377579568455,-0.00170058191823,6.51788793202e-06
activity,stress_b,9,-0.00112510376396,-0.00169135678341,-0.000558850744502,-0.00215465470841,-9.55528194952e-05
activity,stress_b,12,-0.00133069370951,-0.00197888664477,-0.000682500774264,-0.00250922631906,-0.000152161099967
activity,stress_b,15,-0.00147674387167,-0.00219429744818,-0.000759190295155,-0.00278138673806,-0.00017210100528
activity,stress_b,18,-0.00157369309378,-0.00234995918555,-0.000797427002012,-0.00298508598791,-0.000162300199656
activity,stress_b,21,-0.00163038003773,-0.00245634520068,-0.000804414874772,-0.00313213487946,-0.000128625195991
activity,stress_b,24,-0.00165459427601,-0.00252262879447,-0.000786559757554,-0.00323283885503,-7.63496969972e-05
activity,stress_b,27,-0.00165338491444,-0.00255703037351,-0.000749739455374,-0.00329637665821,-1.03931706813e-05
activity,stress_b,30,-0.00163320496613,-0.00256699443564,-0.00069941549663,-0.00333100400159,6.45940693269e-05
activity,stress_b,33,-0.00159994781806,-0.00255925364151,-0.00064064199461,-0.00334414022433,0.000144244588212
activity,stress_b,36,-0.00155891714343,-0.00253982209419,-0.000578012192682,-0.00334238069025,0.000224546403388
activity,stress_b,39,-0.00151476139545,-0.00251394961274,-0.000515573178165,-0.00333146724506,0.000301944454161
activity,stress_b,42,-0.00147139686104,-0.00248606152932,-0.000456732192762,-0.00331624171246,0.000373447990376
activity,stress_b,45,-0.00143193787812,-0.00245970307933,-0.000404172676907,-0.00330060188032,0.000436726124084
activity,stress_b,48,-0.00139864835188,-0.0024375029148,-0.000359793788956,-0.00328747482992,0.000490178126163
activity,stress_b,51,-0.00137292461709,-0.00242116612204,-0.000324683112135,-0.00327881826246,0.000532969028283
activity,stress_b,54,-0.00135531573406,-0.0024115031139,-0.000299128354227,-0.00327565642467,0.000565024956549
activity,stress_b,57,-0.00134558343098,-0.00240849684869,-0.000282670013265,-0.00327815328136,0.000586986419409
activity,stress_b,60,-0.00134280020418,-0.00241140709003,-0.000274193318322,-0.00328572181482,0.000600121406468
prices,monetary,0,-0,-0.00022,0.00022,-0.0004,0.0004
prices,monetary,3,-0.000959251630843,-0.00131434771294,-0.000604155548747,-0.00160488087102,-0.000313622390668
prices,monetary,6,-0.0016940640303,-0.00216351647699,-0.0012246115836,-0.00254761393338,-0.000840514127218
prices,monetary,9,-0.00225020752791,-0.00281646054736,-0.00168395450846,-0.00327975847237,-0.00122065658345
prices,monetary,12,-0.00266138741903,-0.00330958035428,-0.00201319448378,-0.00383992002858,-0.00148285480948
prices,monetary,15,-0.00295348774334,-0.00367104131985,-0.00223593416682,-0.00425813060973,-0.00164884487695
prices,monetary,18,-0.00314738618756,-0.00392365227933,-0.00237112009579,-0.00455877908169,-0.00173599329344
prices,monetary,21,-0.00326076007545,-0.00408672523841,-0.0024347949125,-0.00476251491719,-0.00175900523372
prices,monetary,24,-0.00330918855202,-0.00417722307048,-0.00244115403357,-0.00488743313104,-0.00173094397301
prices,monetary,27,-0.00330676982889,-0.00421041528796,-0.00240312436982,-0.00494976157265,-0.00166377808513
prices,monetary,30,-0.00326640993227,-0.00420019940177,-0.00233262046276,-0.00496420896773,-0.00156861089681
prices,monetary,33,-0.00319989563612,-0.00415920145957,-0.00224058981267,-0.00494408804239,-0.00145570322985
prices,monetary,36,-0.00311783428687,-0.00409873923762,-0.00213692933611,-0.00490129783369,-0.00133437074005
prices,monetary,39,-0.0030295227909,-0.00402871100819,-0.00203033457362,-0.00484622864051,-0.00121281694129
prices,monetary,42,-0.00294279372208,-0.00395745839036,-0.0019281290538,-0.0047876385735,-0.00109794887067
prices,monetary,45,-0.00286387575624,-0.00389164095745,-0.00183611055502,-0.00473253975844,-0.000995211754034
prices,monetary,48,-0.00279729670376,-0.00383615126668,-0.00175844214084,-0.0046861231818,-0.000908470225717
prices,monetary,51,-0.00274584923418,-0.00379409073913,-0.00169760772922,-0.00465174287955,-0.000839955588806
prices,monetary,54,-0.00271063146813,-0.00376681884796,-0.00165444408829,-0.00463097215874,-0.000790290777514
prices,monetary,57,-0.00269116686195,-0.00375408027967,-0.00162825344424,-0.00462373671234,-0.000758597011568
prices,monetary,60,-0.00268560040835,-0.00375420729421,-0.0016169935225,-0.004628522019,-0.000742678797708
prices,household,0,0,-0.00022,0.00022,-0.0004,0.0004
prices,household,3,0.000959251630843,0.000604155548747,0.00131434771294,0.000313622390668,0.00160488087102
prices,household,6,0.0016940640303,0.0012246115836,0.00216351647699,0.000840514127218,0.00254761393338
prices,household,9,0.00225020752791,0.00168395450846,0.00281646054736,0.00122065658345,0.00327975847237
prices,household,12,0.00266138741903,0.00201319448378,0.00330958035428,0.00148285480948,0.00383992002858
prices,household,15,0.00295348774334,0.00223593416682,0.00367104131985,0.00164884487695,0.00425813060973
prices,household,18,0.00314738618756,0.00237112009579,0.00392365227933,0.00173599329344,0.00455877908169
prices,household,21,0.00326076007545,0.0024347949125,0.00408672523841,0.00175900523372,0.00476251491719
prices,household,24,0.00330918855202,0.00244115403357,0.00417722307048,0.00173094397301,0.00488743313104
prices,household,27,0.00330676982889,0.00240312436982,0.00421041528796,0.00166377808513,0.00494976157265
prices,household,30,0.00326640993227,0.00233262046276,0.00420019940177,0.00156861089681,0.00496420896773
prices,household,33,0.00319989563612,0.00224058981267,0.00415920145957,0.00145570322985,0.00494408804239
prices,household,36,0.00311783428687,0.00213692933611,0.00409873923762,0.00133437074005,0.00490129783369
prices,household,39,0.0030295227909,0.00203033457362,0.00402871100819,0.00121281694129,0.00484622864051
prices,household,42,0.00294279372208,0.0019281290538,0.00395745839036,0.00109794887067,0.0047876385735
prices,household,45,0.00286387575624,0.00183611055502,0.00389164095745,0.000995211754034,0.00473253975844
prices,household,48,0.00279729670376,0.00175844214084,0.00383615126668,0.000908470225717,0.0046861231818
prices,household,51,0.00274584923418,0.00169760772922,0.00379409073913,0.000839955588806,0.00465174287955
prices,household,54,0.00271063146813,0.00165444408829,0.00376681884796,0.000790290777514,0.00463097215874
prices,household,57,0.00269116686195,0.00162825344424,0.00375408027967,0.000758597011568,0.00462373671234
prices,household,60,0.00268560040835,0.0016169935225,0.00375420729421,0.000742678797708,0.004628522019
prices,firm,0,0,-0.00022,0.00022,-0.0004,0.0004
prices,firm,3,0.000479625815421,0.000124529733325,0.000834721897518,-0.000166003424754,0.0011252550556
prices,firm,6,0.00084703201515,0.000377579568455,0.00131648446184,-6.51788793202e-06,0.00170058191823
prices,firm,9,0.00112510376396,0.000558850744502,0.00169135678341,9.55528194952e-05,0.00215465470841
prices,firm,12,0.00133069370951,0.000682500774264,0.00197888664477,0.000152161099967,0.00250922631906
prices,firm,15,0.00147674387167,0.000759190295155,0.00219429744818,0.00017210100528,0.00278138673806
prices,firm,18,0.00157369309378,0.000797427002012,0.00234995918555,0.000162300199656,0.00298508598791
prices,firm,21,0.00163038003773,0.000804414874772,0.00245634520068,0.000128625195991,0.00313213487946
prices,firm,24,0.00165459427601,0.000786559757554,0.00252262879447,7.63496969972e-05,0.00323283885503
prices,firm,27,0.00165338491444,0.000749739455374,0.00255703037351,1.03931706813e-05,0.00329637665821
prices,firm,30,0.00163320496613,0.00069941549663,0.00256699443564,-6.45940693269e-05,0.00333100400159
prices,firm,33,0.00159994781806,0.00064064199461,0.00255925364151,-0.000144244588212,0.00334414022433
prices,firm,36,0.00155891714343,0.000578012192682,0.00253982209419,-0.000224546403388,0.00334238069025
prices,firm,39,0.00151476139545,0.000515573178165,0.00251394961274,-0.000301944454161,0.00333146724506
prices,firm,42,0.00147139686104,0.000456732192762,0.00248606152932,-0.000373447990376,0.00331624171246
prices,firm,45,0.00143193787812,0.000404172676907,0.00245970307933,-0.000436726124084,0.00330060188032
prices,firm,48,0.00139864835188,0.000359793788956,0.0024375029148,-0.000490178126163,0.00328747482992
prices,firm,51,0.00137292461709,0.000324683112135,0.00242116612204,-0.000532969028283,0.00327881826246
prices,firm,54,0.00135531573406,0.000299128354227,0.0024115031139,-0.000565024956549,0.00327565642467
prices,firm,57,0.00134558343098,0.000282670013265,0.00240849684869,-0.000586986419409,0.00327815328136
prices,firm,60,0.00134280020418,0.000274193318322,0.00241140709003,-0.000600121406468,0.00328572181482
prices,stress_a,0,-0,-0.00022,0.00022,-0.0004,0.0004
prices,stress_a,3,-0.000479625815421,-0.000834721897518,-0.000124529733325,-0.0011252550556,0.000166003424754
prices,stress_a,6,-0.00084703201515,-0.00131648446184,-0.000377579568455,-0.00170058191823,6.51788793202e-06
prices,stress_a,9,-0.00112510376396,-0.00169135678341,-0.000558850744502,-0.00215465470841,-9.55528194952e-05
prices,stress_a,12,-0.00133069370951,-0.00197888664477,-0.000682500774264,-0.00250922631906,-0.000152161099967
prices,stress_a,15,-0.00147674387167,-0.00219429744818,-0.000759190295155,-0.00278138673806,-0.00017210100528
prices,stress_a,18,-0.00157369309378,-0.00234995918555,-0.000797427002012,-0.00298508598791,-0.000162300199656
prices,stress_a,21,-0.00163038003773,-0.00245634520068,-0.000804414874772,-0.00313213487946,-0.000128625195991
prices,stress_a,24,-0.00165459427601,-0.00252262879447,-0.000786559757554,-0.00323283885503,-7.63496969972e-05
prices,stress_a,27,-0.00165338491444,-0.00255703037351,-0.000749739455374,-0.00329637665821,-1.03931706813e-05
prices,stress_a,30,-0.00163320496613,-0.00256699443564,-0.00069941549663,-0.00333100400159,6.45940693269e-05
prices,stress_a,33,-0.00159994781806,-0.00255925364151,-0.00064064199461,-0.00334414022433,0.000144244588212
prices,stress_a,36,-0.00155891714343,-0.00253982209419,-0.000578012192682,-0.00334238069025,0.000224546403388
prices,stress_a,39,-0.00151476139545,-0.00251394961274,-0.000515573178165,-0.00333146724506,0.000301944454161
prices,stress_a,42,-0.00147139686104,-0.00248606152932,-0.000456732192762,-0.00331624171246,0.000373447990376
prices,stress_a,45,-0.00143193787812,-0.00245970307933,-0.000404172676907,-0.00330060188032,0.000436726124084
prices,stress_a,48,-0.00139864835188,-0.0024375029148,-0.000359793788956,-0.00328747482992,0.000490178126163
prices,stress_a,51,-0.00137292461709,-0.00242116612204,-0.000324683112135,-0.00327881826246,0.000532969028283
prices,stress_a,54,-0.00135531573406,-0.0024115031139,-0.000299128354227,-0.00327565642467,0.000565024956549
prices,stress_a,57,-0.00134558343098,-0.00240849684869,-0.000282670013265,-0.00327815328136,0.000586986419409
prices,stress_a,60,-0.00134280020418,-0.00241140709003,-0.000274193318322,-0.00328572181482,0.000600121406468
prices,stress_b,0,-0,-0.00022,0.00022,-0.0004,0.0004
prices,stress_b,3,-0.000599532269277,-0.000954628351373,-0.000244436187181,-0.00124516150945,4.60969708982e-05
prices,stress_b,6,-0.00105879001894,-0.00152824246563,-0.000589337572242,-0.00191233992202,-0.000205240115855
prices,stress_b,9,-0.00140637970494,-0.0019726327244,-0.000840126685491,-0.0024359306494,-0.000376828760484
prices,stress_b,12,-0.00166336713689,-0.00231156007215,-0.00101517420164,-0.00284189974644,-0.000484834527346
prices,stress_b,15,-0.00184592983959,-0.0025634834161,-0.00112837626307,-0.00315057270597,-0.000541286973197
prices,stress_b,18,-0.00196711636723,-0.002743382459,-0.00119085027546,-0.00337850926135,-0.000555723473101
prices,stress_b,21,-0.00203797504716,-0.00286394021011,-0.0012120098842,-0.0035397298889,-0.000536220205422
prices,stress_b,24,-0.00206824284502,-0.00293627736347,-0.00120020832656,-0.00364648742403,-0.000489998266
prices,stress_b,27,-0.00206673114305,-0.00297037660212,-0.00116308568399,-0.00370972288682,-0.000423739399292
prices,stress_b,30,-0.00204150620767,-0.00297529567717,-0.00110771673816,-0.00373930524313,-0.000343707172206
prices,stress_b,33,-0.00199993477258,-0.00295924059603,-0.00104062894913,-0.00374412717885,-0.000255742366303
prices,stress_b,36,-0.00194864642929,-0.00292955138004,-0.00096774147854,-0.00373210997611,-0.00016518288247
prices,stress_b,39,-0.00189345174431,-0.0028926399616,-0.000894263527027,-0.00371015759393,-7.67458947022e-05
prices,stress_b,42,-0.0018392460763,-0.00285391074458,-0.000824581408022,-0.00368409092772,5.59877511533e-06
prices,stress_b,45,-0.00178992234765,-0.00281768754886,-0.000762157146436,-0.00365858634985,7.87416545543e-05
prices,stress_b,48,-0.00174831043985,-0.00278716500277,-0.000709455876926,-0.00363713691789,0.000140516038193
prices,stress_b,51,-0.00171615577136,-0.00276439727632,-0.000667914266407,-0.00362204941673,0.000189737874011
prices,stress_b,54,-0.00169414466758,-0.00275033204741,-0.000637957287742,-0.00361448535819,0.000226196023033
prices,stress_b,57,-0.00168197928872,-0.00274489270643,-0.000619065871009,-0.00361454913911,0.000250590561664
prices,stress_b,60,-0.00167850025522,-0.00274710714107,-0.000609893369366,-0.00362142186586,0.000264421355424
rate,monetary,0,0,-0.000121,0.000121,-0.00022,0.00022
rate,monetary,3,0.000959251630843,0.00076394878569,0.001154554476,0.000604155548747,0.00131434771294
rate,monetary,6,0.0016940640303,0.00143586518462,0.00195226287598,0.0012246115836,0.00216351647699
rate,monetary,9,0.00225020752791,0.00193876836721,0.00256164668861,0.00168395450846,0.00281646054736
rate,monetary,12,0.00266138741903,0.00230488130464,0.00301789353342,0.00201319448378,0.00330958035428
rate,monetary,15,0.00295348774334,0.00255883327625,0.00334814221042,0.00223593416682,0.00367104131985
rate,monetary,18,0.00314738618756,0.00272043983709,0.00357433253804,0.00237112009579,0.00392365227933
rate,monetary,21,0.00326076007545,0.00280647923583,0.00371504091508,0.0024347949125,0.00408672523841
rate,monetary,24,0.00330918855202,0.00283176956687,0.00378660753718,0.00244115403357,0.00417722307048
rate,monetary,27,0.00330676982889,0.0028097648264,0.00380377483138,0.00240312436982,0.00421041528796
rate,monetary,30,0.00326640993227,0.00275282572404,0.00377999414049,0.00233262046276,0.00420019940177
rate,monetary,33,0.00319989563612,0.00267227743322,0.00372751383902,0.00224058981267,0.00415920145957
rate,monetary,36,0.00311783428687,0.00257833656395,0.00365733200978,0.00213692933611,0.00409873923762
rate,monetary,39,0.0030295227909,0.00247996927139,0.00357907631041,0.00203033457362,0.00402871100819
rate,monetary,42,0.00294279372208,0.00238472815453,0.00350085928964,0.0019281290538,0.00395745839036
rate,monetary,45,0.00286387575624,0.00229860489557,0.0034291466169,0.00183611055502,0.00389164095745
rate,monetary,48,0.00279729670376,0.00222592669415,0.00336866671337,0.00175844214084,0.00383615126668
rate,monetary,51,0.00274584923418,0.00216931640645,0.0033223820619,0.00169760772922,0.00379409073913
rate,monetary,54,0.00271063146813,0.00212972840922,0.00329153452704,0.00165444408829,0.00376681884796
rate,monetary,57,0.00269116686195,0.00210656448221,0.00327576924169,0.00162825344424,0.00375408027967
rate,monetary,60,0.00268560040835,0.00209786662113,0.00327333419557,0.0016169935225,0.00375420729421
rate,household,0,0,-0.000121,0.000121,-0.00022,0.00022
rate,household,3,0.000143887744626,-5.14151005265e-05,0.000339190589779,-0.00021120833747,0.000498983826723
rate,household,6,0.000254109604545,-4.08924113731e-06,0.000512308450227,-0.00021534284215,0.00072356205124
rate,household,9,0.000337531129187,2.60919684874e-05,0.000648970289886,-0.000228721890266,0.000903784148639
rate,household,12,0.000399208112854,4.27019984663e-05,0.000755714227243,-0.000248984822397,0.00104740104811
rate,household,15,0.000443023161501,4.83686944179e-05,0.000837677628583,-0.000274530415013,0.00116057673801
rate,household,18,0.000472107928134,4.51615776614e-05,0.000899054278607,-0.000304158163635,0.0012483740199
rate,household,21,0.000489114011318,3.48331716929e-05,0.000943394850944,-0.000336851151637,0.00131507917427
rate,household,24,0.000496378282804,1.89592976516e-05,0.000973797267956,-0.000371656235655,0.00136441280126
rate,household,27,0.000496015474333,-9.89528155026e-07,0.000993020476821,-0.000407629984736,0.0013996609334
rate,household,30,0.00048996148984,-2.36227183867e-05,0.00100354569807,-0.000443827979663,0.00142375095934
rate,household,33,0.000479984345418,-4.76338574794e-05,0.00100760254832,-0.000479321478032,0.00143929016887
rate,household,36,0.00046767514303,-7.18225798835e-05,0.00100717286594,-0.000513229807722,0.00144858009378
rate,household,39,0.000454428418635,-9.51251008722e-05,0.00100398193814,-0.000544759798651,0.00145361663592
rate,household,42,0.000441419058312,-0.000116646509241,0.000999484625866,-0.000573245609967,0.00145608372659
rate,household,45,0.000429581363435,-0.000135689497231,0.000994852224101,-0.000598183837776,0.00145734656465
rate,household,48,0.000419594505564,-0.000151775504044,0.000990964515172,-0.00061926005736,0.00145844906849
rate,household,51,0.000411877385127,-0.000164655442598,0.000988410212852,-0.000636364119828,0.00146011889008
rate,household,54,0.000406594720219,-0.000174308338691,0.000987497779129,-0.000649592659617,0.00146278210006
rate,household,57,0.000403675029293,-0.000180927350449,0.000988277409035,-0.000659238388419,0.001466588447
rate,household,60,0.000402840061253,-0.000184893725967,0.000990573848473,-0.000665766824602,0.00147144694711
rate,firm,0,0,-0.000121,0.000121,-0.00022,0.00022
rate,firm,3,0.000287775489253,9.24726440999e-05,0.000483078334406,-6.73205928434e-05,0.000642871571349
rate,firm,6,0.00050821920909,0.000250020363408,0.000766418054772,3.87667623949e-05,0.000977671655785
rate,firm,9,0.000675062258373,0.000363623097674,0.000986501419072,0.00010880923892,0.00124131527783
rate,firm,12,0.000798416225709,0.000441910111321,0.0011549223401,0.000150223290458,0.00144660916096
rate,firm,15,0.000886046323001,0.000491391855918,0.00128070079008,0.000168492746487,0.00160359989951
rate,firm,18,0.000944215856269,0.000517269505796,0.00137116220674,0.0001679497645,0.00172048194804
rate,firm,21,0.000978228022636,0.000523947183011,0.00143250886226,0.000152262859681,0.00180419318559
rate,firm,24,0.000992756565607,0.000515337580455,0.00147017555076,0.000124722047149,0.00186079108407
rate,firm,27,0.000992030948666,0.000495025946178,0.00148903595115,8.83854895969e-05,0.00189567640774
rate,firm,30,0.00097992297968,0.000466338771453,0.00149350718791,4.61335101768e-05,0.00191371244918
rate,firm,33,0.000959968690836,0.000432350487939,0.00148758689373,6.62867386204e-07,0.00191927451429
rate,firm,36,0.00093535028606,0.000395852563147,0.00147484800897,-4.55546646917e-05,0.00191625523681
rate,firm,39,0.000908856837271,0.000359303317763,0.00145841035678,-9.03313800158e-05,0.00190804505456
rate,firm,42,0.000882838116625,0.000324772549071,0.00144090368418,-0.000131826551655,0.0018975027849
rate,firm,45,0.000859162726871,0.000293891866205,0.00142443358754,-0.00016860247434,0.00188692792808
rate,firm,48,0.000839189011128,0.00026781900152,0.00141055902074,-0.000199665551796,0.00187804357405
rate,firm,51,0.000823754770254,0.000247221942528,0.00140028759798,-0.000224486734701,0.00187199627521
rate,firm,54,0.000813189440438,0.000232286381528,0.00139409249935,-0.000242997939399,0.00186937682027
rate,firm,57,0.000807350058586,0.000222747678844,0.00139195243833,-0.000255563359126,0.0018702634763
rate,firm,60,0.000805680122506,0.000217946335286,0.00139341390973,-0.000262926763349,0.00187428700836
rate,stress_a,0,-0,-0.000121,0.000121,-0.00022,0.00022
rate,stress_a,3,-0.000359719361566,-0.000555022206719,-0.000164416516413,-0.000714815443662,-4.62327946984e-06
rate,stress_a,6,-0.000635274011362,-0.000893472857045,-0.00037707516568,-0.00110472645806,-0.000165821564667
rate,stress_a,9,-0.000843827822966,-0.00115526698367,-0.000532388662267,-0.00141008084242,-0.000277574803513
rate,stress_a,12,-0.000998020282136,-0.00135452639652,-0.000641514167748,-0.00164621321739,-0.000349827346885
rate,stress_a,15,-0.00110755790375,-0.00150221237083,-0.000712903436669,-0.00182511148027,-0.000390004327237
rate,stress_a,18,-0.00118026982034,-0.00160721617081,-0.000753323469863,-0.00195653591211,-0.000404003728567
rate,stress_a,21,-0.0012227850283,-0.00167706586792,-0.00076850418867,-0.00204875019125,-0.00039681986534
rate,stress_a,24,-0.00124094570701,-0.00171836469216,-0.000763526721857,-0.00210898022547,-0.000372911188551
rate,stress_a,27,-0.00124003868583,-0.00173704368832,-0.000743033683345,-0.0021436841449,-0.000336393226763
rate,stress_a,30,-0.0012249037246,-0.00173848793283,-0.000711319516373,-0.0021586931941,-0.000291114255097
rate,stress_a,33,-0.00119996086355,-0.00172757906644,-0.000672342660648,-0.00215926668699,-0.000240655040095
rate,stress_a,36,-0.00116918785758,-0.00170868558049,-0.000629690134662,-0.00215009280833,-0.000188282906823
rate,stress_a,39,-0.00113607104659,-0.0016856245661,-0.000586517527081,-0.00213525926387,-0.000136882829302
rate,stress_a,42,-0.00110354764578,-0.00166161321333,-0.000545482078227,-0.00211821231406,-8.88829775017e-05
rate,stress_a,45,-0.00107395340859,-0.00163922426925,-0.000508682547922,-0.0021017186098,-4.61882073775e-05
rate,stress_a,48,-0.00104898626391,-0.00162035627352,-0.000477616254302,-0.00208784082683,-1.01317009863e-05
rate,stress_a,51,-0.00102969346282,-0.00160622629054,-0.000453160635092,-0.00207793496777,1.85480421378e-05
rate,stress_a,54,-0.00101648680055,-0.00159738985946,-0.000435583741637,-0.00207267418038,3.97005792891e-05
rate,stress_a,57,-0.00100918757323,-0.00159378995297,-0.000424585193491,-0.00207210099094,5.37258444794e-05
rate,stress_a,60,-0.00100710015313,-0.00159483394035,-0.000419366365912,-0.00207570703899,6.15067327222e-05
rate,stress_b,0,-0,-0.000121,0.000121,-0.00022,0.00022
rate,stress_b,3,-0.000239812907711,-0.000435115752864,-4.45100625578e-05,-0.000594908989807,0.000115283174386
rate,stress_b,6,-0.000423516007575,-0.000681714853257,-0.000165317161893,-0.00089296845427,4.59364391201e-05
rate,stress_b,9,-0.000562551881978,-0.000873991042677,-0.000251112721278,-0.00112880490143,3.70113747537e-06
rate,stress_b,12,-0.000665346854757,-0.00102185296915,-0.000308840740369,-0.00131353979001,-1.71539195062e-05
rate,stress_b,15,-0.000738371935834,-0.00113302640292,-0.000343717468752,-0.00145592551235,-2.08183593204e-05
rate,stress_b,18,-0.000786846546891,-0.00121379289736,-0.000359900196418,-0.00156311263866,-1.05804551216e-05
rate,stress_b,21,-0.000815190018864,-0.00126947085849,-0.000360909179238,-0.00164115518182,1.07751440915e-05
rate,stress_b,24,-0.000827297138006,-0.00130471612316,-0.000349878152854,-0.00169533165646,4.07373804521e-05
rate,stress_b,27,-0.000826692457222,-0.00132369745971,-0.000329687454734,-0.00173033791629,7.69530018475e-05
rate,stress_b,30,-0.000816602483066,-0.00133018669129,-0.00030301827484,-0.00175039195257,0.000117186986436
rate,stress_b,33,-0.00079997390903,-0.00132759211193,-0.000272355706133,-0.00175927973248,0.00015933191442
rate,stress_b,36,-0.000779458571717,-0.00131895629463,-0.000239960848803,-0.00176036352247,0.000201446379035
rate,stress_b,39,-0.000757380697726,-0.00130693421723,-0.000207827178218,-0.00175656891501,0.000241807519561
rate,stress_b,42,-0.000735698430521,-0.00129376399807,-0.000177632862967,-0.0017503630988,0.000278966237759
rate,stress_b,45,-0.000715968939059,-0.00128123979973,-0.000150698078393,-0.00174373414027,0.000311796262152
rate,stress_b,48,-0.00069932417594,-0.00127069418555,-0.000127954166332,-0.00173817873886,0.000339530386984
rate,stress_b,51,-0.000686462308545,-0.00126299513627,-0.00010992948082,-0.0017347038135,0.00036177919641
rate,stress_b,54,-0.000677657867031,-0.00125856092594,-9.67548081215e-05,-0.00173384524687,0.000378529512805
rate,stress_b,57,-0.000672791715488,-0.00125739409523,-8.81893357468e-05,-0.0017357051332,0.000390121702224
rate,stress_b,60,-0.000671400102088,-0.00125913388931,-8.36663148682e-05,-0.00174000698794,0.000397206783766
household_credit,monetary,0,-0,-0.000418,0.000418,-0.00076,0.00076
household_credit,monetary,3,-0.00431663233879,-0.00499131489478,-0.00364194978281,-0.00554332789513,-0.00308993678246
household_credit,monetary,6,-0.00762328813635,-0.00851524778507,-0.00673132848763,-0.0092450329522,-0.00600154332049
household_credit,monetary,9,-0.0101259338756,-0.0112018146126,-0.00905005313863,-0.0120820806701,-0.00816978708112
household_credit,monetary,12,-0.0119762433856,-0.0132078099626,-0.0107446768087,-0.0142154553438,-0.00973703142749
household_credit,monetary,15,-0.013290694845,-0.0146540466404,-0.0119273430496,-0.0157695162912,-0.0108118733989
household_credit,monetary,18,-0.014163237844,-0.0156381434184,-0.0126883322697,-0.0168448843429,-0.0114815913452
household_credit,monetary,21,-0.0146734203395,-0.0162427541492,-0.0131040865299,-0.0175267545388,-0.0118200861402
household_credit,monetary,24,-0.0148913484841,-0.0165406140692,-0.013242082899,-0.0178900131842,-0.011892683784
household_credit,monetary,27,-0.01488046423,-0.0165973906022,-0.0131635378578,-0.0180021485431,-0.0117587799168
household_credit,monetary,30,-0.0146988446952,-0.0164730446873,-0.0129246447031,-0.0179246628626,-0.0114730265278
household_credit,monetary,33,-0.0143995303625,-0.0162222114271,-0.012576849298,-0.0177134959345,-0.0110855647906
household_credit,monetary,36,-0.0140302542909,-0.0158939736973,-0.0121665348845,-0.0174188350299,-0.0106416735519
household_credit,monetary,39,-0.0136328525591,-0.0155313101719,-0.0117343949462,-0.0170845936733,-0.0101811114448
household_credit,monetary,42,-0.0132425717494,-0.0151704346191,-0.0113147088796,-0.0167477769671,-0.00973736653168
household_credit,monetary,45,-0.0128874409031,-0.0148401947854,-0.0109346870208,-0.0164379025072,-0.00933697929888
household_credit,monetary,48,-0.0125878351669,-0.0145616588365,-0.0106140114974,-0.0161766054752,-0.00899906485864
household_credit,monetary,51,-0.0123563215538,-0.0143479804132,-0.0103646626944,-0.01597751948,-0.0087351236276
household_credit,monetary,54,-0.0121978416066,-0.0142045976283,-0.0101910855849,-0.0158464889187,-0.0085491942944
household_credit,monetary,57,-0.0121102508788,-0.0141297863724,-0.0100907153851,-0.0157821335945,-0.00843836816306
household_credit,monetary,60,-0.0120852018376,-0.0141155549207,-0.0100548487545,-0.0157767528978,-0.00839365077736
household_credit,household,0,0,-0.000418,0.000418,-0.00076,0.00076
household_credit,household,3,0.00287775489253,0.00220307233655,0.00355243744851,0.0016510593362,0.00410445044886
household_credit,household,6,0.0050821920909,0.00419023244218,0.00597415173962,0.00346044727504,0.00670393690676
household_credit,household,9,0.00675062258373,0.00567474184677,0.00782650332069,0.00479447578926,0.0087067693782
household_credit,household,12,0.00798416225709,0.00675259568011,0.00921572883407,0.00574495029895,0.0102233742152
household_credit,household,15,0.00886046323001,0.00749711143463,0.0102238150254,0.00638164178387,0.0113392846761
household_credit,household,18,0.00944215856269,0.00796725298833,0.0109170641371,0.00676051206385,0.0121238050615
household_credit,household,21,0.00978228022636,0.00821294641675,0.011351614036,0.00692894602706,0.0126356144257
household_credit,household,24,0.00992756565607,0.008278300071,0.0115768312411,0.00692890095594,0.0129262303562
household_credit,household,27,0.00992030948666,0.00820338311443,0.0116372358589,0.00679862517351,0.0130419937998
household_credit,household,30,0.0097992297968,0.00802502980474,0.0115734297889,0.00657341162942,0.0130250479642
household_credit,household,33,0.00959968690836,0.00777700584381,0.0114223679729,0.00628572133644,0.0129136524803
household_credit,household,36,0.0093535028606,0.00748978345417,0.011217222267,0.00596492212164,0.0127420835996
household_credit,household,39,0.00908856837271,0.00719011075986,0.0109870259856,0.00563682725844,0.012540309487
household_credit,household,42,0.00882838116625,0.00690051829652,0.010756244036,0.00532317594856,0.0123335863839
household_credit,household,45,0.00859162726871,0.00663887338641,0.010544381151,0.00504116566452,0.0121420888729
household_credit,household,48,0.00839189011128,0.00641806644173,0.0103657137808,0.004803119803,0.0119806604196
household_credit,household,51,0.00823754770254,0.00624588884312,0.0102292065619,0.00461634977633,0.0118587456287
household_credit,household,54,0.00813189440438,0.00612513838269,0.0101386504261,0.00448324709222,0.0117805417165
household_credit,household,57,0.00807350058586,0.00605396509221,0.0100930360795,0.00440161787013,0.0117453833016
household_credit,household,60,0.00805680122506,0.00602644814193,0.0100871543082,0.00436525016483,0.0117483522853
household_credit,firm,0,0,-0.000418,0.000418,-0.00076,0.00076
household_credit,firm,3,0.0021583161694,0.00148363361341,0.00283299872538,0.000931620613064,0.00338501172573
household_credit,firm,6,0.00381164406817,0.00291968441945,0.0047036037169,0.00218989925232,0.00543338888403
household_credit,firm,9,0.0050629669378,0.00398708620084,0.00613884767476,0.00310682014332,0.00701911373227
household_credit,firm,12,0.00598812169282,0.00475655511584,0.00721968826979,0.00374890973468,0.00822733365096
household_credit,firm,15,0.00664534742251,0.00528199562713,0.00800869921788,0.00416652597637,0.00912416886865
household_credit,firm,18,0.00708161892202,0.00560671334766,0.00855652449638,0.00439997242318,0.00976326542086
household_credit,firm,21,0.00733671016977,0.00576737636016,0.00890604397939,0.00448337597047,0.0101900443691
household_credit,firm,24,0.00744567424205,0.00579640865698,0.00909493982712,0.00444700954193,0.0104443389422
household_credit,firm,27,0.007440232115,0.00572330574277,0.00915715848723,0.00431854780185,0.0105619164281
household_credit,firm,30,0.0073494223476,0.00557522235554,0.00912362233965,0.00412360418022,0.010575240515
household_credit,firm,33,0.00719976518127,0.00537708411672,0.00902244624583,0.00388579960935,0.0105137307532
household_credit,firm,36,0.00701512714545,0.00515140773902,0.00887884655188,0.00362654640649,0.0104037078844
household_credit,firm,39,0.00681642627953,0.00491796866669,0.00871488389237,0.00336468516527,0.0102681673938
household_credit,firm,42,0.00662128587469,0.00469342300496,0.00854914874442,0.00311608065699,0.0101264910924
household_credit,firm,45,0.00644372045153,0.00449096656923,0.00839647433383,0.00289325884735,0.00999418205571
household_credit,firm,48,0.00629391758346,0.00432009391391,0.00826774125302,0.00270514727518,0.00988268789174
household_credit,firm,51,0.0061781607769,0.00418650191749,0.00816981963632,0.00255696285069,0.00979935870311
household_credit,firm,54,0.00609892080328,0.00409216478159,0.00810567682497,0.00245027349112,0.00974756811544
household_credit,firm,57,0.00605512543939,0.00403558994574,0.00807466093305,0.00238324272366,0.00972700815513
household_credit,firm,60,0.00604260091879,0.00401224783567,0.00807295400192,0.00235104985857,0.00973415197902
household_credit,stress_a,0,-0,-0.000418,0.000418,-0.00076,0.00076
household_credit,stress_a,3,-0.000959251630843,-0.00163393418683,-0.00028456907486,-0.00218594718718,0.00026744392549
household_credit,stress_a,6,-0.0016940640303,-0.00258602367902,-0.000802104381579,-0.00331580884616,-7.23192144442e-05
household_credit,stress_a,9,-0.00225020752791,-0.00332608826487,-0.00117432679095,-0.00420635432238,-0.000294060733436
household_credit,stress_a,12,-0.00266138741903,-0.00389295399601,-0.00142982084205,-0.00490059937717,-0.000422175460889
household_credit,stress_a,15,-0.00295348774334,-0.00431683953871,-0.00159013594796,-0.00543230918948,-0.000474666297198
household_credit,stress_a,18,-0.00314738618756,-0.00462229176192,-0.0016724806132,-0.0058290326864,-0.000465739688724
household_credit,stress_a,21,-0.00326076007545,-0.00483009388507,-0.00169142626584,-0.00611409427475,-0.000407425876155
household_credit,stress_a,24,-0.00330918855202,-0.00495845413709,-0.00165992296695,-0.00630785325215,-0.000310523851896
household_credit,stress_a,27,-0.00330676982889,-0.00502369620112,-0.00158984345666,-0.00642845414204,-0.000185085515739
household_credit,stress_a,30,-0.00326640993227,-0.00504060992432,-0.00149220994021,-0.00649222809964,-4.05917648921e-05
household_credit,stress_a,33,-0.00319989563612,-0.00502257670067,-0.00137721457157,-0.00651386120804,0.000114069935797
household_credit,stress_a,36,-0.00311783428687,-0.0049815536933,-0.00125411488044,-0.00650641502583,0.000270746452094
household_credit,stress_a,39,-0.0030295227909,-0.00492798040375,-0.00113106517806,-0.00648126390516,0.00042221832336
household_credit,stress_a,42,-0.00294279372208,-0.00487065659181,-0.00101493085235,-0.00644799893977,0.00056241149561
household_credit,stress_a,45,-0.00286387575624,-0.00481662963854,-0.000911121873935,-0.00641433736042,0.000686585847947
household_credit,stress_a,48,-0.00279729670376,-0.00477112037332,-0.000823473034205,-0.00638606701204,0.000791473604522
household_credit,stress_a,51,-0.00274584923418,-0.00473750809359,-0.000754190374764,-0.00636704716039,0.000875348692029
household_credit,stress_a,54,-0.00271063146813,-0.00471738748981,-0.000703875446437,-0.00635927878029,0.000938015844036
household_credit,stress_a,57,-0.00269116686195,-0.00471070235561,-0.000671631368301,-0.00636304957769,0.000980715853779
household_credit,stress_a,60,-0.00268560040835,-0.00471595349148,-0.000655247325229,-0.00637715146858,0.00100595065187
household_credit,stress_b,0,-0,-0.000418,0.000418,-0.00076,0.00076
household_credit,stress_b,3,-0.0021583161694,-0.00283299872538,-0.00148363361341,-0.00338501172573,-0.000931620613064
household_credit,stress_b,6,-0.00381164406817,-0.0047036037169,-0.00291968441945,-0.00543338888403,-0.00218989925232
household_credit,stress_b,9,-0.0050629669378,-0.00613884767476,-0.00398708620084,-0.00701911373227,-0.00310682014332
household_credit,stress_b,12,-0.00598812169282,-0.00721968826979,-0.00475655511584,-0.00822733365096,-0.00374890973468
household_credit,stress_b,15,-0.00664534742251,-0.00800869921788,-0.00528199562713,-0.00912416886865,-0.00416652597637
household_credit,stress_b,18,-0.00708161892202,-0.00855652449638,-0.00560671334766,-0.00976326542086,-0.00439997242318
household_credit,stress_b,21,-0.00733671016977,-0.00890604397939,-0.00576737636016,-0.0101900443691,-0.00448337597047
household_credit,stress_b,24,-0.00744567424205,-0.00909493982712,-0.00579640865698,-0.0104443389422,-0.00444700954193
household_credit,stress_b,27,-0.007440232115,-0.00915715848723,-0.00572330574277,-0.0105619164281,-0.00431854780185
household_credit,stress_b,30,-0.0073494223476,-0.00912362233965,-0.00557522235554,-0.010575240515,-0.00412360418022
household_credit,stress_b,33,-0.00719976518127,-0.00902244624583,-0.00537708411672,-0.0105137307532,-0.00388579960935
household_credit,stress_b,36,-0.00701512714545,-0.00887884655188,-0.00515140773902,-0.0104037078844,-0.00362654640649
household_credit,stress_b,39,-0.00681642627953,-0.00871488389237,-0.00491796866669,-0.0102681673938,-0.00336468516527
household_credit,stress_b,42,-0.00662128587469,-0.00854914874442,-0.00469342300496,-0.0101264910924,-0.00311608065699
household_credit,stress_b,45,-0.00644372045153,-0.00839647433383,-0.00449096656923,-0.00999418205571,-0.00289325884735
household_credit,stress_b,48,-0.00629391758346,-0.00826774125302,-0.00432009391391,-0.00988268789174,-0.00270514727518
household_credit,stress_b,51,-0.0061781607769,-0.00816981963632,-0.00418650191749,-0.00979935870311,-0.00255696285069
household_credit,stress_b,54,-0.00609892080328,-0.00810567682497,-0.00409216478159,-0.00974756811544,-0.00245027349112
household_credit,stress_b,57,-0.00605512543939,-0.00807466093305,-0.00403558994574,-0.00972700815513,-0.00238324272366
household_credit,stress_b,60,-0.00604260091879,-0.00807295400192,-0.00401224783567,-0.00973415197902,-0.00235104985857
business_credit,monetary,0,-0,-0.00044,0.00044,-0.0008,0.0008
business_credit,monetary,3,-0.00335738070795,-0.00406757287214,-0.00264718854376,-0.0046486391883,-0.0020661222276
business_credit,monetary,6,-0.00592922410605,-0.00686812899944,-0.00499031921266,-0.00763632391221,-0.00422212429989
business_credit,monetary,9,-0.00787572634769,-0.00900823238659,-0.00674322030878,-0.0099348282366,-0.00581662445877
business_credit,monetary,12,-0.0093148559666,-0.0106112418371,-0.0080184700961,-0.0116719211857,-0.00695779074751
business_credit,monetary,15,-0.0103372071017,-0.0117723142547,-0.00890209994865,-0.0129464928345,-0.0077279213689
business_credit,monetary,18,-0.0110158516565,-0.01256838384,-0.00946331947293,-0.0138386374447,-0.00819306586822
business_credit,monetary,21,-0.0114126602641,-0.01306459059,-0.00976072993818,-0.0144161699476,-0.00840915058062
business_credit,monetary,24,-0.0115821599321,-0.013318228969,-0.00984609089517,-0.0147386490901,-0.00842567077405
business_credit,monetary,27,-0.0115736944011,-0.0133809853192,-0.00976640348297,-0.0148596778886,-0.00828771091358
business_credit,monetary,30,-0.0114324347629,-0.0133000137019,-0.00956485582392,-0.0148280328339,-0.00803683669201
business_credit,monetary,33,-0.0111996347264,-0.0131182463733,-0.00928102307952,-0.014688019539,-0.00771124991388
business_credit,monetary,36,-0.010912420004,-0.0128742299055,-0.00895061010253,-0.0144793470977,-0.00734549291039
business_credit,monetary,39,-0.0106033297682,-0.0126017062027,-0.00860495333358,-0.0142367414674,-0.00696991806893
business_credit,monetary,42,-0.0102997780273,-0.0123291073638,-0.00827044869073,-0.0139894677301,-0.00661008832446
business_credit,monetary,45,-0.0100235651468,-0.0120790955492,-0.0079680347444,-0.0137608931512,-0.00628623714242
business_credit,monetary,48,-0.00979053846316,-0.011868247589,-0.00771282933731,-0.0135681914192,-0.00601288550708
business_credit,monetary,51,-0.00961047231962,-0.0117069553295,-0.00751398930971,-0.0134222596104,-0.00579868502888
business_credit,monetary,54,-0.00948721013844,-0.0115995848981,-0.00737483537877,-0.0133278915197,-0.00564652875722
business_credit,monetary,57,-0.00941908401684,-0.0115449108523,-0.00729325718141,-0.0132842237176,-0.00555394431607
business_credit,monetary,60,-0.00939960142923,-0.0115368152009,-0.00726238765753,-0.0132854446505,-0.00551375820795
business_credit,household,0,0,-0.00044,0.00044,-0.0008,0.0008
business_credit,household,3,0.000239812907711,-0.000470379256482,0.000950005071903,-0.00105144557264,0.00153107138806
business_credit,household,6,0.000423516007575,-0.000515388885815,0.00136242090097,-0.00128358379859,0.00213061581374
business_credit,household,9,0.000562551881978,-0.000569954156928,0.00169505792088,-0.00149655000694,0.0026216537709
business_credit,household,12,0.000665346854757,-0.000631039015745,0.00196173272526,-0.00169171836434,0.00302241207385
business_credit,household,15,0.000738371935834,-0.000696735217193,0.00217347908886,-0.00187091379694,0.00334765766861
business_credit,household,18,0.000786846546891,-0.000765685636647,0.00233937873043,-0.00203593924136,0.00360963233514
business_credit,household,21,0.000815190018864,-0.000836740307047,0.00246712034477,-0.00218831966461,0.00381869970234
business_credit,household,24,0.000827297138006,-0.00090877189891,0.00256336617492,-0.00232919202002,0.00398378629604
business_credit,household,27,0.000826692457222,-0.000980598460917,0.00263398337536,-0.0024592910303,0.00411267594475
business_credit,household,30,0.000816602483066,-0.00105097645594,0.00268418142207,-0.00257899558785,0.00421220055399
business_credit,household,33,0.00079997390903,-0.00111863773787,0.00271858555593,-0.00268841090351,0.00428835872158
business_credit,household,36,0.000779458571717,-0.00118235132979,0.00274126847322,-0.00278746852193,0.00434638566536
business_credit,household,39,0.000757380697726,-0.00124099573685,0.0027557571323,-0.0028760310015,0.00439079239695
business_credit,household,42,0.000735698430521,-0.00129363090604,0.00276502776708,-0.00295399127231,0.00442538813335
business_credit,household,45,0.000715968939059,-0.00133956146336,0.00277149934148,-0.00302135906534,0.00445329694346
business_credit,household,48,0.00069932417594,-0.00137838494991,0.00277703330179,-0.00307832878015,0.00447697713203
business_credit,household,51,0.000686462308545,-0.00141002070136,0.00278294531845,-0.0031253249822,0.00449824959929
business_credit,household,54,0.000677657867031,-0.00143471689264,0.0027900326267,-0.00316302351419,0.00451833924825
business_credit,household,57,0.000672791715488,-0.00145303511994,0.00279861855091,-0.00319234798528,0.00453793141626
business_credit,household,60,0.000671400102088,-0.00146581366962,0.0028086138738,-0.0032144431192,0.00455724332338
business_credit,firm,0,0,-0.00044,0.00044,-0.0008,0.0008
business_credit,firm,3,0.00335738070795,0.00264718854376,0.00406757287214,0.0020661222276,0.0046486391883
business_credit,firm,6,0.00592922410605,0.00499031921266,0.00686812899944,0.00422212429989,0.00763632391221
business_credit,firm,9,0.00787572634769,0.00674322030878,0.00900823238659,0.00581662445877,0.0099348282366
business_credit,firm,12,0.0093148559666,0.0080184700961,0.0106112418371,0.00695779074751,0.0116719211857
business_credit,firm,15,0.0103372071017,0.00890209994865,0.0117723142547,0.0077279213689,0.0129464928345
business_credit,firm,18,0.0110158516565,0.00946331947293,0.01256838384,0.00819306586822,0.0138386374447
business_credit,firm,21,0.0114126602641,0.00976072993818,0.01306459059,0.00840915058062,0.0144161699476
business_credit,firm,24,0.0115821599321,0.00984609089517,0.013318228969,0.00842567077405,0.0147386490901
business_credit,firm,27,0.0115736944011,0.00976640348297,0.0133809853192,0.00828771091358,0.0148596778886
business_credit,firm,30,0.0114324347629,0.00956485582392,0.0133000137019,0.00803683669201,0.0148280328339
business_credit,firm,33,0.0111996347264,0.00928102307952,0.0131182463733,0.00771124991388,0.014688019539
business_credit,firm,36,0.010912420004,0.00895061010253,0.0128742299055,0.00734549291039,0.0144793470977
business_credit,firm,39,0.0106033297682,0.00860495333358,0.0126017062027,0.00696991806893,0.0142367414674
business_credit,firm,42,0.0102997780273,0.00827044869073,0.0123291073638,0.00661008832446,0.0139894677301
business_credit,firm,45,0.0100235651468,0.0079680347444,0.0120790955492,0.00628623714242,0.0137608931512
business_credit,firm,48,0.00979053846316,0.00771282933731,0.011868247589,0.00601288550708,0.0135681914192
business_credit,firm,51,0.00961047231962,0.00751398930971,0.0117069553295,0.00579868502888,0.0134222596104
business_credit,firm,54,0.00948721013844,0.00737483537877,0.0115995848981,0.00564652875722,0.0133278915197
business_credit,firm,57,0.00941908401684,0.00729325718141,0.0115449108523,0.00555394431607,0.0132842237176
business_credit,firm,60,0.00939960142923,0.00726238765753,0.0115368152009,0.00551375820795,0.0132854446505
business_credit,stress_a,0,-0,-0.00044,0.00044,-0.0008,0.0008
business_credit,stress_a,3,-0.00335738070795,-0.00406757287214,-0.00264718854376,-0.0046486391883,-0.0020661222276
business_credit,stress_a,6,-0.00592922410605,-0.00686812899944,-0.00499031921266,-0.00763632391221,-0.00422212429989
business_credit,stress_a,9,-0.00787572634769,-0.00900823238659,-0.00674322030878,-0.0099348282366,-0.00581662445877
business_credit,stress_a,12,-0.0093148559666,-0.0106112418371,-0.0080184700961,-0.0116719211857,-0.00695779074751
business_credit,stress_a,15,-0.0103372071017,-0.0117723142547,-0.00890209994865,-0.0129464928345,-0.0077279213689
business_credit,stress_a,18,-0.0110158516565,-0.01256838384,-0.00946331947293,-0.0138386374447,-0.00819306586822
business_credit,stress_a,21,-0.0114126602641,-0.01306459059,-0.00976072993818,-0.0144161699476,-0.00840915058062
business_credit,stress_a,24,-0.0115821599321,-0.013318228969,-0.00984609089517,-0.0147386490901,-0.00842567077405
business_credit,stress_a,27,-0.0115736944011,-0.0133809853192,-0.00976640348297,-0.0148596778886,-0.00828771091358
business_credit,stress_a,30,-0.0114324347629,-0.0133000137019,-0.00956485582392,-0.0148280328339,-0.00803683669201
business_credit,stress_a,33,-0.0111996347264,-0.0131182463733,-0.00928102307952,-0.014688019539,-0.00771124991388
business_credit,stress_a,36,-0.010912420004,-0.0128742299055,-0.00895061010253,-0.0144793470977,-0.00734549291039
business_credit,stress_a,39,-0.0106033297682,-0.0126017062027,-0.00860495333358,-0.0142367414674,-0.00696991806893
business_credit,stress_a,42,-0.0102997780273,-0.0123291073638,-0.00827044869073,-0.0139894677301,-0.00661008832446
business_credit,stress_a,45,-0.0100235651468,-0.0120790955492,-0.0079680347444,-0.0137608931512,-0.00628623714242
business_credit,stress_a,48,-0.00979053846316,-0.011868247589,-0.00771282933731,-0.0135681914192,-0.00601288550708
business_credit,stress_a,51,-0.00961047231962,-0.0117069553295,-0.00751398930971,-0.0134222596104,-0.00579868502888
business_credit,stress_a,54,-0.00948721013844,-0.0115995848981,-0.00737483537877,-0.0133278915197,-0.00564652875722
business_credit,stress_a,57,-0.00941908401684,-0.0115449108523,-0.00729325718141,-0.0132842237176,-0.00555394431607
business_credit,stress_a,60,-0.00939960142923,-0.0115368152009,-0.00726238765753,-0.0132854446505,-0.00551375820795
business_credit,stress_b,0,-0,-0.00044,0.00044,-0.0008,0.0008
business_credit,stress_b,3,-0.00143887744626,-0.00214906961046,-0.000728685282072,-0.00273013592661,-0.000147618965914
business_credit,stress_b,6,-0.00254109604545,-0.00348000093884,-0.00160219115206,-0.00424819585161,-0.000833996239286
business_credit,stress_b,9,-0.00337531129187,-0.00450781733077,-0.00224280525296,-0.00543441318078,-0.00131620940295
business_credit,stress_b,12,-0.00399208112854,-0.00528846699905,-0.00269569525804,-0.00634914634764,-0.00163501590945
business_credit,stress_b,15,-0.00443023161501,-0.00586533876803,-0.00299512446198,-0.00703951734778,-0.00182094588223
business_credit,stress_b,18,-0.00472107928134,-0.00627361146488,-0.00316854709781,-0.0075438650696,-0.00189829349309
business_credit,stress_b,21,-0.00489114011318,-0.00654307043909,-0.00323920978727,-0.00789464979666,-0.00188763042971
business_credit,stress_b,24,-0.00496378282804,-0.00669985186495,-0.00322771379112,-0.00812027198607,-0.00180729367001
business_credit,stress_b,27,-0.00496015474333,-0.00676744566147,-0.00315286382519,-0.00824613823086,-0.00167417125581
business_credit,stress_b,30,-0.0048996148984,-0.0067671938374,-0.00303203595939,-0.00829521296932,-0.00150401682748
business_credit,stress_b,33,-0.00479984345418,-0.00671845510108,-0.00288123180728,-0.00828822826673,-0.00131145864164
business_credit,stress_b,36,-0.0046767514303,-0.0066385613318,-0.0027149415288,-0.00824367852394,-0.00110982433666
business_credit,stress_b,39,-0.00454428418635,-0.00654266062093,-0.00254590775178,-0.00817769588558,-0.00091087248713
business_credit,stress_b,42,-0.00441419058312,-0.00644351991968,-0.00238486124657,-0.00810388028596,-0.00072450088029
business_credit,stress_b,45,-0.00429581363435,-0.00635134403678,-0.00224028323193,-0.00803314163876,-0.00055848562995
business_credit,stress_b,48,-0.00419594505564,-0.00627365418149,-0.00211823592979,-0.00797359801173,-0.000418292099554
business_credit,stress_b,51,-0.00411877385127,-0.00621525686118,-0.00202229084136,-0.00793056114201,-0.000306986560523
business_credit,stress_b,54,-0.00406594720219,-0.00617832196186,-0.00195357244252,-0.00790662858341,-0.000225265820966
business_credit,stress_b,57,-0.00403675029293,-0.00616257712835,-0.00191092345751,-0.0079018899937,-0.00017161059216
business_credit,stress_b,60,-0.00402840061253,-0.00616561438424,-0.00189118684082,-0.00791424383382,-0.00014255739124
