outcome,bandwidth_km,estimate,cluster_low,cluster_high,conley_low,conley_high
poverty,5.0,-0.038498,-0.046698,-0.029798,-0.060898,-0.017098
poverty,5.25,-0.038314,-0.046464,-0.029664,-0.060664,-0.016964
poverty,5.5,-0.038145,-0.046245,-0.029545,-0.060445,-0.016845
poverty,5.75,-0.038006,-0.046056,-0.029456,-0.060256,-0.016756
poverty,6.0,-0.037915,-0.045915,-0.029415,-0.060115,-0.016715
poverty,6.25,-0.037881,-0.045831,-0.029431,-0.060031,-0.016731
poverty,6.5,-0.037914,-0.045814,-0.029514,-0.060014,-0.016814
poverty,6.75,-0.038017,-0.045867,-0.029667,-0.060067,-0.016967
poverty,7.0,-0.038189,-0.045989,-0.029889,-0.060189,-0.017189
poverty,7.25,-0.038424,-0.046174,-0.030174,-0.060374,-0.017474
poverty,7.5,-0.038713,-0.046413,-0.030513,-0.060613,-0.017813
poverty,7.75,-0.039042,-0.046692,-0.030892,-0.060892,-0.018192
poverty,8.0,-0.039395,-0.046995,-0.031295,-0.061195,-0.018595
poverty,8.25,-0.039754,-0.047304,-0.031704,-0.061504,-0.019004
poverty,8.5,-0.040101,-0.047601,-0.032101,-0.061801,-0.019401
poverty,8.75,-0.040417,-0.047867,-0.032467,-0.062067,-0.019767
poverty,9.0,-0.040686,-0.048086,-0.032786,-0.062286,-0.020086
poverty,9.25,-0.040894,-0.048244,-0.033044,-0.062444,-0.020344
poverty,9.5,-0.041031,-0.048331,-0.033231,-0.062531,-0.020531
poverty,9.75,-0.04109,-0.04834,-0.03334,-0.06254,-0.02064
poverty,10.0,-0.041071,-0.048271,-0.033371,-0.043071,-0.026071
poverty,10.25,-0.040975,-0.048125,-0.033325,-0.062325,-0.020625
poverty,10.5,-0.040811,-0.047911,-0.033211,-0.062111,-0.020511
poverty,10.75,-0.04059,-0.04764,-0.03304,-0.06184,-0.02034
poverty,11.0,-0.040326,-0.047326,-0.032826,-0.061526,-0.020126
poverty,11.25,-0.040038,-0.047088,-0.032488,-0.061188,-0.019888
poverty,11.5,-0.039742,-0.046842,-0.032142,-0.060842,-0.019642
poverty,11.75,-0.039458,-0.046608,-0.031808,-0.060508,-0.019408
poverty,12.0,-0.039203,-0.046403,-0.031503,-0.060203,-0.019203
poverty,12.25,-0.038992,-0.046242,-0.031242,-0.060042,-0.018942
poverty,12.5,-0.038839,-0.046139,-0.031039,-0.059939,-0.018739
poverty,12.75,-0.038751,-0.046101,-0.030901,-0.059901,-0.018601
poverty,13.0,-0.038733,-0.046133,-0.030833,-0.059933,-0.018533
poverty,13.25,-0.038784,-0.046234,-0.030834,-0.060034,-0.018534
poverty,13.5,-0.0389,-0.0464,-0.0309,-0.0602,-0.0186
poverty,13.75,-0.03907,-0.04662,-0.03102,-0.06042,-0.01872
poverty,14.0,-0.039283,-0.046883,-0.031183,-0.060683,-0.018883
poverty,14.25,-0.039522,-0.047172,-0.031372,-0.060972,-0.019072
poverty,14.5,-0.03977,-0.04747,-0.03157,-0.06127,-0.01927
poverty,14.75,-0.040008,-0.047758,-0.031758,-0.061558,-0.019458
poverty,15.0,-0.040217,-0.048017,-0.031917,-0.061817,-0.019617
poverty,15.25,-0.040382,-0.048232,-0.032032,-0.062032,-0.019732
poverty,15.5,-0.040487,-0.048387,-0.032087,-0.062187,-0.019787
poverty,15.75,-0.040522,-0.048472,-0.032072,-0.062272,-0.019772
poverty,16.0,-0.04048,-0.04848,-0.03198,-0.06228,-0.01968
poverty,16.25,-0.040359,-0.048409,-0.031809,-0.062209,-0.019509
poverty,16.5,-0.040162,-0.048262,-0.031562,-0.062062,-0.019262
poverty,16.75,-0.039894,-0.048044,-0.031244,-0.061844,-0.018944
poverty,17.0,-0.039568,-0.047768,-0.030868,-0.061568,-0.018568
poverty,17.25,-0.039198,-0.047448,-0.030448,-0.061248,-0.018148
poverty,17.5,-0.0388,-0.0471,-0.03,-0.0609,-0.0177
poverty,17.75,-0.038392,-0.046742,-0.029542,-0.060542,-0.017242
poverty,18.0,-0.037994,-0.046394,-0.029094,-0.060194,-0.016794
poverty,18.25,-0.037622,-0.046072,-0.028672,-0.059872,-0.016372
poverty,18.5,-0.037293,-0.045793,-0.028293,-0.059593,-0.015993
poverty,18.75,-0.03702,-0.04557,-0.02797,-0.05937,-0.01567
poverty,19.0,-0.036811,-0.045411,-0.027711,-0.059211,-0.015411
poverty,19.25,-0.036672,-0.045322,-0.027522,-0.059122,-0.015222
poverty,19.5,-0.036603,-0.045303,-0.027403,-0.059103,-0.015103
poverty,19.75,-0.036598,-0.045348,-0.027348,-0.059148,-0.015048
poverty,20.0,-0.036651,-0.045451,-0.027351,-0.059251,-0.015051
unmet_needs,5.0,-0.094925,-0.104109,-0.085181,-0.119117,-0.071813
unmet_needs,5.25,-0.094951,-0.104079,-0.085263,-0.119089,-0.071893
unmet_needs,5.5,-0.095043,-0.104115,-0.085411,-0.119127,-0.072039
unmet_needs,5.75,-0.095203,-0.104219,-0.085627,-0.119233,-0.072253
unmet_needs,6.0,-0.09543,-0.10439,-0.08591,-0.119406,-0.072534
unmet_needs,6.25,-0.095719,-0.104623,-0.086255,-0.119641,-0.072877
unmet_needs,6.5,-0.09606,-0.104908,-0.086652,-0.119928,-0.073272
unmet_needs,6.75,-0.096439,-0.105231,-0.087087,-0.120253,-0.073705
unmet_needs,7.0,-0.096841,-0.105577,-0.087545,-0.120601,-0.074161
unmet_needs,7.25,-0.097247,-0.105927,-0.088007,-0.120953,-0.074621
unmet_needs,7.5,-0.097639,-0.106263,-0.088455,-0.121291,-0.075067
unmet_needs,7.75,-0.097998,-0.106566,-0.08887,-0.121596,-0.07548
unmet_needs,8.0,-0.098309,-0.106821,-0.089237,-0.121853,-0.075845
unmet_needs,8.25,-0.098558,-0.107014,-0.089542,-0.122048,-0.076148
unmet_needs,8.5,-0.098733,-0.107133,-0.089773,-0.122169,-0.076377
unmet_needs,8.75,-0.098829,-0.107173,-0.089925,-0.122211,-0.076527
unmet_needs,9.0,-0.098845,-0.107133,-0.089997,-0.122173,-0.076597
unmet_needs,9.25,-0.098783,-0.107015,-0.089991,-0.122057,-0.076589
unmet_needs,9.5,-0.098651,-0.106827,-0.089915,-0.121871,-0.076511
unmet_needs,9.75,-0.09846,-0.10658,-0.08978,-0.121626,-0.076374
unmet_needs,10.0,-0.098225,-0.106289,-0.089601,-0.121337,-0.076193
unmet_needs,10.25,-0.097963,-0.105971,-0.089395,-0.121021,-0.075985
unmet_needs,10.5,-0.097693,-0.105645,-0.089181,-0.120697,-0.075769
unmet_needs,10.75,-0.097432,-0.105328,-0.088976,-0.120382,-0.075562
unmet_needs,11.0,-0.097199,-0.105039,-0.088799,-0.120095,-0.075383
unmet_needs,11.25,-0.097009,-0.104905,-0.088553,-0.119851,-0.075247
unmet_needs,11.5,-0.096874,-0.104826,-0.088362,-0.119662,-0.075166
unmet_needs,11.75,-0.096803,-0.104811,-0.088235,-0.119537,-0.075149
unmet_needs,12.0,-0.096801,-0.104865,-0.088177,-0.119481,-0.075201
unmet_needs,12.25,-0.096865,-0.104985,-0.088185,-0.119599,-0.075211
unmet_needs,12.5,-0.096993,-0.105169,-0.088257,-0.119781,-0.075285
unmet_needs,12.75,-0.097174,-0.105406,-0.088382,-0.120016,-0.075412
unmet_needs,13.0,-0.097395,-0.105683,-0.088547,-0.120291,-0.075579
unmet_needs,13.25,-0.097642,-0.105986,-0.088738,-0.120592,-0.075772
unmet_needs,13.5,-0.097895,-0.106295,-0.088935,-0.120899,-0.075971
unmet_needs,13.75,-0.098136,-0.106592,-0.08912,-0.121194,-0.076158
unmet_needs,14.0,-0.098347,-0.106859,-0.089275,-0.121459,-0.076315
unmet_needs,14.25,-0.098512,-0.10708,-0.089384,-0.121678,-0.076426
unmet_needs,14.5,-0.098616,-0.10724,-0.089432,-0.121836,-0.076476
unmet_needs,14.75,-0.098648,-0.107328,-0.089408,-0.121922,-0.076454
unmet_needs,15.0,-0.098601,-0.107337,-0.089305,-0.121929,-0.076353
unmet_needs,15.25,-0.098474,-0.107266,-0.089122,-0.121856,-0.076172
unmet_needs,15.5,-0.098268,-0.107116,-0.08886,-0.121704,-0.075912
unmet_needs,15.75,-0.097991,-0.106895,-0.088527,-0.121481,-0.075581
unmet_needs,16.0,-0.097654,-0.106614,-0.088134,-0.121198,-0.07519
unmet_needs,16.25,-0.09727,-0.106286,-0.087694,-0.120868,-0.074752
unmet_needs,16.5,-0.096857,-0.105929,-0.087225,-0.120509,-0.074285
unmet_needs,16.75,-0.096433,-0.105561,-0.086745,-0.120139,-0.073807
unmet_needs,17.0,-0.096017,-0.105201,-0.086273,-0.119777,-0.073337
unmet_needs,17.25,-0.095626,-0.104866,-0.085826,-0.11944,-0.072892
unmet_needs,17.5,-0.095275,-0.104571,-0.085419,-0.119143,-0.072487
unmet_needs,17.75,-0.094979,-0.104331,-0.085067,-0.118901,-0.072137
unmet_needs,18.0,-0.094746,-0.104154,-0.084778,-0.118722,-0.07185
unmet_needs,18.25,-0.09458,-0.104044,-0.084556,-0.11861,-0.07163
unmet_needs,18.5,-0.094483,-0.104003,-0.084403,-0.118567,-0.071479
unmet_needs,18.75,-0.094449,-0.104025,-0.084313,-0.118587,-0.071391
unmet_needs,19.0,-0.09447,-0.104102,-0.084278,-0.118662,-0.071358
unmet_needs,19.25,-0.094533,-0.104221,-0.084285,-0.118779,-0.071367
unmet_needs,19.5,-0.094623,-0.104367,-0.084319,-0.118923,-0.071403
unmet_needs,19.75,-0.094723,-0.104523,-0.084363,-0.119077,-0.071449
unmet_needs,20.0,-0.094813,-0.104669,-0.084397,-0.119221,-0.071485
housing,5.0,-0.049782,-0.05995,-0.038994,-0.075766,-0.024958
housing,5.25,-0.050025,-0.060131,-0.039299,-0.075951,-0.025259
housing,5.5,-0.050322,-0.060366,-0.039658,-0.07619,-0.025614
housing,5.75,-0.05066,-0.060642,-0.040058,-0.07647,-0.02601
housing,6.0,-0.051024,-0.060944,-0.040484,-0.076776,-0.026432
housing,6.25,-0.051395,-0.061253,-0.040917,-0.077089,-0.026861
housing,6.5,-0.051754,-0.06155,-0.041338,-0.07739,-0.027278
housing,6.75,-0.052084,-0.061818,-0.04173,-0.077662,-0.027666
housing,7.0,-0.052368,-0.06204,-0.042076,-0.077888,-0.028008
housing,7.25,-0.052592,-0.062202,-0.042362,-0.078054,-0.02829
housing,7.5,-0.052746,-0.062294,-0.042578,-0.07815,-0.028502
housing,7.75,-0.052824,-0.06231,-0.042718,-0.07817,-0.028638
housing,8.0,-0.052824,-0.062248,-0.04278,-0.078112,-0.028696
housing,8.25,-0.052749,-0.062111,-0.042767,-0.077979,-0.028679
housing,8.5,-0.052607,-0.061907,-0.042687,-0.077779,-0.028595
housing,8.75,-0.052408,-0.061646,-0.04255,-0.077522,-0.028454
housing,9.0,-0.052169,-0.061345,-0.042373,-0.077225,-0.028273
housing,9.25,-0.051905,-0.061019,-0.042171,-0.076903,-0.028067
housing,9.5,-0.051635,-0.060687,-0.041963,-0.076575,-0.027855
housing,9.75,-0.051378,-0.060368,-0.041768,-0.07626,-0.027656
housing,10.0,-0.051152,-0.06008,-0.041604,-0.075976,-0.027488
housing,10.25,-0.050971,-0.059837,-0.041485,-0.075737,-0.027365
housing,10.5,-0.050848,-0.059652,-0.041424,-0.075556,-0.0273
housing,10.75,-0.050791,-0.059533,-0.041429,-0.075441,-0.027301
housing,11.0,-0.050806,-0.059486,-0.041506,-0.075398,-0.027374
housing,11.25,-0.050891,-0.059633,-0.041529,-0.075425,-0.027517
housing,11.5,-0.051042,-0.059846,-0.041618,-0.075518,-0.027726
housing,11.75,-0.051249,-0.060115,-0.041763,-0.075667,-0.027991
housing,12.0,-0.051499,-0.060427,-0.041951,-0.075859,-0.028299
housing,12.25,-0.051776,-0.060766,-0.042166,-0.076194,-0.028518
housing,12.5,-0.052064,-0.061116,-0.042392,-0.07654,-0.028748
housing,12.75,-0.052342,-0.061456,-0.042608,-0.076876,-0.028968
housing,13.0,-0.052593,-0.061769,-0.042797,-0.077185,-0.029161
housing,13.25,-0.0528,-0.062038,-0.042942,-0.07745,-0.02931
housing,13.5,-0.052949,-0.062249,-0.043029,-0.077657,-0.029401
housing,13.75,-0.053029,-0.062391,-0.043047,-0.077795,-0.029423
housing,14.0,-0.053033,-0.062457,-0.042989,-0.077857,-0.029369
housing,14.25,-0.05296,-0.062446,-0.042854,-0.077842,-0.029238
housing,14.5,-0.052811,-0.062359,-0.042643,-0.077751,-0.029031
housing,14.75,-0.052593,-0.062203,-0.042363,-0.077591,-0.028755
housing,15.0,-0.052317,-0.061989,-0.042025,-0.077373,-0.028421
housing,15.25,-0.051998,-0.061732,-0.041644,-0.077112,-0.028044
housing,15.5,-0.051653,-0.061449,-0.041237,-0.076825,-0.027641
housing,15.75,-0.051299,-0.061157,-0.040821,-0.076529,-0.027229
housing,16.0,-0.050956,-0.060876,-0.040416,-0.076244,-0.026828
housing,16.25,-0.05064,-0.060622,-0.040038,-0.075986,-0.026454
housing,16.5,-0.050369,-0.060413,-0.039705,-0.075773,-0.026125
housing,16.75,-0.050154,-0.06026,-0.039428,-0.075616,-0.025852
housing,17.0,-0.050005,-0.060173,-0.039217,-0.075525,-0.025645
housing,17.25,-0.049926,-0.060156,-0.039076,-0.075504,-0.025508
housing,17.5,-0.049918,-0.06021,-0.039006,-0.075554,-0.025442
housing,17.75,-0.049977,-0.060331,-0.039003,-0.075671,-0.025443
housing,18.0,-0.050093,-0.060509,-0.039057,-0.075845,-0.025501
housing,18.25,-0.050254,-0.060732,-0.039156,-0.076064,-0.025604
housing,18.5,-0.050446,-0.060986,-0.039286,-0.076314,-0.025738
housing,18.75,-0.050649,-0.061251,-0.039427,-0.076575,-0.025883
housing,19.0,-0.050845,-0.061509,-0.039561,-0.076829,-0.026021
housing,19.25,-0.051017,-0.061743,-0.039671,-0.077059,-0.026135
housing,19.5,-0.051147,-0.061935,-0.039739,-0.077247,-0.026207
housing,19.75,-0.051221,-0.062071,-0.039751,-0.077379,-0.026223
housing,20.0,-0.051227,-0.062139,-0.039695,-0.077443,-0.026171
health,5.0,-0.02008,-0.031232,-0.008248,-0.047856,0.006456
health,5.25,-0.020435,-0.031519,-0.008671,-0.048149,0.006039
health,5.5,-0.020781,-0.031797,-0.009085,-0.048433,0.005631
health,5.75,-0.021098,-0.032046,-0.00947,-0.048688,0.005252
health,6.0,-0.02137,-0.03225,-0.00981,-0.048898,0.004918
health,6.25,-0.021584,-0.032396,-0.010092,-0.04905,0.004642
health,6.5,-0.021729,-0.032473,-0.010305,-0.049133,0.004435
health,6.75,-0.021798,-0.032474,-0.010442,-0.04914,0.004304
health,7.0,-0.021791,-0.032399,-0.010503,-0.049071,0.004249
health,7.25,-0.02171,-0.03225,-0.01049,-0.048928,0.004268
health,7.5,-0.021562,-0.032034,-0.01041,-0.048718,0.004354
health,7.75,-0.02136,-0.031764,-0.010276,-0.048454,0.004494
health,8.0,-0.021118,-0.031454,-0.010102,-0.04815,0.004674
health,8.25,-0.020852,-0.03112,-0.009904,-0.047822,0.004878
health,8.5,-0.020582,-0.030782,-0.009702,-0.04749,0.005086
health,8.75,-0.020326,-0.030458,-0.009514,-0.047172,0.00528
health,9.0,-0.020101,-0.030165,-0.009357,-0.046885,0.005443
health,9.25,-0.019922,-0.029918,-0.009246,-0.046644,0.00556
health,9.5,-0.019803,-0.029731,-0.009195,-0.046463,0.005617
health,9.75,-0.019752,-0.029612,-0.009212,-0.04635,0.005606
health,10.0,-0.019773,-0.029565,-0.009301,-0.046309,0.005523
health,10.25,-0.019865,-0.029589,-0.009461,-0.046339,0.005369
health,10.5,-0.020024,-0.02968,-0.009688,-0.046436,0.005148
health,10.75,-0.02024,-0.029828,-0.009972,-0.04659,0.00487
health,11.0,-0.020501,-0.030021,-0.010301,-0.046789,0.004547
health,11.25,-0.02079,-0.030378,-0.010522,-0.047016,0.004196
health,11.5,-0.02109,-0.030746,-0.010754,-0.047254,0.003834
health,11.75,-0.021382,-0.031106,-0.010978,-0.047484,0.00348
health,12.0,-0.021648,-0.03144,-0.011176,-0.047688,0.003152
health,12.25,-0.021872,-0.031732,-0.011332,-0.047974,0.00299
health,12.5,-0.022038,-0.031966,-0.01143,-0.048202,0.002886
health,12.75,-0.022136,-0.032132,-0.01146,-0.048362,0.00285
health,13.0,-0.02216,-0.032224,-0.011416,-0.048448,0.002888
health,13.25,-0.022107,-0.032239,-0.011295,-0.048457,0.003003
health,13.5,-0.021979,-0.032179,-0.011099,-0.048391,0.003193
health,13.75,-0.021784,-0.032052,-0.010836,-0.048258,0.00345
health,14.0,-0.021533,-0.031869,-0.010517,-0.048069,0.003763
health,14.25,-0.021239,-0.031643,-0.010155,-0.047837,0.004119
health,14.5,-0.02092,-0.031392,-0.009768,-0.04758,0.0045
health,14.75,-0.020593,-0.031133,-0.009373,-0.047315,0.004889
health,15.0,-0.020278,-0.030886,-0.00899,-0.047062,0.005266
health,15.25,-0.019992,-0.030668,-0.008636,-0.046838,0.005614
health,15.5,-0.019751,-0.030495,-0.008327,-0.046659,0.005917
health,15.75,-0.019568,-0.03038,-0.008076,-0.046538,0.006162
health,16.0,-0.019451,-0.030331,-0.007891,-0.046483,0.006341
health,16.25,-0.019407,-0.030355,-0.007779,-0.046501,0.006447
health,16.5,-0.019434,-0.03045,-0.007738,-0.04659,0.006482
health,16.75,-0.019528,-0.030612,-0.007764,-0.046746,0.00645
health,17.0,-0.019682,-0.030834,-0.00785,-0.046962,0.006358
health,17.25,-0.019882,-0.031102,-0.007982,-0.047224,0.00622
health,17.5,-0.020112,-0.0314,-0.008144,-0.047516,0.006052
health,17.75,-0.020356,-0.031712,-0.00832,-0.047822,0.00587
health,18.0,-0.020594,-0.032018,-0.00849,-0.048122,0.005694
health,18.25,-0.020809,-0.032301,-0.008637,-0.048399,0.005541
health,18.5,-0.020983,-0.032543,-0.008743,-0.048635,0.005429
health,18.75,-0.021102,-0.03273,-0.008794,-0.048816,0.005372
health,19.0,-0.021154,-0.03285,-0.008778,-0.04893,0.005382
health,19.25,-0.021132,-0.032896,-0.008688,-0.04897,0.005466
health,19.5,-0.021033,-0.032865,-0.008521,-0.048933,0.005627
health,19.75,-0.020859,-0.032759,-0.008279,-0.048821,0.005863
health,20.0,-0.020617,-0.032585,-0.007969,-0.048641,0.006167
education,5.0,-0.013157,-0.025293,-0.000281,-0.042725,0.015091
education,5.25,-0.01338,-0.025442,-0.000578,-0.042882,0.014802
education,5.5,-0.013533,-0.025521,-0.000805,-0.042969,0.014583
education,5.75,-0.013611,-0.025525,-0.000957,-0.042981,0.014439
education,6.0,-0.013613,-0.025453,-0.001033,-0.042917,0.014371
education,6.25,-0.013541,-0.025307,-0.001035,-0.042779,0.014377
education,6.5,-0.013402,-0.025094,-0.00097,-0.042574,0.01445
education,6.75,-0.013209,-0.024827,-0.000851,-0.042315,0.014577
education,7.0,-0.012975,-0.024519,-0.000691,-0.042015,0.014745
education,7.25,-0.012719,-0.024189,-0.000509,-0.041693,0.014935
education,7.5,-0.012457,-0.023853,-0.000321,-0.041365,0.015131
education,7.75,-0.01221,-0.023532,-0.000148,-0.041052,0.015312
education,8.0,-0.011994,-0.023242,-6e-06,-0.04077,0.015462
education,8.25,-0.011825,-0.022999,8.9e-05,-0.040535,0.015565
education,8.5,-0.011714,-0.022814,0.000126,-0.040358,0.01561
education,8.75,-0.011672,-0.022698,9.4e-05,-0.04025,0.015586
education,9.0,-0.011702,-0.022654,-1e-05,-0.040214,0.01549
education,9.25,-0.011803,-0.022681,-0.000185,-0.040249,0.015323
education,9.5,-0.011971,-0.022775,-0.000427,-0.040351,0.015089
education,9.75,-0.012196,-0.022926,-0.000726,-0.04051,0.014798
education,10.0,-0.012465,-0.023121,-0.001069,-0.040713,0.014463
education,10.25,-0.012764,-0.023346,-0.001442,-0.040946,0.014098
education,10.5,-0.013072,-0.02358,-0.001824,-0.041188,0.013724
education,10.75,-0.013373,-0.023807,-0.002199,-0.041423,0.013357
education,11.0,-0.013648,-0.024008,-0.002548,-0.041632,0.013016
education,11.25,-0.013881,-0.024315,-0.002707,-0.041799,0.012717
education,11.5,-0.014056,-0.024564,-0.002808,-0.041908,0.012476
education,11.75,-0.014163,-0.024745,-0.002841,-0.041949,0.012303
education,12.0,-0.014196,-0.024852,-0.0028,-0.041916,0.012204
education,12.25,-0.014151,-0.024881,-0.002681,-0.041937,0.012315
education,12.5,-0.014033,-0.024837,-0.002489,-0.041885,0.012499
education,12.75,-0.013847,-0.024725,-0.002229,-0.041765,0.012751
education,13.0,-0.013604,-0.024556,-0.001912,-0.041588,0.01306
education,13.25,-0.013319,-0.024345,-0.001553,-0.041369,0.013411
education,13.5,-0.013008,-0.024108,-0.001168,-0.041124,0.013788
education,13.75,-0.012691,-0.023865,-0.000777,-0.040873,0.014171
education,14.0,-0.012385,-0.023633,-0.000397,-0.040633,0.014543
education,14.25,-0.012108,-0.02343,-4.6e-05,-0.040422,0.014886
education,14.5,-0.011875,-0.023271,0.000261,-0.040255,0.015185
education,14.75,-0.011701,-0.023171,0.000509,-0.040147,0.015425
education,15.0,-0.011593,-0.023137,0.000691,-0.040105,0.015599
education,15.25,-0.011558,-0.023176,0.0008,-0.040136,0.0157
education,15.5,-0.011594,-0.023286,0.000838,-0.040238,0.01573
education,15.75,-0.011697,-0.023463,0.000809,-0.040407,0.015693
education,16.0,-0.01186,-0.0237,0.00072,-0.040636,0.015596
education,16.25,-0.012068,-0.023982,0.000586,-0.04091,0.015454
education,16.5,-0.012308,-0.024296,0.00042,-0.041216,0.01528
education,16.75,-0.01256,-0.024622,0.000242,-0.041534,0.015094
education,17.0,-0.012808,-0.024944,6.8e-05,-0.041848,0.014912
education,17.25,-0.013031,-0.025241,-8.1e-05,-0.042137,0.014755
education,17.5,-0.013214,-0.025498,-0.00019,-0.042386,0.014638
education,17.75,-0.013342,-0.0257,-0.000244,-0.04258,0.014576
education,18.0,-0.013403,-0.025835,-0.000231,-0.042707,0.014581
education,18.25,-0.01339,-0.025896,-0.000144,-0.04276,0.01466
education,18.5,-0.0133,-0.02588,2e-05,-0.042736,0.014816
education,18.75,-0.013135,-0.025789,0.000259,-0.042637,0.015047
education,19.0,-0.012901,-0.025629,0.000567,-0.042469,0.015347
education,19.25,-0.012609,-0.025411,0.000933,-0.042243,0.015705
education,19.5,-0.012273,-0.025149,0.001343,-0.041973,0.016107
education,19.75,-0.011909,-0.024859,0.001781,-0.041675,0.016537
education,20.0,-0.011536,-0.02456,0.002228,-0.041368,0.016976
consumption,5.0,-0.0204,-0.03352,-0.00648,-0.05176,0.00956
consumption,5.25,-0.020336,-0.033376,-0.006496,-0.051626,0.009554
consumption,5.5,-0.020207,-0.033167,-0.006447,-0.051427,0.009613
consumption,5.75,-0.020022,-0.032902,-0.006342,-0.051172,0.009728
consumption,6.0,-0.019798,-0.032598,-0.006198,-0.050878,0.009882
consumption,6.25,-0.01955,-0.03227,-0.00603,-0.05056,0.01006
consumption,6.5,-0.019297,-0.031937,-0.005857,-0.050237,0.010243
consumption,6.75,-0.019059,-0.031619,-0.005699,-0.049929,0.010411
consumption,7.0,-0.018852,-0.031332,-0.005572,-0.049652,0.010548
consumption,7.25,-0.018691,-0.031091,-0.005491,-0.049421,0.010639
consumption,7.5,-0.01859,-0.03091,-0.00547,-0.04925,0.01067
consumption,7.75,-0.018556,-0.030796,-0.005516,-0.049146,0.010634
consumption,8.0,-0.018595,-0.030755,-0.005635,-0.049115,0.010525
consumption,8.25,-0.018705,-0.030785,-0.005825,-0.049155,0.010345
consumption,8.5,-0.018882,-0.030882,-0.006082,-0.049262,0.010098
consumption,8.75,-0.019116,-0.031036,-0.006396,-0.049426,0.009794
consumption,9.0,-0.019394,-0.031234,-0.006754,-0.049634,0.009446
consumption,9.25,-0.019701,-0.031461,-0.007141,-0.049871,0.009069
consumption,9.5,-0.020019,-0.031699,-0.007539,-0.050119,0.008681
consumption,9.75,-0.020329,-0.031929,-0.007929,-0.050359,0.008301
consumption,10.0,-0.020613,-0.032133,-0.008293,-0.050573,0.007947
consumption,10.25,-0.020854,-0.032294,-0.008614,-0.050744,0.007636
consumption,10.5,-0.021038,-0.032398,-0.008878,-0.050858,0.007382
consumption,10.75,-0.021154,-0.032434,-0.009074,-0.050904,0.007196
consumption,11.0,-0.021196,-0.032396,-0.009196,-0.050876,0.007084
consumption,11.25,-0.02116,-0.03244,-0.00908,-0.05077,0.00705
consumption,11.5,-0.021051,-0.032411,-0.008891,-0.050591,0.007089
consumption,11.75,-0.020873,-0.032313,-0.008633,-0.050343,0.007197
consumption,12.0,-0.020639,-0.032159,-0.008319,-0.050039,0.007361
consumption,12.25,-0.020363,-0.031963,-0.007963,-0.049833,0.007707
consumption,12.5,-0.020062,-0.031742,-0.007582,-0.049602,0.008078
consumption,12.75,-0.019753,-0.031513,-0.007193,-0.049363,0.008457
consumption,13.0,-0.019456,-0.031296,-0.006816,-0.049136,0.008824
consumption,13.25,-0.019188,-0.031108,-0.006468,-0.048938,0.009162
consumption,13.5,-0.018964,-0.030964,-0.006164,-0.048784,0.009456
consumption,13.75,-0.018799,-0.030879,-0.005919,-0.048689,0.009691
consumption,14.0,-0.0187,-0.03086,-0.00574,-0.04866,0.00986
consumption,14.25,-0.018673,-0.030913,-0.005633,-0.048703,0.009957
consumption,14.5,-0.018718,-0.031038,-0.005598,-0.048818,0.009982
consumption,14.75,-0.018831,-0.031231,-0.005631,-0.049001,0.009939
consumption,15.0,-0.019002,-0.031482,-0.005722,-0.049242,0.009838
consumption,15.25,-0.019219,-0.031779,-0.005859,-0.049529,0.009691
consumption,15.5,-0.019468,-0.032108,-0.006028,-0.049848,0.009512
consumption,15.75,-0.019729,-0.032449,-0.006209,-0.050179,0.009321
consumption,16.0,-0.019985,-0.032785,-0.006385,-0.050505,0.009135
consumption,16.25,-0.020218,-0.033098,-0.006538,-0.050808,0.008972
consumption,16.5,-0.02041,-0.03337,-0.00665,-0.05107,0.00885
consumption,16.75,-0.020546,-0.033586,-0.006706,-0.051276,0.008784
consumption,17.0,-0.020616,-0.033736,-0.006696,-0.051416,0.008784
consumption,17.25,-0.020612,-0.033812,-0.006612,-0.051482,0.008858
consumption,17.5,-0.020531,-0.033811,-0.006451,-0.051471,0.009009
consumption,17.75,-0.020375,-0.033735,-0.006215,-0.051385,0.009235
consumption,18.0,-0.02015,-0.03359,-0.00591,-0.05123,0.00953
consumption,18.25,-0.019867,-0.033387,-0.005547,-0.051017,0.009883
consumption,18.5,-0.01954,-0.03314,-0.00514,-0.05076,0.01028
consumption,18.75,-0.019185,-0.032865,-0.004705,-0.050475,0.010705
consumption,19.0,-0.01882,-0.03258,-0.00426,-0.05018,0.01114
consumption,19.25,-0.018464,-0.032304,-0.003824,-0.049894,0.011566
consumption,19.5,-0.018136,-0.032056,-0.003416,-0.049636,0.011964
consumption,19.75,-0.01785,-0.03185,-0.00305,-0.04942,0.01232
consumption,20.0,-0.01762,-0.0317,-0.00274,-0.04926,0.01262
