panel,series,duration,event
A  Referral status,Non-referred,0.2,0
A  Referral status,Non-referred,3.9,1
A  Referral status,Non-referred,7.6,1
A  Referral status,Non-referred,1.2,1
A  Referral status,Non-referred,4.9,1
A  Referral status,Non-referred,8.6,1
A  Referral status,Non-referred,2.2,1
A  Referral status,Non-referred,5.9,0
A  Referral status,Non-referred,9.6,1
A  Referral status,Non-referred,3.2,1
A  Referral status,Non-referred,6.9,1
A  Referral status,Non-referred,0.5,1
A  Referral status,Non-referred,4.2,1
A  Referral status,Non-referred,7.9,1
A  Referral status,Non-referred,1.5,0
A  Referral status,Non-referred,5.2,1
A  Referral status,Non-referred,8.9,1
A  Referral status,Non-referred,2.5,1
A  Referral status,Non-referred,6.2,1
A  Referral status,Non-referred,9.9,1
A  Referral status,Non-referred,3.5,1
A  Referral status,Non-referred,7.2,0
A  Referral status,Non-referred,0.8,1
A  Referral status,Non-referred,4.5,1
A  Referral status,Non-referred,8.2,1
A  Referral status,Non-referred,1.8,1
A  Referral status,Non-referred,5.5,1
A  Referral status,Non-referred,9.2,1
A  Referral status,Non-referred,2.8,0
A  Referral status,Non-referred,6.5,1
A  Referral status,Non-referred,10.2,1
A  Referral status,Non-referred,3.8,1
A  Referral status,Non-referred,7.5,1
A  Referral status,Non-referred,1.1,1
A  Referral status,Non-referred,4.8,1
A  Referral status,Non-referred,8.5,0
A  Referral status,Non-referred,2.1,1
A  Referral status,Non-referred,5.8,1
A  Referral status,Non-referred,9.5,1
A  Referral status,Non-referred,3.1,1
A  Referral status,Non-referred,6.8,1
A  Referral status,Non-referred,0.4,1
A  Referral status,Non-referred,4.1,0
A  Referral status,Non-referred,7.8,1
A  Referral status,Non-referred,1.4,1
A  Referral status,Non-referred,5.1,1
A  Referral status,Non-referred,8.8,1
A  Referral status,Non-referred,2.4,1
A  Referral status,Non-referred,6.1,1
A  Referral status,Non-referred,9.8,0
A  Referral status,Non-referred,3.4,1
A  Referral status,Non-referred,7.1,1
A  Referral status,Non-referred,0.7,1
A  Referral status,Non-referred,4.4,1
A  Referral status,Non-referred,8.1,1
A  Referral status,Non-referred,1.7,1
A  Referral status,Non-referred,5.4,0
A  Referral status,Non-referred,9.1,1
A  Referral status,Non-referred,2.7,1
A  Referral status,Non-referred,6.4,1
A  Referral status,Non-referred,10.1,1
A  Referral status,Non-referred,3.7,1
A  Referral status,Non-referred,7.4,1
A  Referral status,Non-referred,1.0,0
A  Referral status,Non-referred,4.7,1
A  Referral status,Non-referred,8.4,1
A  Referral status,Non-referred,2.0,1
A  Referral status,Non-referred,5.7,1
A  Referral status,Non-referred,9.4,1
A  Referral status,Non-referred,3.0,1
A  Referral status,Non-referred,6.7,0
A  Referral status,Non-referred,0.3,1
A  Referral status,Non-referred,4.0,1
A  Referral status,Non-referred,7.7,1
A  Referral status,Non-referred,1.3,1
A  Referral status,Non-referred,5.0,1
A  Referral status,Non-referred,8.7,1
A  Referral status,Non-referred,2.3,0
A  Referral status,Non-referred,6.0,1
A  Referral status,Non-referred,9.7,1
A  Referral status,Non-referred,3.3,1
A  Referral status,Non-referred,7.0,1
A  Referral status,Non-referred,0.6,1
A  Referral status,Non-referred,4.3,1
A  Referral status,Non-referred,8.0,0
A  Referral status,Non-referred,1.6,1
A  Referral status,Non-referred,5.3,1
A  Referral status,Non-referred,9.0,1
A  Referral status,Non-referred,2.6,1
A  Referral status,Non-referred,6.3,1
A  Referral status,Referred,0.2,0
A  Referral status,Referred,5.2,1
A  Referral status,Referred,10.19,1
A  Referral status,Referred,1.55,1
A  Referral status,Referred,6.55,1
A  Referral status,Referred,11.54,1
A  Referral status,Referred,2.9,1
A  Referral status,Referred,7.9,0
A  Referral status,Referred,12.89,1
A  Referral status,Referred,4.25,1
A  Referral status,Referred,9.25,1
A  Referral status,Referred,0.6,1
A  Referral status,Referred,5.6,1
A  Referral status,Referred,10.6,1
A  Referral status,Referred,1.96,0
A  Referral status,Referred,6.95,1
A  Referral status,Referred,11.94,1
A  Referral status,Referred,3.31,1
A  Referral status,Referred,8.3,1
A  Referral status,Referred,13.29,1
A  Referral status,Referred,4.66,1
A  Referral status,Referred,9.65,0
A  Referral status,Referred,1.01,1
A  Referral status,Referred,6.0,1
A  Referral status,Referred,11.0,1
A  Referral status,Referred,2.36,1
A  Referral status,Referred,7.36,1
A  Referral status,Referred,12.35,1
A  Referral status,Referred,3.71,0
A  Referral status,Referred,8.71,1
A  Referral status,Referred,13.7,1
A  Referral status,Referred,5.06,1
A  Referral status,Referred,10.05,1
A  Referral status,Referred,1.42,1
A  Referral status,Referred,6.41,1
A  Referral status,Referred,11.41,0
A  Referral status,Referred,2.77,1
A  Referral status,Referred,7.76,1
A  Referral status,Referred,12.76,1
A  Referral status,Referred,4.12,1
A  Referral status,Referred,9.11,1
A  Referral status,Referred,0.47,1
A  Referral status,Referred,5.47,0
A  Referral status,Referred,10.46,1
A  Referral status,Referred,1.82,1
A  Referral status,Referred,6.82,1
A  Referral status,Referred,11.81,1
A  Referral status,Referred,3.17,1
A  Referral status,Referred,8.17,1
A  Referral status,Referred,13.16,0
A  Referral status,Referred,4.52,1
A  Referral status,Referred,9.52,1
A  Referral status,Referred,0.88,1
A  Referral status,Referred,5.87,1
A  Referral status,Referred,10.87,1
A  Referral status,Referred,2.23,1
A  Referral status,Referred,7.22,0
A  Referral status,Referred,12.21,1
A  Referral status,Referred,3.58,1
A  Referral status,Referred,8.57,1
A  Referral status,Referred,13.57,1
A  Referral status,Referred,4.93,1
A  Referral status,Referred,9.92,1
A  Referral status,Referred,1.28,0
A  Referral status,Referred,6.28,1
A  Referral status,Referred,11.27,1
A  Referral status,Referred,2.63,1
A  Referral status,Referred,7.63,1
A  Referral status,Referred,12.62,1
A  Referral status,Referred,3.98,1
A  Referral status,Referred,8.97,0
A  Referral status,Referred,0.34,1
A  Referral status,Referred,5.33,1
A  Referral status,Referred,10.32,1
A  Referral status,Referred,1.69,1
A  Referral status,Referred,6.68,1
A  Referral status,Referred,11.68,1
A  Referral status,Referred,3.04,0
A  Referral status,Referred,8.03,1
A  Referral status,Referred,13.03,1
A  Referral status,Referred,4.39,1
A  Referral status,Referred,9.38,1
A  Referral status,Referred,0.74,1
A  Referral status,Referred,5.74,1
A  Referral status,Referred,10.73,0
A  Referral status,Referred,2.09,1
A  Referral status,Referred,7.08,1
A  Referral status,Referred,12.08,1
A  Referral status,Referred,3.44,1
A  Referral status,Referred,8.43,1
B  Bonus amount,Low,0.2,0
B  Bonus amount,Low,3.9,1
B  Bonus amount,Low,7.6,1
B  Bonus amount,Low,1.2,1
B  Bonus amount,Low,4.9,1
B  Bonus amount,Low,8.6,1
B  Bonus amount,Low,2.2,1
B  Bonus amount,Low,5.9,0
B  Bonus amount,Low,9.6,1
B  Bonus amount,Low,3.2,1
B  Bonus amount,Low,6.9,1
B  Bonus amount,Low,0.5,1
B  Bonus amount,Low,4.2,1
B  Bonus amount,Low,7.9,1
B  Bonus amount,Low,1.5,0
B  Bonus amount,Low,5.2,1
B  Bonus amount,Low,8.9,1
B  Bonus amount,Low,2.5,1
B  Bonus amount,Low,6.2,1
B  Bonus amount,Low,9.9,1
B  Bonus amount,Low,3.5,1
B  Bonus amount,Low,7.2,0
B  Bonus amount,Low,0.8,1
B  Bonus amount,Low,4.5,1
B  Bonus amount,Low,8.2,1
B  Bonus amount,Low,1.8,1
B  Bonus amount,Low,5.5,1
B  Bonus amount,Low,9.2,1
B  Bonus amount,Low,2.8,0
B  Bonus amount,Low,6.5,1
B  Bonus amount,Low,10.2,1
B  Bonus amount,Low,3.8,1
B  Bonus amount,Low,7.5,1
B  Bonus amount,Low,1.1,1
B  Bonus amount,Low,4.8,1
B  Bonus amount,Low,8.5,0
B  Bonus amount,Low,2.1,1
B  Bonus amount,Low,5.8,1
B  Bonus amount,Low,9.5,1
B  Bonus amount,Low,3.1,1
B  Bonus amount,Low,6.8,1
B  Bonus amount,Low,0.4,1
B  Bonus amount,Low,4.1,0
B  Bonus amount,Low,7.8,1
B  Bonus amount,Low,1.4,1
B  Bonus amount,Low,5.1,1
B  Bonus amount,Low,8.8,1
B  Bonus amount,Low,2.4,1
B  Bonus amount,Low,6.1,1
B  Bonus amount,Low,9.8,0
B  Bonus amount,Low,3.4,1
B  Bonus amount,Low,7.1,1
B  Bonus amount,Low,0.7,1
B  Bonus amount,Low,4.4,1
B  Bonus amount,Low,8.1,1
B  Bonus amount,Low,1.7,1
B  Bonus amount,Low,5.4,0
B  Bonus amount,Low,9.1,1
B  Bonus amount,Low,2.7,1
B  Bonus amount,Low,6.4,1
B  Bonus amount,Low,10.1,1
B  Bonus amount,Low,3.7,1
B  Bonus amount,Low,7.4,1
B  Bonus amount,Low,1.0,0
B  Bonus amount,Low,4.7,1
B  Bonus amount,Low,8.4,1
B  Bonus amount,Low,2.0,1
B  Bonus amount,Low,5.7,1
B  Bonus amount,Low,9.4,1
B  Bonus amount,Low,3.0,1
B  Bonus amount,Low,6.7,0
B  Bonus amount,Low,0.3,1
B  Bonus amount,Low,4.0,1
B  Bonus amount,Low,7.7,1
B  Bonus amount,Low,1.3,1
B  Bonus amount,Low,5.0,1
B  Bonus amount,Low,8.7,1
B  Bonus amount,Low,2.3,0
B  Bonus amount,Low,6.0,1
B  Bonus amount,Low,9.7,1
B  Bonus amount,Low,3.3,1
B  Bonus amount,Low,7.0,1
B  Bonus amount,Low,0.6,1
B  Bonus amount,Low,4.3,1
B  Bonus amount,Low,8.0,0
B  Bonus amount,Low,1.6,1
B  Bonus amount,Low,5.3,1
B  Bonus amount,Low,9.0,1
B  Bonus amount,Low,2.6,1
B  Bonus amount,Low,6.3,1
B  Bonus amount,Mid,0.2,0
B  Bonus amount,Mid,4.64,1
B  Bonus amount,Mid,9.08,1
B  Bonus amount,Mid,1.4,1
B  Bonus amount,Mid,5.84,1
B  Bonus amount,Mid,10.28,1
B  Bonus amount,Mid,2.6,1
B  Bonus amount,Mid,7.04,0
B  Bonus amount,Mid,11.48,1
B  Bonus amount,Mid,3.8,1
B  Bonus amount,Mid,8.24,1
B  Bonus amount,Mid,0.56,1
B  Bonus amount,Mid,5.0,1
B  Bonus amount,Mid,9.44,1
B  Bonus amount,Mid,1.76,0
B  Bonus amount,Mid,6.2,1
B  Bonus amount,Mid,10.64,1
B  Bonus amount,Mid,2.96,1
B  Bonus amount,Mid,7.4,1
B  Bonus amount,Mid,11.84,1
B  Bonus amount,Mid,4.16,1
B  Bonus amount,Mid,8.6,0
B  Bonus amount,Mid,0.92,1
B  Bonus amount,Mid,5.36,1
B  Bonus amount,Mid,9.8,1
B  Bonus amount,Mid,2.12,1
B  Bonus amount,Mid,6.56,1
B  Bonus amount,Mid,11.0,1
B  Bonus amount,Mid,3.32,0
B  Bonus amount,Mid,7.76,1
B  Bonus amount,Mid,12.2,1
B  Bonus amount,Mid,4.52,1
B  Bonus amount,Mid,8.96,1
B  Bonus amount,Mid,1.28,1
B  Bonus amount,Mid,5.72,1
B  Bonus amount,Mid,10.16,0
B  Bonus amount,Mid,2.48,1
B  Bonus amount,Mid,6.92,1
B  Bonus amount,Mid,11.36,1
B  Bonus amount,Mid,3.68,1
B  Bonus amount,Mid,8.12,1
B  Bonus amount,Mid,0.44,1
B  Bonus amount,Mid,4.88,0
B  Bonus amount,Mid,9.32,1
B  Bonus amount,Mid,1.64,1
B  Bonus amount,Mid,6.08,1
B  Bonus amount,Mid,10.52,1
B  Bonus amount,Mid,2.84,1
B  Bonus amount,Mid,7.28,1
B  Bonus amount,Mid,11.72,0
B  Bonus amount,Mid,4.04,1
B  Bonus amount,Mid,8.48,1
B  Bonus amount,Mid,0.8,1
B  Bonus amount,Mid,5.24,1
B  Bonus amount,Mid,9.68,1
B  Bonus amount,Mid,2.0,1
B  Bonus amount,Mid,6.44,0
B  Bonus amount,Mid,10.88,1
B  Bonus amount,Mid,3.2,1
B  Bonus amount,Mid,7.64,1
B  Bonus amount,Mid,12.08,1
B  Bonus amount,Mid,4.4,1
B  Bonus amount,Mid,8.84,1
B  Bonus amount,Mid,1.16,0
B  Bonus amount,Mid,5.6,1
B  Bonus amount,Mid,10.04,1
B  Bonus amount,Mid,2.36,1
B  Bonus amount,Mid,6.8,1
B  Bonus amount,Mid,11.24,1
B  Bonus amount,Mid,3.56,1
B  Bonus amount,Mid,8.0,0
B  Bonus amount,Mid,0.32,1
B  Bonus amount,Mid,4.76,1
B  Bonus amount,Mid,9.2,1
B  Bonus amount,Mid,1.52,1
B  Bonus amount,Mid,5.96,1
B  Bonus amount,Mid,10.4,1
B  Bonus amount,Mid,2.72,0
B  Bonus amount,Mid,7.16,1
B  Bonus amount,Mid,11.6,1
B  Bonus amount,Mid,3.92,1
B  Bonus amount,Mid,8.36,1
B  Bonus amount,Mid,0.68,1
B  Bonus amount,Mid,5.12,1
B  Bonus amount,Mid,9.56,0
B  Bonus amount,Mid,1.88,1
B  Bonus amount,Mid,6.32,1
B  Bonus amount,Mid,10.76,1
B  Bonus amount,Mid,3.08,1
B  Bonus amount,Mid,7.52,1
B  Bonus amount,High,0.2,0
B  Bonus amount,High,5.75,1
B  Bonus amount,High,11.3,1
B  Bonus amount,High,1.7,1
B  Bonus amount,High,7.25,1
B  Bonus amount,High,12.8,1
B  Bonus amount,High,3.2,1
B  Bonus amount,High,8.75,0
B  Bonus amount,High,14.3,1
B  Bonus amount,High,4.7,1
B  Bonus amount,High,10.25,1
B  Bonus amount,High,0.65,1
B  Bonus amount,High,6.2,1
B  Bonus amount,High,11.75,1
B  Bonus amount,High,2.15,0
B  Bonus amount,High,7.7,1
B  Bonus amount,High,13.25,1
B  Bonus amount,High,3.65,1
B  Bonus amount,High,9.2,1
B  Bonus amount,High,14.75,1
B  Bonus amount,High,5.15,1
B  Bonus amount,High,10.7,0
B  Bonus amount,High,1.1,1
B  Bonus amount,High,6.65,1
B  Bonus amount,High,12.2,1
B  Bonus amount,High,2.6,1
B  Bonus amount,High,8.15,1
B  Bonus amount,High,13.7,1
B  Bonus amount,High,4.1,0
B  Bonus amount,High,9.65,1
B  Bonus amount,High,15.2,1
B  Bonus amount,High,5.6,1
B  Bonus amount,High,11.15,1
B  Bonus amount,High,1.55,1
B  Bonus amount,High,7.1,1
B  Bonus amount,High,12.65,0
B  Bonus amount,High,3.05,1
B  Bonus amount,High,8.6,1
B  Bonus amount,High,14.15,1
B  Bonus amount,High,4.55,1
B  Bonus amount,High,10.1,1
B  Bonus amount,High,0.5,1
B  Bonus amount,High,6.05,0
B  Bonus amount,High,11.6,1
B  Bonus amount,High,2.0,1
B  Bonus amount,High,7.55,1
B  Bonus amount,High,13.1,1
B  Bonus amount,High,3.5,1
B  Bonus amount,High,9.05,1
B  Bonus amount,High,14.6,0
B  Bonus amount,High,5.0,1
B  Bonus amount,High,10.55,1
B  Bonus amount,High,0.95,1
B  Bonus amount,High,6.5,1
B  Bonus amount,High,12.05,1
B  Bonus amount,High,2.45,1
B  Bonus amount,High,8.0,0
B  Bonus amount,High,13.55,1
B  Bonus amount,High,3.95,1
B  Bonus amount,High,9.5,1
B  Bonus amount,High,15.05,1
B  Bonus amount,High,5.45,1
B  Bonus amount,High,11.0,1
B  Bonus amount,High,1.4,0
B  Bonus amount,High,6.95,1
B  Bonus amount,High,12.5,1
B  Bonus amount,High,2.9,1
B  Bonus amount,High,8.45,1
B  Bonus amount,High,14.0,1
B  Bonus amount,High,4.4,1
B  Bonus amount,High,9.95,0
B  Bonus amount,High,0.35,1
B  Bonus amount,High,5.9,1
B  Bonus amount,High,11.45,1
B  Bonus amount,High,1.85,1
B  Bonus amount,High,7.4,1
B  Bonus amount,High,12.95,1
B  Bonus amount,High,3.35,0
B  Bonus amount,High,8.9,1
B  Bonus amount,High,14.45,1
B  Bonus amount,High,4.85,1
B  Bonus amount,High,10.4,1
B  Bonus amount,High,0.8,1
B  Bonus amount,High,6.35,1
B  Bonus amount,High,11.9,0
B  Bonus amount,High,2.3,1
B  Bonus amount,High,7.85,1
B  Bonus amount,High,13.4,1
B  Bonus amount,High,3.8,1
B  Bonus amount,High,9.35,1
C  Program assignment,Control,0.2,0
C  Program assignment,Control,3.9,1
C  Program assignment,Control,7.6,1
C  Program assignment,Control,1.2,1
C  Program assignment,Control,4.9,1
C  Program assignment,Control,8.6,1
C  Program assignment,Control,2.2,1
C  Program assignment,Control,5.9,0
C  Program assignment,Control,9.6,1
C  Program assignment,Control,3.2,1
C  Program assignment,Control,6.9,1
C  Program assignment,Control,0.5,1
C  Program assignment,Control,4.2,1
C  Program assignment,Control,7.9,1
C  Program assignment,Control,1.5,0
C  Program assignment,Control,5.2,1
C  Program assignment,Control,8.9,1
C  Program assignment,Control,2.5,1
C  Program assignment,Control,6.2,1
C  Program assignment,Control,9.9,1
C  Program assignment,Control,3.5,1
C  Program assignment,Control,7.2,0
C  Program assignment,Control,0.8,1
C  Program assignment,Control,4.5,1
C  Program assignment,Control,8.2,1
C  Program assignment,Control,1.8,1
C  Program assignment,Control,5.5,1
C  Program assignment,Control,9.2,1
C  Program assignment,Control,2.8,0
C  Program assignment,Control,6.5,1
C  Program assignment,Control,10.2,1
C  Program assignment,Control,3.8,1
C  Program assignment,Control,7.5,1
C  Program assignment,Control,1.1,1
C  Program assignment,Control,4.8,1
C  Program assignment,Control,8.5,0
C  Program assignment,Control,2.1,1
C  Program assignment,Control,5.8,1
C  Program assignment,Control,9.5,1
C  Program assignment,Control,3.1,1
C  Program assignment,Control,6.8,1
C  Program assignment,Control,0.4,1
C  Program assignment,Control,4.1,0
C  Program assignment,Control,7.8,1
C  Program assignment,Control,1.4,1
C  Program assignment,Control,5.1,1
C  Program assignment,Control,8.8,1
C  Program assignment,Control,2.4,1
C  Program assignment,Control,6.1,1
C  Program assignment,Control,9.8,0
C  Program assignment,Control,3.4,1
C  Program assignment,Control,7.1,1
C  Program assignment,Control,0.7,1
C  Program assignment,Control,4.4,1
C  Program assignment,Control,8.1,1
C  Program assignment,Control,1.7,1
C  Program assignment,Control,5.4,0
C  Program assignment,Control,9.1,1
C  Program assignment,Control,2.7,1
C  Program assignment,Control,6.4,1
C  Program assignment,Control,10.1,1
C  Program assignment,Control,3.7,1
C  Program assignment,Control,7.4,1
C  Program assignment,Control,1.0,0
C  Program assignment,Control,4.7,1
C  Program assignment,Control,8.4,1
C  Program assignment,Control,2.0,1
C  Program assignment,Control,5.7,1
C  Program assignment,Control,9.4,1
C  Program assignment,Control,3.0,1
C  Program assignment,Control,6.7,0
C  Program assignment,Control,0.3,1
C  Program assignment,Control,4.0,1
C  Program assignment,Control,7.7,1
C  Program assignment,Control,1.3,1
C  Program assignment,Control,5.0,1
C  Program assignment,Control,8.7,1
C  Program assignment,Control,2.3,0
C  Program assignment,Control,6.0,1
C  Program assignment,Control,9.7,1
C  Program assignment,Control,3.3,1
C  Program assignment,Control,7.0,1
C  Program assignment,Control,0.6,1
C  Program assignment,Control,4.3,1
C  Program assignment,Control,8.0,0
C  Program assignment,Control,1.6,1
C  Program assignment,Control,5.3,1
C  Program assignment,Control,9.0,1
C  Program assignment,Control,2.6,1
C  Program assignment,Control,6.3,1
C  Program assignment,Program,0.2,0
C  Program assignment,Program,4.49,1
C  Program assignment,Program,8.78,1
C  Program assignment,Program,1.36,1
C  Program assignment,Program,5.65,1
C  Program assignment,Program,9.94,1
C  Program assignment,Program,2.52,1
C  Program assignment,Program,6.81,0
C  Program assignment,Program,11.1,1
C  Program assignment,Program,3.68,1
C  Program assignment,Program,7.97,1
C  Program assignment,Program,0.55,1
C  Program assignment,Program,4.84,1
C  Program assignment,Program,9.13,1
C  Program assignment,Program,1.71,0
C  Program assignment,Program,6.0,1
C  Program assignment,Program,10.29,1
C  Program assignment,Program,2.87,1
C  Program assignment,Program,7.16,1
C  Program assignment,Program,11.45,1
C  Program assignment,Program,4.03,1
C  Program assignment,Program,8.32,0
C  Program assignment,Program,0.9,1
C  Program assignment,Program,5.19,1
C  Program assignment,Program,9.48,1
C  Program assignment,Program,2.06,1
C  Program assignment,Program,6.35,1
C  Program assignment,Program,10.64,1
C  Program assignment,Program,3.22,0
C  Program assignment,Program,7.51,1
C  Program assignment,Program,11.8,1
C  Program assignment,Program,4.38,1
C  Program assignment,Program,8.67,1
C  Program assignment,Program,1.24,1
C  Program assignment,Program,5.54,1
C  Program assignment,Program,9.83,0
C  Program assignment,Program,2.4,1
C  Program assignment,Program,6.7,1
C  Program assignment,Program,10.99,1
C  Program assignment,Program,3.56,1
C  Program assignment,Program,7.86,1
C  Program assignment,Program,0.43,1
C  Program assignment,Program,4.72,0
C  Program assignment,Program,9.02,1
C  Program assignment,Program,1.59,1
C  Program assignment,Program,5.88,1
C  Program assignment,Program,10.18,1
C  Program assignment,Program,2.75,1
C  Program assignment,Program,7.04,1
C  Program assignment,Program,11.34,0
C  Program assignment,Program,3.91,1
C  Program assignment,Program,8.2,1
C  Program assignment,Program,0.78,1
C  Program assignment,Program,5.07,1
C  Program assignment,Program,9.36,1
C  Program assignment,Program,1.94,1
C  Program assignment,Program,6.23,0
C  Program assignment,Program,10.52,1
C  Program assignment,Program,3.1,1
C  Program assignment,Program,7.39,1
C  Program assignment,Program,11.68,1
C  Program assignment,Program,4.26,1
C  Program assignment,Program,8.55,1
C  Program assignment,Program,1.13,0
C  Program assignment,Program,5.42,1
C  Program assignment,Program,9.71,1
C  Program assignment,Program,2.29,1
C  Program assignment,Program,6.58,1
C  Program assignment,Program,10.87,1
C  Program assignment,Program,3.45,1
C  Program assignment,Program,7.74,0
C  Program assignment,Program,0.32,1
C  Program assignment,Program,4.61,1
C  Program assignment,Program,8.9,1
C  Program assignment,Program,1.48,1
C  Program assignment,Program,5.77,1
C  Program assignment,Program,10.06,1
C  Program assignment,Program,2.64,0
C  Program assignment,Program,6.93,1
C  Program assignment,Program,11.22,1
C  Program assignment,Program,3.8,1
C  Program assignment,Program,8.09,1
C  Program assignment,Program,0.66,1
C  Program assignment,Program,4.96,1
C  Program assignment,Program,9.25,0
C  Program assignment,Program,1.82,1
C  Program assignment,Program,6.12,1
C  Program assignment,Program,10.41,1
C  Program assignment,Program,2.98,1
C  Program assignment,Program,7.28,1
