group,ledger,seq,item,kind,value
group_a,revenue,1,audit_cost,component,-1.0
group_a,revenue,2,upfront_revenue,component,2.4
group_a,revenue,3,interim_revenue,subtotal,1.4
group_a,revenue,4,deterrence_revenue,component,1.8
group_a,revenue,5,net_revenue,total,3.2
group_a,wtp,1,upfront_taxes,component,2.4
group_a,wtp,2,deterrence_taxes,component,1.8
group_a,wtp,3,response_burden,component,0.3
group_a,wtp,4,net_wtp,total,4.5
group_b,revenue,1,audit_cost,component,-1.0
group_b,revenue,2,upfront_revenue,component,4.7
group_b,revenue,3,interim_revenue,subtotal,3.7
group_b,revenue,4,deterrence_revenue,component,5.3
group_b,revenue,5,net_revenue,total,9.0
group_b,wtp,1,upfront_taxes,component,4.7
group_b,wtp,2,deterrence_taxes,component,5.3
group_b,wtp,3,response_burden,component,0.7
group_b,wtp,4,net_wtp,total,10.7
