id,rx,ry
obs000001,-0.140000,0.54179798
obs000002,-0.230000,0.60913498
obs000003,0.440000,0.21110339
obs000004,-0.260000,0.30132962
obs000005,-0.200000,0.47835938
obs000006,0.370000,0.48907643
obs000007,-0.200000,-0.05116660
obs000008,-0.410000,-0.02412469
obs000009,0.160000,-0.06626239
obs000010,-0.010000,-0.54200105
obs000011,-0.010000,0.37151860
obs000012,-0.120000,-0.56326950
obs000013,-0.310000,-0.17079245
obs000014,-0.620000,0.00039437
obs000015,0.360000,-0.02256157
obs000016,-0.180000,-0.01443417
obs000017,0.030000,0.70606263
obs000018,0.130000,0.08083068
obs000019,-0.160000,0.47258718
obs000020,-0.510000,0.88242976
obs000021,-0.700000,-0.16348074
obs000022,0.540000,-0.36551853
obs000023,-0.090000,0.80189607
obs000024,-0.390000,0.10757925
obs000025,0.020000,-0.38995858
obs000026,-0.310000,0.35813729
obs000027,-0.130000,-0.23184263
obs000028,-0.060000,0.25018624
obs000029,-0.120000,-0.85107830
obs000030,-0.110000,0.09990940
obs000031,0.170000,-0.28446115
obs000032,0.180000,-0.03332743
obs000033,0.320000,-0.31165290
obs000034,-0.380000,0.53224930
obs000035,-0.350000,-0.42445553
obs000036,-0.020000,0.28506821
obs000037,0.080000,-0.20593355
obs000038,0.160000,-0.57006706
obs000039,-0.070000,0.36461637
obs000040,0.110000,0.25267728
obs000041,-0.290000,0.10460123
obs000042,-0.410000,0.03144134
obs000043,-0.400000,0.09810231
obs000044,-0.270000,-0.19091672
obs000045,-0.340000,0.50272877
obs000046,-0.150000,0.42345208
obs000047,-0.070000,-0.23328159
obs000048,0.110000,0.42457980
obs000049,0.250000,0.41775016
obs000050,-0.130000,0.05610077
obs000051,0.390000,-0.12070390
obs000052,-0.410000,0.49584468
obs000053,-0.040000,0.86485717
obs000054,0.140000,-0.01307071
obs000055,-0.430000,0.27137564
obs000056,0.130000,0.09336249
obs000057,0.350000,-0.27868949
obs000058,0.490000,-0.24042138
obs000059,-0.220000,0.04944897
obs000060,0.050000,-0.24025179
obs000061,0.210000,-0.73469457
obs000062,0.550000,0.16189349
obs000063,-0.500000,1.20069064
obs000064,0.110000,-0.29713723
obs000065,-0.350000,0.31555939
obs000066,-0.220000,-0.34198160
obs000067,-0.020000,0.53959383
obs000068,0.120000,0.53018222
obs000069,0.900000,-0.21793137
obs000070,-0.050000,-0.09648532
obs000071,0.410000,0.26271321
obs000072,-0.230000,0.15988258
obs000073,-0.130000,-0.06664272
obs000074,0.230000,-0.62345678
obs000075,-0.180000,-0.51767094
obs000076,0.330000,-0.95470047
obs000077,-0.180000,0.72511116
obs000078,0.320000,-0.00464467
obs000079,0.040000,0.16299410
obs000080,0.280000,0.54163085
obs000081,0.590000,0.23830860
obs000082,-0.460000,0.37518327
obs000083,0.330000,0.45121614
obs000084,0.070000,-0.58685369
obs000085,0.200000,-0.02285934
obs000086,-0.100000,0.27523753
obs000087,0.300000,0.12929046
obs000088,-0.110000,0.10023648
obs000089,0.390000,-0.07850366
obs000090,0.350000,0.25106324
obs000091,-0.100000,-0.06127867
obs000092,0.170000,0.41960157
obs000093,0.450000,-0.17088912
obs000094,-0.020000,0.32625483
obs000095,-0.040000,-0.34122793
obs000096,0.190000,-0.18987062
obs000097,0.580000,-0.20610679
obs000098,0.750000,-0.84228898
obs000099,-0.780000,0.20509690
obs000100,0.200000,-0.01347630
obs000101,-0.330000,-0.27165103
obs000102,-0.840000,0.28929158
obs000103,-0.050000,-0.35669731
obs000104,-0.030000,0.16978638
obs000105,-0.080000,0.02326400
obs000106,-0.060000,0.25061024
obs000107,-0.100000,-0.35219916
obs000108,-0.100000,-0.01331675
obs000109,0.250000,0.34252620
obs000110,0.180000,0.36356951
obs000111,0.060000,0.06695869
obs000112,-0.260000,-0.26201888
obs000113,-0.050000,0.06185198
obs000114,-0.050000,0.34122519
obs000115,-0.020000,0.27818866
obs000116,-0.150000,0.12165029
obs000117,0.090000,-0.17365818
obs000118,-0.570000,0.03017457
obs000119,-0.530000,0.77148798
obs000120,0.520000,0.11272117
obs000121,-0.360000,0.18523875
obs000122,-0.630000,0.23039126
obs000123,0.300000,-0.60253092
obs000124,-0.470000,-0.04500464
obs000125,-0.320000,0.16849091
obs000126,-0.030000,0.07060521
obs000127,0.570000,-0.69744553
obs000128,0.270000,-0.60662820
obs000129,-0.500000,-0.19971395
obs000130,-0.870000,0.41678214
obs000131,0.160000,-0.01860984
obs000132,0.500000,-0.25095559
obs000133,-0.070000,0.35574405
obs000134,-0.400000,0.08631427
obs000135,-0.220000,0.19720468
obs000136,0.520000,0.17597864
obs000137,-0.430000,-0.69675408
obs000138,-0.650000,0.28583051
obs000139,-0.110000,0.08263055
obs000140,-0.150000,-0.24826954
obs000141,-0.140000,0.32410785
obs000142,-0.010000,0.46679319
obs000143,0.560000,-0.30067925
obs000144,-0.080000,0.79088650
obs000145,0.480000,-0.21439365
obs000146,0.210000,-0.19191501
obs000147,-0.110000,0.35429722
obs000148,-0.320000,-0.10140688
obs000149,-0.420000,0.44527914
obs000150,0.200000,-0.51527019
obs000151,0.110000,0.62733389
obs000152,0.710000,-0.26070831
obs000153,0.040000,0.02529772
obs000154,-0.420000,0.14923174
obs000155,-0.190000,0.23571781
obs000156,-0.480000,-0.35851661
obs000157,0.090000,-0.61925138
obs000158,0.030000,-0.25834493
obs000159,0.210000,-0.34338102
obs000160,0.170000,-0.44197557
obs000161,0.640000,-0.22555102
obs000162,0.020000,-0.73294747
obs000163,0.560000,0.30519389
obs000164,0.050000,-0.11903935
obs000165,0.130000,0.09195957
obs000166,0.110000,-0.06681910
obs000167,0.290000,0.24157354
obs000168,0.120000,0.49308656
obs000169,-0.080000,0.09176998
obs000170,-0.320000,-0.24665497
obs000171,0.090000,0.10344682
obs000172,0.330000,0.05834718
obs000173,0.300000,-0.68872694
obs000174,0.090000,0.44907453
obs000175,0.380000,-0.73429408
obs000176,0.020000,-0.09923655
obs000177,0.160000,0.01072318
obs000178,0.190000,-0.07144528
obs000179,-0.420000,-0.13501720
obs000180,0.140000,0.25360500
obs000181,-0.130000,0.16514792
obs000182,-0.260000,0.35464764
obs000183,0.080000,0.22624594
obs000184,-0.230000,0.26118439
obs000185,-0.160000,0.31497136
obs000186,-0.160000,-0.08878938
obs000187,0.190000,-0.66298404
obs000188,0.210000,-0.03200058
obs000189,-0.010000,-0.13775830
obs000190,0.520000,0.34970401
obs000191,0.040000,-0.06554726
obs000192,0.080000,-0.26183180
obs000193,-0.300000,0.73262189
obs000194,-0.480000,-0.02193642
obs000195,0.160000,0.29482497
obs000196,0.020000,0.25010769
obs000197,-0.210000,0.11464764
obs000198,-0.050000,0.32608145
obs000199,0.040000,-0.09949524
obs000200,-0.020000,0.01986647
obs000201,0.230000,0.12989974
obs000202,-0.220000,-0.21333211
obs000203,0.080000,-0.46476138
obs000204,0.160000,0.06845229
obs000205,0.040000,-0.47409498
obs000206,-0.330000,0.37930909
obs000207,0.070000,0.28939712
obs000208,0.550000,-0.20931771
obs000209,0.150000,0.28419828
obs000210,0.050000,-0.08978928
obs000211,0.560000,-0.40616387
obs000212,-0.100000,-0.94746250
obs000213,-0.460000,-0.15880890
obs000214,-0.010000,-0.82026284
obs000215,-0.270000,0.00529478
obs000216,0.070000,0.41015907
obs000217,-0.190000,-0.00519575
obs000218,-0.240000,0.02107287
obs000219,0.500000,-0.07247062
obs000220,0.350000,-0.06360827
obs000221,0.270000,-0.27274008
obs000222,0.080000,-0.17807353
obs000223,-0.050000,-0.41244995
obs000224,0.230000,0.84476954
obs000225,-0.140000,-0.14685053
obs000226,0.070000,-0.47921621
obs000227,0.430000,-0.09003634
obs000228,-0.040000,-0.03728372
obs000229,0.090000,0.19647249
obs000230,0.090000,-0.22295598
obs000231,-0.370000,0.48645813
obs000232,0.400000,-0.33736437
obs000233,0.150000,0.33493233
obs000234,0.000000,-0.68200789
obs000235,0.760000,-0.68607505
obs000236,0.430000,-0.31527660
obs000237,0.190000,-0.02070304
obs000238,-0.240000,0.10474322
obs000239,0.180000,-0.27958170
obs000240,-0.400000,-0.11537894
obs000241,0.490000,-0.83611140
obs000242,-0.470000,0.52552177
obs000243,0.400000,0.10573572
obs000244,-0.130000,-0.10580155
obs000245,-0.600000,0.59654193
obs000246,-0.100000,0.43573612
obs000247,-0.310000,0.21031500
obs000248,-0.230000,0.50996235
obs000249,-0.260000,0.25661784
obs000250,-0.230000,-0.14427271
obs000251,0.290000,-0.36779870
obs000252,-0.020000,0.13389468
obs000253,-0.190000,-0.03429946
obs000254,-0.670000,0.17282281
obs000255,-0.010000,0.21128664
obs000256,0.470000,-0.02068632
obs000257,-0.210000,-0.23415794
obs000258,-0.100000,0.45202006
obs000259,-0.520000,0.23685500
obs000260,0.090000,0.13151821
obs000261,-0.440000,0.27456249
obs000262,-0.010000,-0.28216473
obs000263,-0.110000,0.07956595
obs000264,-0.170000,-0.19134956
obs000265,0.050000,0.17128010
obs000266,-0.090000,0.32577969
obs000267,-0.300000,-0.22577996
obs000268,0.070000,-0.26264915
obs000269,-0.060000,0.00283303
obs000270,-0.570000,-0.20621043
obs000271,-0.390000,0.19936264
obs000272,0.090000,-0.05369158
obs000273,-0.240000,-0.22148748
obs000274,-0.920000,0.97072873
obs000275,0.430000,0.32650183
obs000276,-0.020000,0.12071298
obs000277,0.080000,-0.37088276
obs000278,-0.020000,-0.51305804
obs000279,0.150000,-0.03906588
obs000280,-0.280000,-0.08484789
obs000281,-0.110000,-0.33910646
obs000282,-0.610000,0.75211519
obs000283,0.390000,-0.45044896
obs000284,0.040000,0.40129410
obs000285,-0.540000,-0.46363324
obs000286,0.030000,0.01094063
obs000287,-0.450000,0.80159978
obs000288,-0.140000,-0.62688672
obs000289,-0.010000,0.08660041
obs000290,0.280000,0.21949003
obs000291,-0.370000,0.45299691
obs000292,-0.100000,0.52820043
obs000293,0.040000,0.22879582
obs000294,0.170000,-0.72778959
obs000295,0.150000,-0.13670853
obs000296,0.160000,0.60744578
obs000297,0.010000,0.08707252
obs000298,0.140000,-0.04526308
obs000299,-0.160000,0.66372397
obs000300,0.110000,0.44677328
obs000301,-0.600000,-0.13727020
obs000302,0.200000,-0.61742594
obs000303,0.170000,0.06209037
obs000304,0.290000,-0.64989372
obs000305,0.040000,-0.21712554
obs000306,-0.230000,-0.41757796
obs000307,0.040000,0.53840925
obs000308,0.640000,0.15604317
obs000309,0.120000,0.25022915
obs000310,-0.510000,-0.24086392
obs000311,0.010000,-0.31353592
obs000312,-0.290000,0.41411147
obs000313,-0.240000,0.30352816
obs000314,-0.170000,0.31353448
obs000315,0.500000,-0.65943713
obs000316,-0.080000,0.02341885
obs000317,-0.010000,-0.45245595
obs000318,0.170000,-0.52842318
obs000319,0.200000,-0.42144197
obs000320,0.070000,0.41267380
obs000321,0.590000,-0.52371468
obs000322,0.360000,-0.01273079
obs000323,0.050000,0.29183980
obs000324,-0.240000,-0.00436990
obs000325,0.340000,-0.20595055
obs000326,0.410000,-0.71949621
obs000327,0.450000,-0.01334726
obs000328,-0.010000,0.30127072
obs000329,-0.150000,-0.03628166
obs000330,-0.480000,0.13967424
obs000331,0.100000,0.01507110
obs000332,-0.200000,0.63009593
obs000333,0.410000,0.17011626
obs000334,-0.040000,0.19022962
obs000335,-0.430000,0.24778130
obs000336,0.660000,-0.40868183
obs000337,-0.430000,0.66175449
obs000338,-0.470000,-0.13976990
obs000339,-0.320000,0.19759143
obs000340,0.290000,-0.08569068
obs000341,0.320000,0.17488639
obs000342,0.010000,-0.11962901
obs000343,0.250000,-0.10174117
obs000344,-0.040000,0.16352184
obs000345,0.270000,-0.13687599
obs000346,-0.070000,0.52383256
obs000347,0.230000,-0.05206914
obs000348,-0.120000,0.40099395
obs000349,0.150000,0.40246490
obs000350,-0.390000,0.52315274
obs000351,0.070000,-0.65186329
obs000352,0.010000,0.01926567
obs000353,-0.440000,0.25968060
obs000354,-0.280000,0.81868276
obs000355,0.120000,0.77572811
obs000356,0.370000,0.63481870
obs000357,-0.070000,0.22113829
obs000358,0.510000,-0.56742683
obs000359,-0.230000,0.43403911
obs000360,-0.210000,-0.00183987
obs000361,-0.490000,-0.13432130
obs000362,-0.010000,0.46928660
obs000363,-0.010000,0.62359363
obs000364,-0.340000,-0.08753562
obs000365,0.140000,-0.00458021
obs000366,-0.300000,0.01551808
obs000367,0.240000,-0.96746061
obs000368,-0.160000,0.12381947
obs000369,0.080000,-0.61018858
obs000370,-0.360000,0.09430872
obs000371,0.480000,0.04203001
obs000372,0.170000,0.52622349
obs000373,-0.660000,0.30965663
obs000374,-0.060000,0.01108961
obs000375,0.220000,-0.04332517
obs000376,0.700000,0.12477226
obs000377,0.010000,-1.25851045
obs000378,0.280000,0.08579054
obs000379,-0.090000,0.17929032
obs000380,0.400000,-0.51601440
obs000381,-0.530000,0.47987631
obs000382,-0.080000,0.30396978
obs000383,-0.000000,-0.62429469
obs000384,-0.120000,-0.03001959
obs000385,0.200000,-0.17849709
obs000386,-0.430000,0.04080843
obs000387,0.230000,-0.86279403
obs000388,-0.070000,-0.18769451
obs000389,-0.270000,0.10344217
obs000390,-0.270000,-0.18269793
obs000391,-0.370000,0.09958445
obs000392,-0.160000,0.01196317
obs000393,0.080000,-0.22247708
obs000394,0.420000,-0.66325081
obs000395,-0.250000,0.12340825
obs000396,-0.310000,0.35909587
obs000397,-0.090000,0.40629595
obs000398,-0.480000,0.51400538
obs000399,0.170000,-0.49844861
obs000400,-0.310000,0.24932863
obs000401,-0.660000,-0.33081455
obs000402,-0.030000,-0.04996715
obs000403,0.170000,0.37499962
obs000404,0.120000,-0.39706499
obs000405,0.270000,-0.43689188
obs000406,0.020000,-0.38120348
obs000407,0.100000,-0.48680815
obs000408,0.040000,0.24561063
obs000409,0.100000,-0.91047640
obs000410,0.090000,-0.13567085
obs000411,0.130000,0.29375488
obs000412,-0.790000,-0.00982704
obs000413,-0.360000,0.66696109
obs000414,-0.550000,0.74197161
obs000415,0.090000,-0.18852231
obs000416,0.040000,0.32378159
obs000417,0.010000,0.59622457
obs000418,-0.390000,0.79827601
obs000419,0.350000,-0.12816206
obs000420,-0.500000,0.15049003
obs000421,0.080000,0.13358892
obs000422,0.110000,-0.17609121
obs000423,0.150000,-0.20595601
obs000424,0.230000,-0.23494089
obs000425,0.270000,-0.02446427
obs000426,-0.110000,0.72429051
obs000427,-0.340000,0.17673216
obs000428,-0.220000,-0.24420525
obs000429,-0.050000,0.42132989
obs000430,-0.510000,0.08715447
obs000431,-0.480000,0.43876320
obs000432,-0.020000,-0.22412984
obs000433,-0.170000,0.21323304
obs000434,0.010000,-0.12997408
obs000435,-0.040000,0.05979813
obs000436,0.250000,-0.51337327
obs000437,0.030000,0.23801096
obs000438,-0.160000,0.46864943
obs000439,-0.290000,-0.06482814
obs000440,0.070000,-0.18495247
obs000441,-0.100000,0.52755993
obs000442,-0.280000,-1.02910728
obs000443,0.000000,0.85576513
obs000444,-0.200000,0.32319776
obs000445,0.000000,0.10781155
obs000446,-0.140000,-0.05423625
obs000447,0.160000,0.35440473
obs000448,-0.280000,0.10571017
obs000449,-0.090000,-0.05026903
obs000450,0.270000,0.10442142
obs000451,-0.030000,-0.02965404
obs000452,0.690000,-0.27676870
obs000453,-0.580000,-0.14755182
obs000454,0.040000,-0.34544080
obs000455,-0.540000,-0.55214266
obs000456,-0.310000,-0.21154383
obs000457,-0.000000,-0.21245495
obs000458,0.370000,-0.09381611
obs000459,0.340000,-0.03547167
obs000460,-0.560000,0.29749867
obs000461,-0.100000,-0.28111453
obs000462,-0.030000,0.32554980
obs000463,0.130000,0.32644834
obs000464,0.310000,0.10716226
obs000465,-0.260000,-0.55111160
obs000466,-0.290000,0.21391912
obs000467,-0.560000,-0.73691792
obs000468,0.120000,-0.25643854
obs000469,0.250000,0.01863595
obs000470,-0.410000,0.04140152
obs000471,-0.120000,-0.06021678
obs000472,-0.100000,-0.31702752
obs000473,0.050000,-0.04076456
obs000474,0.160000,0.17016970
obs000475,-0.360000,0.20610554
obs000476,0.010000,0.03730174
obs000477,0.060000,-0.16503522
obs000478,0.020000,-0.31204558
obs000479,-0.250000,0.21298530
obs000480,0.460000,-0.31909594
obs000481,0.350000,-0.05364242
obs000482,-0.190000,-0.44386587
obs000483,-0.200000,0.05436461
obs000484,0.030000,-0.33172326
obs000485,0.340000,0.31610730
obs000486,0.070000,-0.05240738
obs000487,0.060000,0.00675895
obs000488,0.040000,-0.00292387
obs000489,-0.110000,0.03399709
obs000490,0.470000,0.24598043
obs000491,0.820000,0.01589114
obs000492,-0.250000,-0.01894853
obs000493,0.000000,-0.78526483
obs000494,-0.120000,0.71167935
obs000495,-0.140000,0.28655024
obs000496,-0.050000,0.22749660
obs000497,0.530000,0.39319968
obs000498,-0.260000,-0.00518977
obs000499,-0.080000,-0.86464439
obs000500,-0.250000,-0.22576906
obs000501,0.000000,-0.33215862
obs000502,0.330000,0.06775184
obs000503,-0.190000,0.26484064
