year,industry,establishment_id,labor_share,value_added
1967,A,1967-A-000,0.34241,3.26127
1967,A,1967-A-001,0.11103,4.20627
1967,A,1967-A-002,0.83906,7.35755
1967,A,1967-A-003,0.44154,0.60618
1967,A,1967-A-004,0.47227,7.33026
1967,A,1967-A-005,0.31049,14.99985
1967,A,1967-A-006,0.36107,2.39679
1967,A,1967-A-007,0.41398,1.89928
1967,A,1967-A-008,0.38707,2.43651
1967,A,1967-A-009,0.23423,4.44755
1967,A,1967-A-010,0.46679,2.56029
1967,A,1967-A-011,0.44318,1.18142
1967,A,1967-A-012,0.32753,1.35189
1967,A,1967-A-013,0.21334,0.84284
1967,A,1967-A-014,0.18292,1.64118
1967,A,1967-A-015,0.15847,1.37241
1967,A,1967-A-016,0.40256,0.83462
1967,A,1967-A-017,0.28333,3.35204
1967,A,1967-A-018,0.5155,2.42725
1967,A,1967-A-019,0.18132,3.79931
1967,A,1967-A-020,0.48789,0.59714
1967,A,1967-A-021,0.35511,4.85066
1967,A,1967-A-022,0.24191,7.51921
1967,A,1967-A-023,0.54847,1.85106
1967,A,1967-A-024,0.37863,0.93906
1967,A,1967-A-025,0.50014,0.61916
1967,A,1967-A-026,0.5573,4.84239
1967,A,1967-A-027,0.44395,2.31796
1967,A,1967-A-028,0.25743,3.29695
1967,A,1967-A-029,0.3853,2.18385
1967,A,1967-A-030,0.54085,0.76618
1967,A,1967-A-031,0.23155,1.68565
1967,A,1967-A-032,0.45369,2.33109
1967,A,1967-A-033,0.31282,1.33811
1967,A,1967-A-034,0.25846,2.97268
1967,A,1967-A-035,0.24326,1.45397
1967,A,1967-A-036,0.14456,4.64131
1967,A,1967-A-037,0.2997,0.60144
1967,A,1967-A-038,0.422,3.30254
1967,A,1967-A-039,0.01,2.46284
1967,A,1967-A-040,0.27401,4.64048
1967,A,1967-A-041,0.38939,6.34558
1967,A,1967-A-042,0.27444,3.80705
1967,A,1967-A-043,0.49009,3.03292
1967,A,1967-A-044,0.19595,1.65817
1967,A,1967-A-045,0.48294,5.37258
1967,A,1967-A-046,0.5003,2.70309
1967,A,1967-A-047,0.42115,3.41904
1967,A,1967-A-048,0.20725,2.43617
1967,A,1967-A-049,0.67979,2.94609
1967,A,1967-A-050,0.2996,1.64892
1967,A,1967-A-051,0.44265,15.92231
1967,A,1967-A-052,0.16224,3.03513
1967,A,1967-A-053,0.21279,2.0161
1967,A,1967-A-054,0.41902,1.97647
1967,A,1967-A-055,0.08389,3.42709
1967,A,1967-A-056,0.42937,1.9605
1967,A,1967-A-057,0.67467,4.55523
1967,A,1967-A-058,0.07839,2.78654
1967,A,1967-A-059,0.29052,3.29743
1967,A,1967-A-060,0.50445,5.91635
1967,A,1967-A-061,0.27835,3.40494
1967,A,1967-A-062,0.49934,3.61788
1967,A,1967-A-063,0.3765,4.00268
1967,A,1967-A-064,0.02739,7.16715
1967,A,1967-A-065,0.01,2.55981
1967,A,1967-A-066,0.29503,6.42148
1967,A,1967-A-067,0.51492,4.59318
1967,A,1967-A-068,0.18267,3.84933
1967,A,1967-A-069,0.57429,1.16218
1967,A,1967-A-070,0.04121,3.101
1967,A,1967-A-071,0.464,1.03075
1967,A,1967-A-072,0.30578,1.78716
1967,A,1967-A-073,0.31959,2.2268
1967,A,1967-A-074,0.27431,1.91145
1967,A,1967-A-075,0.21645,1.0563
1967,A,1967-A-076,0.32447,5.1058
1967,A,1967-A-077,0.13221,2.30108
1967,A,1967-A-078,0.51525,6.82516
1967,A,1967-A-079,0.12057,2.68294
1967,A,1967-A-080,0.4549,0.75472
1967,A,1967-A-081,0.14181,7.21777
1967,A,1967-A-082,0.0916,5.22273
1967,A,1967-A-083,0.46162,8.61697
1967,A,1967-A-084,0.41074,2.12626
1967,A,1967-A-085,0.35716,0.62355
1967,A,1967-A-086,0.68005,2.91517
1967,A,1967-A-087,0.20195,1.23722
1967,A,1967-A-088,0.5232,1.41294
1967,A,1967-A-089,0.40905,1.22083
1967,A,1967-A-090,0.67257,1.12273
1967,A,1967-A-091,0.144,5.3344
1967,A,1967-A-092,0.27849,1.19597
1967,A,1967-A-093,0.24819,0.52655
1967,A,1967-A-094,0.18064,8.97177
1967,A,1967-A-095,0.06134,1.47297
1967,A,1967-A-096,0.30191,1.14386
1967,A,1967-A-097,0.29249,4.70058
1967,A,1967-A-098,0.17209,3.06022
1967,A,1967-A-099,0.30081,0.80604
1967,A,1967-A-100,0.02048,5.05544
1967,A,1967-A-101,0.6131,4.62492
1967,A,1967-A-102,0.44091,3.36483
1967,A,1967-A-103,0.38334,0.72012
1967,A,1967-A-104,0.4807,2.52847
1967,A,1967-A-105,0.27995,0.68219
1967,A,1967-A-106,0.22165,2.92114
1967,A,1967-A-107,0.24039,3.87205
1967,A,1967-A-108,0.20265,4.69826
1967,A,1967-A-109,0.26022,1.39141
1967,A,1967-A-110,0.54532,6.86943
1967,A,1967-A-111,0.25336,2.2808
1967,A,1967-A-112,0.60802,2.07514
1967,A,1967-A-113,0.42495,1.50867
1967,A,1967-A-114,0.70529,3.55901
1967,A,1967-A-115,0.24756,3.89831
1967,A,1967-A-116,0.2111,2.4841
1967,A,1967-A-117,0.228,1.53645
1967,A,1967-A-118,0.01,6.5826
1967,A,1967-A-119,0.48807,3.14778
1967,A,1967-A-120,0.43309,4.73989
1967,A,1967-A-121,0.37032,3.94747
1967,A,1967-A-122,0.36567,2.87593
1967,A,1967-A-123,0.52564,1.64293
1967,A,1967-A-124,0.1789,1.75267
1967,A,1967-A-125,0.41417,2.05543
1967,A,1967-A-126,0.41704,0.44998
1967,A,1967-A-127,0.49717,1.65382
1967,A,1967-A-128,0.62787,4.93326
1967,A,1967-A-129,0.43905,2.79279
1967,A,1967-A-130,0.20339,0.96726
1967,A,1967-A-131,0.45173,3.51966
1967,A,1967-A-132,0.30155,1.96165
1967,A,1967-A-133,0.36485,5.46775
1967,A,1967-A-134,0.15838,2.23641
1967,A,1967-A-135,0.29765,1.43341
1967,A,1967-A-136,0.34131,2.88881
1967,A,1967-A-137,0.29626,2.12179
1967,A,1967-A-138,0.44663,4.04236
1967,A,1967-A-139,0.69819,1.71133
1967,A,1967-A-140,0.34542,6.28971
1967,A,1967-A-141,0.18421,2.16258
1967,A,1967-A-142,0.29716,1.08486
1967,A,1967-A-143,0.56581,1.71576
1967,A,1967-A-144,0.36899,1.97197
1967,A,1967-A-145,0.5426,4.9166
1967,A,1967-A-146,0.39146,3.58665
1967,A,1967-A-147,0.54117,2.577
1967,A,1967-A-148,0.27577,4.85707
1967,A,1967-A-149,0.60147,3.48917
1967,B,1967-B-000,0.80453,1.76665
1967,B,1967-B-001,0.55575,6.84059
1967,B,1967-B-002,0.90592,3.26956
1967,B,1967-B-003,0.26087,4.96761
1967,B,1967-B-004,0.37639,3.43976
1967,B,1967-B-005,0.63341,4.04998
1967,B,1967-B-006,0.77971,1.379
1967,B,1967-B-007,0.90375,6.8195
1967,B,1967-B-008,0.6753,2.74624
1967,B,1967-B-009,0.64636,5.29331
1967,B,1967-B-010,0.70372,2.52979
1967,B,1967-B-011,0.6762,6.08535
1967,B,1967-B-012,0.62777,6.64216
1967,B,1967-B-013,0.39888,3.72762
1967,B,1967-B-014,0.47508,2.08227
1967,B,1967-B-015,0.62471,2.55016
1967,B,1967-B-016,0.3493,4.43511
1967,B,1967-B-017,0.61658,8.21543
1967,B,1967-B-018,0.81462,4.40536
1967,B,1967-B-019,0.561,4.09278
1967,B,1967-B-020,0.43003,6.49489
1967,B,1967-B-021,0.35196,0.99606
1967,B,1967-B-022,0.47661,2.94796
1967,B,1967-B-023,0.64105,6.29447
1967,B,1967-B-024,0.78553,4.7046
1967,B,1967-B-025,0.60256,4.5929
1967,B,1967-B-026,0.70527,6.85402
1967,B,1967-B-027,0.72264,1.31158
1967,B,1967-B-028,0.57575,5.15778
1967,B,1967-B-029,0.48322,4.25121
1967,B,1967-B-030,0.8862,0.53508
1967,B,1967-B-031,0.73782,6.65543
1967,B,1967-B-032,0.88227,1.65297
1967,B,1967-B-033,0.53078,3.47173
1967,B,1967-B-034,0.5559,5.18719
1967,B,1967-B-035,0.6632,2.75255
1967,B,1967-B-036,0.54254,3.05677
1967,B,1967-B-037,0.39938,3.21691
1967,B,1967-B-038,0.48279,1.992
1967,B,1967-B-039,0.38093,2.93086
1967,B,1967-B-040,0.56779,1.12296
1967,B,1967-B-041,0.2378,6.68236
1967,B,1967-B-042,0.71146,1.89544
1967,B,1967-B-043,0.747,1.87305
1967,B,1967-B-044,0.25188,4.40854
1967,B,1967-B-045,0.53,3.13324
1967,B,1967-B-046,0.61608,1.6384
1967,B,1967-B-047,0.3842,1.94023
1967,B,1967-B-048,0.60868,8.68869
1967,B,1967-B-049,0.69437,3.3772
1967,B,1967-B-050,0.50303,1.83446
1967,B,1967-B-051,0.772,2.91542
1967,B,1967-B-052,0.63905,4.20189
1967,B,1967-B-053,0.38534,2.92785
1967,B,1967-B-054,0.44567,5.39594
1967,B,1967-B-055,0.85492,2.95303
1967,B,1967-B-056,0.88052,13.08461
1967,B,1967-B-057,0.66735,15.9149
1967,B,1967-B-058,0.87274,3.36072
1967,B,1967-B-059,0.37098,1.00448
1967,B,1967-B-060,0.93811,0.97191
1967,B,1967-B-061,0.94759,1.8894
1967,B,1967-B-062,0.56834,12.12397
1967,B,1967-B-063,0.60147,3.99852
1967,B,1967-B-064,0.42303,6.91654
1967,B,1967-B-065,1.16731,8.13228
1967,B,1967-B-066,0.62948,4.95229
1967,B,1967-B-067,0.57301,5.89953
1967,B,1967-B-068,0.47788,16.51589
1967,B,1967-B-069,0.52112,2.05243
1967,B,1967-B-070,0.51925,6.08742
1967,B,1967-B-071,0.81592,8.70599
1967,B,1967-B-072,0.7443,9.55495
1967,B,1967-B-073,0.4768,5.50919
1967,B,1967-B-074,0.66169,3.17463
1967,B,1967-B-075,0.47886,9.29399
1967,B,1967-B-076,0.65561,8.75991
1967,B,1967-B-077,0.1018,0.90827
1967,B,1967-B-078,0.962,0.8099
1967,B,1967-B-079,0.68966,3.67834
1967,B,1967-B-080,0.46025,11.39393
1967,B,1967-B-081,0.81061,1.65931
1967,B,1967-B-082,0.6474,5.40122
1967,B,1967-B-083,0.56791,4.83683
1967,B,1967-B-084,0.96033,7.15287
1967,B,1967-B-085,0.69044,2.0021
1967,B,1967-B-086,0.77057,1.64706
1967,B,1967-B-087,0.88212,0.97391
1967,B,1967-B-088,0.7128,2.94724
1967,B,1967-B-089,0.62832,3.53665
1967,B,1967-B-090,0.60208,2.35618
1967,B,1967-B-091,0.42936,5.11342
1967,B,1967-B-092,0.77992,3.9125
1967,B,1967-B-093,0.28997,5.89784
1967,B,1967-B-094,0.77078,2.15766
1967,B,1967-B-095,0.83336,2.91059
1967,B,1967-B-096,0.75955,3.8079
1967,B,1967-B-097,0.63164,1.73675
1967,B,1967-B-098,0.47229,0.82008
1967,B,1967-B-099,0.71152,5.36567
1967,B,1967-B-100,0.87425,3.26487
1967,B,1967-B-101,0.74973,12.7385
1967,B,1967-B-102,0.79896,3.98719
1967,B,1967-B-103,0.50036,1.61552
1967,B,1967-B-104,0.51945,9.03543
1967,B,1967-B-105,0.73313,6.48051
1967,B,1967-B-106,0.24686,3.13141
1967,B,1967-B-107,0.4997,9.96123
1967,B,1967-B-108,0.33874,5.50426
1967,B,1967-B-109,0.31009,4.76393
1967,B,1967-B-110,0.74284,2.75285
1967,B,1967-B-111,0.80319,1.19674
1967,B,1967-B-112,0.66198,5.83745
1967,B,1967-B-113,0.57133,3.78787
1967,B,1967-B-114,0.42476,7.10734
1967,B,1967-B-115,0.62489,4.10935
1967,B,1967-B-116,0.49343,8.45037
1967,B,1967-B-117,0.79168,5.87523
1967,B,1967-B-118,0.34889,5.47992
1967,B,1967-B-119,0.51753,4.55447
1967,B,1967-B-120,0.90215,4.22782
1967,B,1967-B-121,0.42589,1.8076
1967,B,1967-B-122,0.73646,0.75053
1967,B,1967-B-123,0.54849,2.62214
1967,B,1967-B-124,0.02502,2.29315
1967,B,1967-B-125,0.64866,4.70424
1967,B,1967-B-126,0.6351,2.4232
1967,B,1967-B-127,0.3753,11.88636
1967,B,1967-B-128,0.68399,5.07138
1967,B,1967-B-129,0.85111,2.17801
1967,B,1967-B-130,0.59501,2.83133
1967,B,1967-B-131,0.70835,2.31985
1967,B,1967-B-132,0.45589,5.03225
1967,B,1967-B-133,0.89512,5.94943
1967,B,1967-B-134,0.61201,12.66858
1967,B,1967-B-135,0.64879,0.81794
1967,B,1967-B-136,0.39815,3.39109
1967,B,1967-B-137,0.52034,3.20891
1967,B,1967-B-138,0.84196,1.57729
1967,B,1967-B-139,0.7005,2.83485
1967,B,1967-B-140,0.46156,4.01624
1967,B,1967-B-141,0.28557,6.52691
1967,B,1967-B-142,0.2377,2.40126
1967,B,1967-B-143,0.74478,4.09428
1967,B,1967-B-144,0.43863,13.22649
1967,B,1967-B-145,0.5809,3.15136
1967,B,1967-B-146,0.9457,5.53514
1967,B,1967-B-147,0.37987,4.49105
1967,B,1967-B-148,0.4829,11.62584
1967,B,1967-B-149,0.83217,0.73045
1967,B,1967-B-150,0.65536,1.64052
1967,B,1967-B-151,0.8341,1.23401
1967,B,1967-B-152,0.8293,3.44955
1967,B,1967-B-153,0.5105,3.89165
1967,B,1967-B-154,0.54511,7.71016
1967,B,1967-B-155,0.78701,5.63683
1967,B,1967-B-156,0.6636,1.3898
1967,B,1967-B-157,0.59052,4.09078
1967,B,1967-B-158,0.81129,5.20513
1967,B,1967-B-159,0.71318,2.29258
1967,B,1967-B-160,0.24582,7.0803
1967,B,1967-B-161,1.01176,4.63238
1967,B,1967-B-162,0.87555,11.54758
1967,B,1967-B-163,0.46333,2.05492
1967,B,1967-B-164,0.81309,7.79205
1967,B,1967-B-165,0.51213,4.50185
1967,B,1967-B-166,0.16423,7.45168
1967,B,1967-B-167,0.66288,5.20479
1967,B,1967-B-168,0.78569,3.50643
1967,B,1967-B-169,0.89244,2.54744
1967,C,1967-C-000,1.03859,1.74026
1967,C,1967-C-001,0.71848,3.77121
1967,C,1967-C-002,1.06468,2.43265
1967,C,1967-C-003,0.81116,2.14172
1967,C,1967-C-004,0.6044,1.36633
1967,C,1967-C-005,1.02706,2.55104
1967,C,1967-C-006,0.84503,0.9967
1967,C,1967-C-007,0.79539,3.601
1967,C,1967-C-008,0.96709,1.56162
1967,C,1967-C-009,0.58609,2.81779
1967,C,1967-C-010,0.81325,1.67432
1967,C,1967-C-011,1.02864,3.40993
1967,C,1967-C-012,0.81589,2.67671
1967,C,1967-C-013,1.022,2.2099
1967,C,1967-C-014,0.62788,5.57411
1967,C,1967-C-015,0.69047,4.998
1967,C,1967-C-016,1.00285,0.95053
1967,C,1967-C-017,0.35571,2.09821
1967,C,1967-C-018,1.01345,4.12325
1967,C,1967-C-019,1.21285,7.45491
1967,C,1967-C-020,0.69854,1.68542
1967,C,1967-C-021,1.20838,1.79601
1967,C,1967-C-022,0.7877,1.84456
1967,C,1967-C-023,1.18189,2.43788
1967,C,1967-C-024,0.88539,1.90412
1967,C,1967-C-025,0.87154,2.05992
1967,C,1967-C-026,0.44252,2.93169
1967,C,1967-C-027,0.91459,1.58801
1967,C,1967-C-028,0.53589,1.76755
1967,C,1967-C-029,0.93895,2.3635
1967,C,1967-C-030,0.63367,2.04596
1967,C,1967-C-031,0.75882,8.67807
1967,C,1967-C-032,1.00323,0.48645
1967,C,1967-C-033,0.65928,3.49776
1967,C,1967-C-034,0.76277,4.30564
1967,C,1967-C-035,0.96167,3.71229
1967,C,1967-C-036,1.08158,4.47672
1967,C,1967-C-037,1.02578,1.24896
1967,C,1967-C-038,0.79075,1.05034
1967,C,1967-C-039,0.84034,1.88248
1967,C,1967-C-040,0.75801,1.74142
1967,C,1967-C-041,0.95886,3.66408
1967,C,1967-C-042,0.83564,2.47417
1967,C,1967-C-043,0.78679,3.49103
1967,C,1967-C-044,0.75314,5.2523
1967,C,1967-C-045,0.87605,11.63029
1967,C,1967-C-046,0.73091,3.27357
1967,C,1967-C-047,0.72909,3.0273
1967,C,1967-C-048,0.91376,3.87271
1967,C,1967-C-049,0.92925,3.24133
1967,C,1967-C-050,0.62631,3.80867
1967,C,1967-C-051,1.01139,2.08643
1967,C,1967-C-052,0.68535,1.47751
1967,C,1967-C-053,0.75353,2.60885
1967,C,1967-C-054,0.93893,3.10112
1967,C,1967-C-055,0.7812,5.09049
1967,C,1967-C-056,0.61525,0.86564
1967,C,1967-C-057,1.01935,2.55572
1967,C,1967-C-058,0.79868,1.5963
1967,C,1967-C-059,0.83287,1.24363
1967,C,1967-C-060,0.95307,2.06589
1967,C,1967-C-061,0.99678,1.44412
1967,C,1967-C-062,1.03596,18.4172
1967,C,1967-C-063,0.937,1.47761
1967,C,1967-C-064,0.69932,3.78671
1967,C,1967-C-065,0.82403,4.32613
1967,C,1967-C-066,0.78166,6.97124
1967,C,1967-C-067,0.84686,3.94191
1967,C,1967-C-068,0.56639,1.99702
1967,C,1967-C-069,0.80369,10.20878
1967,C,1967-C-070,0.87866,3.82528
1967,C,1967-C-071,1.01273,4.92073
1967,C,1967-C-072,0.55239,1.81192
1967,C,1967-C-073,0.94292,1.30976
1967,C,1967-C-074,0.92494,3.11118
1967,C,1967-C-075,0.70341,3.13108
1967,C,1967-C-076,0.71431,5.1641
1967,C,1967-C-077,0.72922,4.90537
1967,C,1967-C-078,0.7628,3.34441
1967,C,1967-C-079,1.11304,6.29426
1967,C,1967-C-080,0.71809,4.11089
1967,C,1967-C-081,0.83635,1.12027
1967,C,1967-C-082,0.87157,1.24738
1967,C,1967-C-083,0.99566,5.03195
1967,C,1967-C-084,0.86433,1.48935
1967,C,1967-C-085,1.26636,3.30736
1967,C,1967-C-086,0.72174,1.92165
1967,C,1967-C-087,0.85641,2.59774
1967,C,1967-C-088,0.85251,2.09253
1967,C,1967-C-089,0.8953,7.06645
1967,C,1967-C-090,1.04609,5.89609
1967,C,1967-C-091,0.89216,3.85293
1967,C,1967-C-092,0.80425,3.75091
1967,C,1967-C-093,0.72816,1.64401
1967,C,1967-C-094,0.84805,1.29663
1967,C,1967-C-095,0.73877,9.72045
1967,C,1967-C-096,1.00898,7.22773
1967,C,1967-C-097,0.86972,1.10894
1967,C,1967-C-098,0.52141,0.91415
1967,C,1967-C-099,0.74341,0.37883
1967,C,1967-C-100,0.9004,2.42299
1967,C,1967-C-101,0.91384,0.86557
1967,C,1967-C-102,0.95687,2.67512
1967,C,1967-C-103,0.7461,2.1067
1967,C,1967-C-104,1.18257,2.23031
1967,C,1967-C-105,0.63544,3.89127
1967,C,1967-C-106,0.67587,2.50958
1967,C,1967-C-107,0.7502,1.35495
1967,C,1967-C-108,0.76019,3.78609
1967,C,1967-C-109,0.82706,0.52956
1967,C,1967-C-110,0.98763,2.64639
1967,C,1967-C-111,0.76711,11.9526
1967,C,1967-C-112,1.15905,8.08693
1967,C,1967-C-113,0.90598,2.83019
1967,C,1967-C-114,0.80902,5.03768
1967,C,1967-C-115,1.08968,9.82914
1967,C,1967-C-116,0.89885,3.38388
1967,C,1967-C-117,0.89058,0.34683
1967,C,1967-C-118,0.93974,2.26117
1967,C,1967-C-119,0.86314,2.0876
1967,C,1967-C-120,0.80538,2.27217
1967,C,1967-C-121,1.06675,1.816
1967,C,1967-C-122,0.50977,4.54836
1967,C,1967-C-123,0.88008,5.83473
1967,C,1967-C-124,0.56357,9.75755
1967,C,1967-C-125,1.03985,2.2082
1967,C,1967-C-126,0.75425,6.88167
1967,C,1967-C-127,0.99251,1.16815
1967,C,1967-C-128,0.9175,2.21355
1967,C,1967-C-129,0.74397,1.92867
2012,A,2012-A-000,0.01,2.86328
2012,A,2012-A-001,0.01,3.59871
2012,A,2012-A-002,0.52303,6.78166
2012,A,2012-A-003,0.27887,2.22001
2012,A,2012-A-004,0.23673,0.51778
2012,A,2012-A-005,0.01,0.93615
2012,A,2012-A-006,0.34783,2.39593
2012,A,2012-A-007,0.24668,1.63866
2012,A,2012-A-008,0.14453,4.13937
2012,A,2012-A-009,0.35092,3.33506
2012,A,2012-A-010,0.06651,3.9728
2012,A,2012-A-011,0.68771,1.53665
2012,A,2012-A-012,0.01,14.6984
2012,A,2012-A-013,0.6386,4.73985
2012,A,2012-A-014,0.01,3.91467
2012,A,2012-A-015,0.38643,2.44123
2012,A,2012-A-016,0.14576,0.6404
2012,A,2012-A-017,0.57496,1.31884
2012,A,2012-A-018,0.27164,3.03313
2012,A,2012-A-019,0.45705,6.36981
2012,A,2012-A-020,0.14826,11.959
2012,A,2012-A-021,0.02086,2.89869
2012,A,2012-A-022,0.15484,3.33848
2012,A,2012-A-023,0.37081,6.67426
2012,A,2012-A-024,0.10262,1.63997
2012,A,2012-A-025,0.04144,2.53617
2012,A,2012-A-026,0.50817,3.18074
2012,A,2012-A-027,0.39204,4.56342
2012,A,2012-A-028,0.01,1.24938
2012,A,2012-A-029,0.21361,1.86782
2012,A,2012-A-030,0.12371,3.17487
2012,A,2012-A-031,0.59388,6.52522
2012,A,2012-A-032,0.01359,1.34139
2012,A,2012-A-033,0.17104,17.72788
2012,A,2012-A-034,0.23012,0.73884
2012,A,2012-A-035,0.01,2.0706
2012,A,2012-A-036,0.40236,10.92945
2012,A,2012-A-037,0.26445,3.86767
2012,A,2012-A-038,0.06781,6.7165
2012,A,2012-A-039,0.54582,3.88681
2012,A,2012-A-040,0.4538,1.87532
2012,A,2012-A-041,0.1182,4.33452
2012,A,2012-A-042,0.01,1.94755
2012,A,2012-A-043,0.14089,3.41106
2012,A,2012-A-044,0.30171,3.61524
2012,A,2012-A-045,0.02407,1.43443
2012,A,2012-A-046,0.49151,0.68088
2012,A,2012-A-047,0.24099,2.49245
2012,A,2012-A-048,0.4256,1.98735
2012,A,2012-A-049,0.04299,3.11528
2012,A,2012-A-050,0.01,5.50819
2012,A,2012-A-051,0.33232,1.23047
2012,A,2012-A-052,0.18201,1.84188
2012,A,2012-A-053,0.39333,3.90837
2012,A,2012-A-054,0.03202,2.36021
2012,A,2012-A-055,0.44228,3.52789
2012,A,2012-A-056,0.44534,1.62902
2012,A,2012-A-057,0.20472,2.97883
2012,A,2012-A-058,0.30658,3.57179
2012,A,2012-A-059,0.36806,1.61205
2012,A,2012-A-060,0.01,4.0855
2012,A,2012-A-061,0.37639,8.33835
2012,A,2012-A-062,0.51573,1.74426
2012,A,2012-A-063,0.18306,4.31724
2012,A,2012-A-064,0.49831,0.98281
2012,A,2012-A-065,0.01,2.99055
2012,A,2012-A-066,0.01,2.71637
2012,A,2012-A-067,0.48196,4.05128
2012,A,2012-A-068,0.20127,6.18291
2012,A,2012-A-069,0.01,2.04396
2012,A,2012-A-070,0.11066,3.36459
2012,A,2012-A-071,0.56475,1.65703
2012,A,2012-A-072,0.06142,1.2043
2012,A,2012-A-073,0.49773,10.02166
2012,A,2012-A-074,0.17447,2.33807
2012,A,2012-A-075,0.26539,2.12266
2012,A,2012-A-076,0.06489,2.151
2012,A,2012-A-077,0.19331,2.36125
2012,A,2012-A-078,0.59342,1.42144
2012,A,2012-A-079,0.17058,0.72096
2012,A,2012-A-080,0.11655,0.41607
2012,A,2012-A-081,0.01,2.59518
2012,A,2012-A-082,0.49629,6.66118
2012,A,2012-A-083,0.16029,1.71057
2012,A,2012-A-084,0.07878,6.04486
2012,A,2012-A-085,0.0478,3.11651
2012,A,2012-A-086,0.4185,1.8345
2012,A,2012-A-087,0.31278,2.00377
2012,A,2012-A-088,0.02915,1.97546
2012,A,2012-A-089,0.18554,4.58382
2012,A,2012-A-090,0.01,4.19776
2012,A,2012-A-091,0.36581,1.88503
2012,A,2012-A-092,0.3285,5.11296
2012,A,2012-A-093,0.09188,0.34881
2012,A,2012-A-094,0.28631,1.6374
2012,A,2012-A-095,0.01,3.50561
2012,A,2012-A-096,0.11025,1.8216
2012,A,2012-A-097,0.23185,2.60631
2012,A,2012-A-098,0.01,15.97466
2012,A,2012-A-099,0.51938,2.86076
2012,A,2012-A-100,0.26574,4.48502
2012,A,2012-A-101,0.24257,1.72646
2012,A,2012-A-102,0.28928,0.81183
2012,A,2012-A-103,0.34572,3.75356
2012,A,2012-A-104,0.147,1.47126
2012,A,2012-A-105,0.32052,2.23818
2012,A,2012-A-106,0.01,2.41388
2012,A,2012-A-107,0.01,4.63643
2012,A,2012-A-108,0.40328,3.5302
2012,A,2012-A-109,0.39471,3.70626
2012,A,2012-A-110,0.35947,3.73826
2012,A,2012-A-111,0.501,1.51464
2012,A,2012-A-112,0.01,2.74428
2012,A,2012-A-113,0.35554,3.51356
2012,A,2012-A-114,0.02917,1.63862
2012,A,2012-A-115,0.77988,1.41358
2012,A,2012-A-116,0.23786,5.74891
2012,A,2012-A-117,0.35747,4.92509
2012,A,2012-A-118,0.0194,4.60027
2012,A,2012-A-119,0.42836,2.97375
2012,A,2012-A-120,0.42258,3.41646
2012,A,2012-A-121,0.52698,3.65052
2012,A,2012-A-122,0.3225,0.81064
2012,A,2012-A-123,0.37428,3.01315
2012,A,2012-A-124,0.01,8.54489
2012,A,2012-A-125,0.01,6.51316
2012,A,2012-A-126,0.34302,2.41367
2012,A,2012-A-127,0.25705,0.95125
2012,A,2012-A-128,0.47418,2.46884
2012,A,2012-A-129,0.32757,0.96573
2012,A,2012-A-130,0.219,1.50809
2012,A,2012-A-131,0.37968,1.81353
2012,A,2012-A-132,0.34866,14.18711
2012,A,2012-A-133,0.29265,3.05214
2012,A,2012-A-134,0.61117,1.5484
2012,A,2012-A-135,0.35568,6.42167
2012,A,2012-A-136,0.36202,5.37001
2012,A,2012-A-137,0.28757,4.4359
2012,A,2012-A-138,0.01,3.67313
2012,A,2012-A-139,0.32107,2.17111
2012,A,2012-A-140,0.24493,2.88567
2012,A,2012-A-141,0.18272,2.69427
2012,A,2012-A-142,0.16072,0.48191
2012,A,2012-A-143,0.25199,2.18711
2012,A,2012-A-144,0.17388,3.40944
2012,A,2012-A-145,0.30222,1.59898
2012,A,2012-A-146,0.0958,4.72372
2012,A,2012-A-147,0.44416,3.38883
2012,A,2012-A-148,0.29992,1.3083
2012,A,2012-A-149,0.23372,7.23276
2012,B,2012-B-000,0.39296,3.33912
2012,B,2012-B-001,0.73156,5.59864
2012,B,2012-B-002,0.3086,1.26769
2012,B,2012-B-003,0.79989,8.31861
2012,B,2012-B-004,0.31146,1.36992
2012,B,2012-B-005,0.66124,2.23032
2012,B,2012-B-006,0.37138,1.47233
2012,B,2012-B-007,0.66684,2.597
2012,B,2012-B-008,0.62522,14.10334
2012,B,2012-B-009,0.66699,8.615
2012,B,2012-B-010,0.42882,13.55682
2012,B,2012-B-011,0.64368,4.30026
2012,B,2012-B-012,0.38343,5.15734
2012,B,2012-B-013,0.60069,2.52609
2012,B,2012-B-014,0.33206,4.43525
2012,B,2012-B-015,0.57455,2.68899
2012,B,2012-B-016,0.41956,5.58155
2012,B,2012-B-017,0.13262,2.53506
2012,B,2012-B-018,0.44347,2.55498
2012,B,2012-B-019,0.30775,4.81668
2012,B,2012-B-020,0.46655,0.83995
2012,B,2012-B-021,0.47651,2.62988
2012,B,2012-B-022,0.345,8.07468
2012,B,2012-B-023,0.38599,5.75882
2012,B,2012-B-024,0.35201,1.08504
2012,B,2012-B-025,0.50217,4.36602
2012,B,2012-B-026,0.30607,6.34808
2012,B,2012-B-027,0.70083,2.86035
2012,B,2012-B-028,0.52583,7.76651
2012,B,2012-B-029,0.3958,3.38549
2012,B,2012-B-030,0.64983,6.06186
2012,B,2012-B-031,0.55695,6.01163
2012,B,2012-B-032,0.46798,11.36636
2012,B,2012-B-033,0.65757,3.53355
2012,B,2012-B-034,0.51621,4.6178
2012,B,2012-B-035,0.28731,6.08576
2012,B,2012-B-036,0.49996,3.37074
2012,B,2012-B-037,0.89974,3.88889
2012,B,2012-B-038,0.70318,3.70289
2012,B,2012-B-039,0.60196,10.02077
2012,B,2012-B-040,0.80666,1.59586
2012,B,2012-B-041,0.80418,2.8291
2012,B,2012-B-042,0.61825,14.97014
2012,B,2012-B-043,0.38113,8.70336
2012,B,2012-B-044,0.50543,7.37949
2012,B,2012-B-045,0.56776,0.85825
2012,B,2012-B-046,0.75421,3.51348
2012,B,2012-B-047,0.58045,1.66605
2012,B,2012-B-048,0.55772,4.4478
2012,B,2012-B-049,0.49246,0.75276
2012,B,2012-B-050,0.41521,18.01866
2012,B,2012-B-051,0.46131,5.02334
2012,B,2012-B-052,0.689,5.0043
2012,B,2012-B-053,0.42396,0.64072
2012,B,2012-B-054,0.57604,2.31568
2012,B,2012-B-055,0.3266,4.94501
2012,B,2012-B-056,0.32736,5.28546
2012,B,2012-B-057,0.33122,5.30764
2012,B,2012-B-058,0.69639,6.52802
2012,B,2012-B-059,0.12269,12.28073
2012,B,2012-B-060,0.74815,13.54694
2012,B,2012-B-061,0.64314,3.80799
2012,B,2012-B-062,0.38906,0.89847
2012,B,2012-B-063,0.39577,4.25955
2012,B,2012-B-064,0.75668,6.80316
2012,B,2012-B-065,0.40768,4.36382
2012,B,2012-B-066,0.25165,11.8937
2012,B,2012-B-067,0.62837,3.59538
2012,B,2012-B-068,0.66727,11.57929
2012,B,2012-B-069,0.35048,3.6721
2012,B,2012-B-070,0.59618,7.01184
2012,B,2012-B-071,0.29626,4.84659
2012,B,2012-B-072,0.23833,5.38423
2012,B,2012-B-073,0.34328,3.97915
2012,B,2012-B-074,0.68879,2.58587
2012,B,2012-B-075,0.66573,11.1535
2012,B,2012-B-076,0.49138,8.7896
2012,B,2012-B-077,0.13527,10.9362
2012,B,2012-B-078,0.47664,7.11444
2012,B,2012-B-079,0.49703,2.46489
2012,B,2012-B-080,0.76495,1.72953
2012,B,2012-B-081,0.702,2.37313
2012,B,2012-B-082,0.64758,3.30113
2012,B,2012-B-083,0.50425,6.49336
2012,B,2012-B-084,0.65885,2.14655
2012,B,2012-B-085,0.53713,1.58114
2012,B,2012-B-086,0.50503,1.27174
2012,B,2012-B-087,0.54239,3.89921
2012,B,2012-B-088,0.61961,2.97634
2012,B,2012-B-089,0.40652,1.37822
2012,B,2012-B-090,0.55854,2.95262
2012,B,2012-B-091,0.28953,1.98447
2012,B,2012-B-092,0.37966,2.63097
2012,B,2012-B-093,0.66884,3.52388
2012,B,2012-B-094,0.40109,4.37202
2012,B,2012-B-095,0.70675,3.36722
2012,B,2012-B-096,0.50277,6.16913
2012,B,2012-B-097,0.40241,7.75602
2012,B,2012-B-098,0.54517,6.20905
2012,B,2012-B-099,0.71537,5.1031
2012,B,2012-B-100,0.54537,2.58315
2012,B,2012-B-101,0.46201,1.86697
2012,B,2012-B-102,0.38731,4.85238
2012,B,2012-B-103,0.50849,21.79359
2012,B,2012-B-104,0.4348,1.3168
2012,B,2012-B-105,0.51388,5.77463
2012,B,2012-B-106,0.58598,1.21919
2012,B,2012-B-107,0.41843,13.64004
2012,B,2012-B-108,0.41399,2.72079
2012,B,2012-B-109,0.53195,7.42884
2012,B,2012-B-110,0.10611,2.07245
2012,B,2012-B-111,0.67956,2.53685
2012,B,2012-B-112,0.53174,2.6167
2012,B,2012-B-113,0.51054,12.81281
2012,B,2012-B-114,0.39663,7.21175
2012,B,2012-B-115,0.69956,6.88162
2012,B,2012-B-116,0.20453,7.63452
2012,B,2012-B-117,0.56111,4.06834
2012,B,2012-B-118,0.53332,1.7177
2012,B,2012-B-119,0.21616,4.05363
2012,B,2012-B-120,0.56872,4.36683
2012,B,2012-B-121,0.6381,3.78942
2012,B,2012-B-122,0.57643,4.14467
2012,B,2012-B-123,0.64366,4.68572
2012,B,2012-B-124,0.19503,8.14061
2012,B,2012-B-125,0.79371,6.93314
2012,B,2012-B-126,0.49174,4.48426
2012,B,2012-B-127,0.3215,2.0093
2012,B,2012-B-128,0.25971,5.89376
2012,B,2012-B-129,0.40611,3.12152
2012,B,2012-B-130,0.3154,11.4415
2012,B,2012-B-131,0.5934,4.5517
2012,B,2012-B-132,0.58043,2.99943
2012,B,2012-B-133,0.502,3.46829
2012,B,2012-B-134,0.47043,2.07629
2012,B,2012-B-135,0.47505,3.66225
2012,B,2012-B-136,0.52285,4.09408
2012,B,2012-B-137,0.43906,2.73453
2012,B,2012-B-138,0.30592,5.11945
2012,B,2012-B-139,0.55276,15.33329
2012,B,2012-B-140,0.40965,2.22245
2012,B,2012-B-141,0.63941,1.47882
2012,B,2012-B-142,0.53954,2.11746
2012,B,2012-B-143,0.53781,17.77017
2012,B,2012-B-144,0.59817,2.28658
2012,B,2012-B-145,0.38004,1.04035
2012,B,2012-B-146,0.57649,3.78567
2012,B,2012-B-147,0.6413,2.49663
2012,B,2012-B-148,0.51226,6.03751
2012,B,2012-B-149,0.92072,1.40025
2012,B,2012-B-150,0.36096,6.08735
2012,B,2012-B-151,0.9396,1.09353
2012,B,2012-B-152,0.58082,2.91012
2012,B,2012-B-153,0.87289,3.5516
2012,B,2012-B-154,0.51622,2.84442
2012,B,2012-B-155,0.74934,2.6925
2012,B,2012-B-156,0.57707,0.95638
2012,B,2012-B-157,0.88311,3.94868
2012,B,2012-B-158,0.24172,2.62085
2012,B,2012-B-159,0.37401,5.67972
2012,B,2012-B-160,0.37404,5.70129
2012,B,2012-B-161,0.61812,4.2315
2012,B,2012-B-162,0.66741,3.57533
2012,B,2012-B-163,0.4736,14.57551
2012,B,2012-B-164,0.65307,13.52536
2012,B,2012-B-165,0.52107,7.54346
2012,B,2012-B-166,0.19126,10.70332
2012,B,2012-B-167,0.38003,5.80043
2012,B,2012-B-168,0.32008,10.90315
2012,B,2012-B-169,0.65475,2.5322
2012,C,2012-C-000,0.25771,2.95284
2012,C,2012-C-001,0.36655,1.72314
2012,C,2012-C-002,0.93395,1.89232
2012,C,2012-C-003,0.71602,3.23621
2012,C,2012-C-004,0.76825,2.48969
2012,C,2012-C-005,1.06071,3.75325
2012,C,2012-C-006,0.87037,3.59713
2012,C,2012-C-007,0.78579,2.40951
2012,C,2012-C-008,0.65209,3.63759
2012,C,2012-C-009,0.88296,2.91902
2012,C,2012-C-010,0.71635,2.7088
2012,C,2012-C-011,1.06874,1.04839
2012,C,2012-C-012,0.7983,6.05641
2012,C,2012-C-013,0.6674,1.17414
2012,C,2012-C-014,0.88166,1.7934
2012,C,2012-C-015,0.30451,1.13403
2012,C,2012-C-016,0.67927,4.57408
2012,C,2012-C-017,0.76808,1.6009
2012,C,2012-C-018,0.85465,1.79055
2012,C,2012-C-019,0.75466,5.15081
2012,C,2012-C-020,0.60601,2.08264
2012,C,2012-C-021,0.54992,1.41677
2012,C,2012-C-022,0.76493,7.85015
2012,C,2012-C-023,0.63482,1.67206
2012,C,2012-C-024,0.90544,1.07066
2012,C,2012-C-025,0.56232,1.87317
2012,C,2012-C-026,0.69372,1.15495
2012,C,2012-C-027,0.82733,3.52628
2012,C,2012-C-028,0.44261,1.12506
2012,C,2012-C-029,0.49641,1.97166
2012,C,2012-C-030,0.65379,4.11031
2012,C,2012-C-031,0.77517,1.48166
2012,C,2012-C-032,0.51454,0.94901
2012,C,2012-C-033,0.82208,10.20584
2012,C,2012-C-034,0.93528,0.88697
2012,C,2012-C-035,0.60642,5.33921
2012,C,2012-C-036,0.79852,5.0696
2012,C,2012-C-037,0.85328,1.70321
2012,C,2012-C-038,0.9531,2.89553
2012,C,2012-C-039,0.55875,3.25179
2012,C,2012-C-040,0.29771,1.28949
2012,C,2012-C-041,0.47779,6.33603
2012,C,2012-C-042,0.43559,4.31838
2012,C,2012-C-043,0.50227,1.98704
2012,C,2012-C-044,0.78415,1.11998
2012,C,2012-C-045,0.73671,5.54117
2012,C,2012-C-046,1.25709,3.95557
2012,C,2012-C-047,0.72022,1.2551
2012,C,2012-C-048,0.75209,8.1367
2012,C,2012-C-049,0.86541,5.38576
2012,C,2012-C-050,0.80043,2.3413
2012,C,2012-C-051,1.11026,3.29926
2012,C,2012-C-052,0.42861,6.67132
2012,C,2012-C-053,0.80312,3.9686
2012,C,2012-C-054,1.06865,7.39848
2012,C,2012-C-055,0.23665,3.32938
2012,C,2012-C-056,0.49286,8.5418
2012,C,2012-C-057,0.3288,2.81511
2012,C,2012-C-058,0.60105,3.49363
2012,C,2012-C-059,0.67054,2.31504
2012,C,2012-C-060,0.90895,3.3879
2012,C,2012-C-061,0.5489,3.4297
2012,C,2012-C-062,0.91809,4.10569
2012,C,2012-C-063,0.64623,4.08768
2012,C,2012-C-064,0.57662,2.02317
2012,C,2012-C-065,0.54237,4.73267
2012,C,2012-C-066,0.5378,1.17745
2012,C,2012-C-067,0.62298,3.82747
2012,C,2012-C-068,0.46836,4.33983
2012,C,2012-C-069,0.66205,4.66996
2012,C,2012-C-070,0.86169,3.07356
2012,C,2012-C-071,0.49531,2.27329
2012,C,2012-C-072,0.76581,4.03982
2012,C,2012-C-073,0.58439,4.26322
2012,C,2012-C-074,0.8416,3.57995
2012,C,2012-C-075,0.75226,6.76218
2012,C,2012-C-076,0.98023,0.73653
2012,C,2012-C-077,0.88276,4.4763
2012,C,2012-C-078,0.75701,0.96489
2012,C,2012-C-079,0.7119,0.67489
2012,C,2012-C-080,0.68374,1.38716
2012,C,2012-C-081,0.52578,2.48746
2012,C,2012-C-082,0.95396,1.92336
2012,C,2012-C-083,0.44533,1.34877
2012,C,2012-C-084,0.76941,2.4424
2012,C,2012-C-085,0.54152,3.54718
2012,C,2012-C-086,0.58897,2.77367
2012,C,2012-C-087,0.8825,3.02319
2012,C,2012-C-088,0.67315,1.68247
2012,C,2012-C-089,0.74419,2.69403
2012,C,2012-C-090,1.04367,1.93342
2012,C,2012-C-091,0.86039,4.51301
2012,C,2012-C-092,0.60435,1.19599
2012,C,2012-C-093,0.83312,7.73442
2012,C,2012-C-094,0.81517,5.94656
2012,C,2012-C-095,0.75652,1.66924
2012,C,2012-C-096,0.61591,3.13235
2012,C,2012-C-097,0.94652,4.37199
2012,C,2012-C-098,0.93999,2.34145
2012,C,2012-C-099,0.57555,1.9989
2012,C,2012-C-100,0.46329,0.84146
2012,C,2012-C-101,0.78527,4.55635
2012,C,2012-C-102,0.70352,3.91549
2012,C,2012-C-103,0.64429,3.37735
2012,C,2012-C-104,0.78206,0.73722
2012,C,2012-C-105,0.76836,1.44694
2012,C,2012-C-106,0.61714,5.20252
2012,C,2012-C-107,0.58587,2.72477
2012,C,2012-C-108,0.43587,5.14546
2012,C,2012-C-109,0.65679,1.90996
2012,C,2012-C-110,0.44224,1.82061
2012,C,2012-C-111,0.69788,9.79748
2012,C,2012-C-112,0.87666,4.75926
2012,C,2012-C-113,0.43999,3.8169
2012,C,2012-C-114,0.94861,2.39787
2012,C,2012-C-115,0.90919,2.48187
2012,C,2012-C-116,0.48602,5.04665
2012,C,2012-C-117,1.03202,5.77869
2012,C,2012-C-118,0.58562,1.63154
2012,C,2012-C-119,0.45479,1.02653
2012,C,2012-C-120,0.48267,8.49903
2012,C,2012-C-121,0.32742,2.87577
2012,C,2012-C-122,1.06452,6.57114
2012,C,2012-C-123,0.67679,4.28365
2012,C,2012-C-124,0.71737,8.90289
2012,C,2012-C-125,0.82915,0.92933
2012,C,2012-C-126,0.46426,1.20313
2012,C,2012-C-127,0.54447,1.34756
2012,C,2012-C-128,0.70465,4.91744
2012,C,2012-C-129,0.48423,1.29354
