id,group,group_order,group_label_en,group_label_zh,value
g01_001,decile_1,1,1,1,0.09
g01_002,decile_1,1,1,1,0.13
g01_003,decile_1,1,1,1,0.22
g01_004,decile_1,1,1,1,0.06
g01_005,decile_1,1,1,1,0.21
g01_006,decile_1,1,1,1,0.03
g01_007,decile_1,1,1,1,0.20
g01_008,decile_1,1,1,1,0.12
g01_009,decile_1,1,1,1,0.35
g01_010,decile_1,1,1,1,0.21
g01_011,decile_1,1,1,1,0.13
g01_012,decile_1,1,1,1,0.09
g01_013,decile_1,1,1,1,0.19
g01_014,decile_1,1,1,1,0.19
g01_015,decile_1,1,1,1,0.05
g01_016,decile_1,1,1,1,0.09
g01_017,decile_1,1,1,1,0.07
g01_018,decile_1,1,1,1,0.08
g01_019,decile_1,1,1,1,0.33
g01_020,decile_1,1,1,1,0.14
g01_021,decile_1,1,1,1,0.12
g01_022,decile_1,1,1,1,0.24
g01_023,decile_1,1,1,1,0.20
g01_024,decile_1,1,1,1,0.10
g01_025,decile_1,1,1,1,0.10
g01_026,decile_1,1,1,1,0.02
g01_027,decile_1,1,1,1,0.09
g01_028,decile_1,1,1,1,0.17
g01_029,decile_1,1,1,1,0.28
g01_030,decile_1,1,1,1,0.18
g01_031,decile_1,1,1,1,0.03
g01_032,decile_1,1,1,1,0.05
g01_033,decile_1,1,1,1,0.13
g01_034,decile_1,1,1,1,0.44
g01_035,decile_1,1,1,1,0.52
g01_036,decile_1,1,1,1,0.13
g01_037,decile_1,1,1,1,0.12
g01_038,decile_1,1,1,1,0.07
g01_039,decile_1,1,1,1,0.53
g01_040,decile_1,1,1,1,0.09
g01_041,decile_1,1,1,1,0.16
g01_042,decile_1,1,1,1,0.17
g01_043,decile_1,1,1,1,0.19
g01_044,decile_1,1,1,1,0.06
g01_045,decile_1,1,1,1,0.20
g01_046,decile_1,1,1,1,0.21
g01_047,decile_1,1,1,1,0.12
g01_048,decile_1,1,1,1,0.10
g01_049,decile_1,1,1,1,0.33
g01_050,decile_1,1,1,1,0.05
g01_051,decile_1,1,1,1,0.16
g01_052,decile_1,1,1,1,0.09
g01_053,decile_1,1,1,1,0.05
g01_054,decile_1,1,1,1,0.20
g01_055,decile_1,1,1,1,0.16
g01_056,decile_1,1,1,1,0.08
g01_057,decile_1,1,1,1,0.16
g01_058,decile_1,1,1,1,0.20
g01_059,decile_1,1,1,1,0.15
g01_060,decile_1,1,1,1,0.12
g01_061,decile_1,1,1,1,0.15
g01_062,decile_1,1,1,1,0.06
g01_063,decile_1,1,1,1,0.17
g01_064,decile_1,1,1,1,0.11
g01_065,decile_1,1,1,1,0.02
g01_066,decile_1,1,1,1,0.13
g01_067,decile_1,1,1,1,0.19
g01_068,decile_1,1,1,1,0.49
g01_069,decile_1,1,1,1,0.00
g01_070,decile_1,1,1,1,1.00
g02_001,decile_2,2,2,2,0.26
g02_002,decile_2,2,2,2,0.15
g02_003,decile_2,2,2,2,0.34
g02_004,decile_2,2,2,2,0.28
g02_005,decile_2,2,2,2,0.49
g02_006,decile_2,2,2,2,0.08
g02_007,decile_2,2,2,2,0.10
g02_008,decile_2,2,2,2,0.26
g02_009,decile_2,2,2,2,0.27
g02_010,decile_2,2,2,2,0.25
g02_011,decile_2,2,2,2,0.20
g02_012,decile_2,2,2,2,0.25
g02_013,decile_2,2,2,2,0.38
g02_014,decile_2,2,2,2,0.18
g02_015,decile_2,2,2,2,0.17
g02_016,decile_2,2,2,2,0.40
g02_017,decile_2,2,2,2,0.17
g02_018,decile_2,2,2,2,0.13
g02_019,decile_2,2,2,2,0.09
g02_020,decile_2,2,2,2,0.24
g02_021,decile_2,2,2,2,0.25
g02_022,decile_2,2,2,2,0.33
g02_023,decile_2,2,2,2,0.26
g02_024,decile_2,2,2,2,0.21
g02_025,decile_2,2,2,2,0.18
g02_026,decile_2,2,2,2,0.27
g02_027,decile_2,2,2,2,0.56
g02_028,decile_2,2,2,2,0.28
g02_029,decile_2,2,2,2,0.28
g02_030,decile_2,2,2,2,0.17
g02_031,decile_2,2,2,2,0.35
g02_032,decile_2,2,2,2,0.09
g02_033,decile_2,2,2,2,0.14
g02_034,decile_2,2,2,2,0.43
g02_035,decile_2,2,2,2,0.21
g02_036,decile_2,2,2,2,0.22
g02_037,decile_2,2,2,2,0.33
g02_038,decile_2,2,2,2,0.23
g02_039,decile_2,2,2,2,0.31
g02_040,decile_2,2,2,2,0.21
g02_041,decile_2,2,2,2,0.11
g02_042,decile_2,2,2,2,0.09
g02_043,decile_2,2,2,2,0.19
g02_044,decile_2,2,2,2,0.13
g02_045,decile_2,2,2,2,0.21
g02_046,decile_2,2,2,2,0.28
g02_047,decile_2,2,2,2,0.32
g02_048,decile_2,2,2,2,0.06
g02_049,decile_2,2,2,2,0.35
g02_050,decile_2,2,2,2,0.30
g02_051,decile_2,2,2,2,0.05
g02_052,decile_2,2,2,2,0.16
g02_053,decile_2,2,2,2,0.26
g02_054,decile_2,2,2,2,0.15
g02_055,decile_2,2,2,2,0.14
g02_056,decile_2,2,2,2,0.22
g02_057,decile_2,2,2,2,0.43
g02_058,decile_2,2,2,2,0.25
g02_059,decile_2,2,2,2,0.41
g02_060,decile_2,2,2,2,0.24
g02_061,decile_2,2,2,2,0.33
g02_062,decile_2,2,2,2,0.43
g02_063,decile_2,2,2,2,0.13
g02_064,decile_2,2,2,2,0.16
g02_065,decile_2,2,2,2,0.15
g02_066,decile_2,2,2,2,0.15
g02_067,decile_2,2,2,2,0.24
g02_068,decile_2,2,2,2,0.22
g02_069,decile_2,2,2,2,0.00
g02_070,decile_2,2,2,2,1.00
g03_001,decile_3,3,3,3,0.31
g03_002,decile_3,3,3,3,0.35
g03_003,decile_3,3,3,3,0.12
g03_004,decile_3,3,3,3,0.38
g03_005,decile_3,3,3,3,0.35
g03_006,decile_3,3,3,3,0.30
g03_007,decile_3,3,3,3,0.14
g03_008,decile_3,3,3,3,0.23
g03_009,decile_3,3,3,3,0.44
g03_010,decile_3,3,3,3,0.39
g03_011,decile_3,3,3,3,0.27
g03_012,decile_3,3,3,3,0.45
g03_013,decile_3,3,3,3,0.30
g03_014,decile_3,3,3,3,0.52
g03_015,decile_3,3,3,3,0.32
g03_016,decile_3,3,3,3,0.32
g03_017,decile_3,3,3,3,0.25
g03_018,decile_3,3,3,3,0.25
g03_019,decile_3,3,3,3,0.17
g03_020,decile_3,3,3,3,0.11
g03_021,decile_3,3,3,3,0.29
g03_022,decile_3,3,3,3,0.32
g03_023,decile_3,3,3,3,0.18
g03_024,decile_3,3,3,3,0.09
g03_025,decile_3,3,3,3,0.22
g03_026,decile_3,3,3,3,0.33
g03_027,decile_3,3,3,3,0.11
g03_028,decile_3,3,3,3,0.51
g03_029,decile_3,3,3,3,0.26
g03_030,decile_3,3,3,3,0.23
g03_031,decile_3,3,3,3,0.13
g03_032,decile_3,3,3,3,0.25
g03_033,decile_3,3,3,3,0.22
g03_034,decile_3,3,3,3,0.49
g03_035,decile_3,3,3,3,0.21
g03_036,decile_3,3,3,3,0.22
g03_037,decile_3,3,3,3,0.28
g03_038,decile_3,3,3,3,0.33
g03_039,decile_3,3,3,3,0.18
g03_040,decile_3,3,3,3,0.20
g03_041,decile_3,3,3,3,0.26
g03_042,decile_3,3,3,3,0.30
g03_043,decile_3,3,3,3,0.23
g03_044,decile_3,3,3,3,0.24
g03_045,decile_3,3,3,3,0.03
g03_046,decile_3,3,3,3,0.22
g03_047,decile_3,3,3,3,0.10
g03_048,decile_3,3,3,3,0.12
g03_049,decile_3,3,3,3,0.22
g03_050,decile_3,3,3,3,0.08
g03_051,decile_3,3,3,3,0.30
g03_052,decile_3,3,3,3,0.39
g03_053,decile_3,3,3,3,0.28
g03_054,decile_3,3,3,3,0.16
g03_055,decile_3,3,3,3,0.21
g03_056,decile_3,3,3,3,0.34
g03_057,decile_3,3,3,3,0.19
g03_058,decile_3,3,3,3,0.39
g03_059,decile_3,3,3,3,0.14
g03_060,decile_3,3,3,3,0.42
g03_061,decile_3,3,3,3,0.12
g03_062,decile_3,3,3,3,0.33
g03_063,decile_3,3,3,3,0.40
g03_064,decile_3,3,3,3,0.25
g03_065,decile_3,3,3,3,0.04
g03_066,decile_3,3,3,3,0.17
g03_067,decile_3,3,3,3,0.16
g03_068,decile_3,3,3,3,0.08
g03_069,decile_3,3,3,3,0.00
g03_070,decile_3,3,3,3,1.00
g04_001,decile_4,4,4,4,0.13
g04_002,decile_4,4,4,4,0.36
g04_003,decile_4,4,4,4,0.10
g04_004,decile_4,4,4,4,0.33
g04_005,decile_4,4,4,4,0.09
g04_006,decile_4,4,4,4,0.19
g04_007,decile_4,4,4,4,0.38
g04_008,decile_4,4,4,4,0.19
g04_009,decile_4,4,4,4,0.22
g04_010,decile_4,4,4,4,0.36
g04_011,decile_4,4,4,4,0.40
g04_012,decile_4,4,4,4,0.34
g04_013,decile_4,4,4,4,0.17
g04_014,decile_4,4,4,4,0.47
g04_015,decile_4,4,4,4,0.24
g04_016,decile_4,4,4,4,0.18
g04_017,decile_4,4,4,4,0.22
g04_018,decile_4,4,4,4,0.33
g04_019,decile_4,4,4,4,0.54
g04_020,decile_4,4,4,4,0.43
g04_021,decile_4,4,4,4,0.29
g04_022,decile_4,4,4,4,0.21
g04_023,decile_4,4,4,4,0.51
g04_024,decile_4,4,4,4,0.09
g04_025,decile_4,4,4,4,0.25
g04_026,decile_4,4,4,4,0.05
g04_027,decile_4,4,4,4,0.49
g04_028,decile_4,4,4,4,0.47
g04_029,decile_4,4,4,4,0.36
g04_030,decile_4,4,4,4,0.28
g04_031,decile_4,4,4,4,0.34
g04_032,decile_4,4,4,4,0.32
g04_033,decile_4,4,4,4,0.39
g04_034,decile_4,4,4,4,0.27
g04_035,decile_4,4,4,4,0.24
g04_036,decile_4,4,4,4,0.26
g04_037,decile_4,4,4,4,0.33
g04_038,decile_4,4,4,4,0.20
g04_039,decile_4,4,4,4,0.14
g04_040,decile_4,4,4,4,0.25
g04_041,decile_4,4,4,4,0.33
g04_042,decile_4,4,4,4,0.25
g04_043,decile_4,4,4,4,0.21
g04_044,decile_4,4,4,4,0.30
g04_045,decile_4,4,4,4,0.40
g04_046,decile_4,4,4,4,0.23
g04_047,decile_4,4,4,4,0.06
g04_048,decile_4,4,4,4,0.69
g04_049,decile_4,4,4,4,0.15
g04_050,decile_4,4,4,4,0.29
g04_051,decile_4,4,4,4,0.21
g04_052,decile_4,4,4,4,0.09
g04_053,decile_4,4,4,4,0.30
g04_054,decile_4,4,4,4,0.51
g04_055,decile_4,4,4,4,0.40
g04_056,decile_4,4,4,4,0.29
g04_057,decile_4,4,4,4,0.29
g04_058,decile_4,4,4,4,0.43
g04_059,decile_4,4,4,4,0.46
g04_060,decile_4,4,4,4,0.49
g04_061,decile_4,4,4,4,0.43
g04_062,decile_4,4,4,4,0.29
g04_063,decile_4,4,4,4,0.14
g04_064,decile_4,4,4,4,0.07
g04_065,decile_4,4,4,4,0.22
g04_066,decile_4,4,4,4,0.26
g04_067,decile_4,4,4,4,0.17
g04_068,decile_4,4,4,4,0.43
g04_069,decile_4,4,4,4,0.00
g04_070,decile_4,4,4,4,1.00
g05_001,decile_5,5,5,5,0.35
g05_002,decile_5,5,5,5,0.33
g05_003,decile_5,5,5,5,0.26
g05_004,decile_5,5,5,5,0.26
g05_005,decile_5,5,5,5,0.07
g05_006,decile_5,5,5,5,0.31
g05_007,decile_5,5,5,5,0.14
g05_008,decile_5,5,5,5,0.42
g05_009,decile_5,5,5,5,0.10
g05_010,decile_5,5,5,5,0.22
g05_011,decile_5,5,5,5,0.35
g05_012,decile_5,5,5,5,0.29
g05_013,decile_5,5,5,5,0.27
g05_014,decile_5,5,5,5,0.30
g05_015,decile_5,5,5,5,0.37
g05_016,decile_5,5,5,5,0.33
g05_017,decile_5,5,5,5,0.26
g05_018,decile_5,5,5,5,0.38
g05_019,decile_5,5,5,5,0.59
g05_020,decile_5,5,5,5,0.23
g05_021,decile_5,5,5,5,0.19
g05_022,decile_5,5,5,5,0.17
g05_023,decile_5,5,5,5,0.25
g05_024,decile_5,5,5,5,0.38
g05_025,decile_5,5,5,5,0.37
g05_026,decile_5,5,5,5,0.32
g05_027,decile_5,5,5,5,0.16
g05_028,decile_5,5,5,5,0.19
g05_029,decile_5,5,5,5,0.19
g05_030,decile_5,5,5,5,0.35
g05_031,decile_5,5,5,5,0.46
g05_032,decile_5,5,5,5,0.07
g05_033,decile_5,5,5,5,0.44
g05_034,decile_5,5,5,5,0.51
g05_035,decile_5,5,5,5,0.33
g05_036,decile_5,5,5,5,0.39
g05_037,decile_5,5,5,5,0.48
g05_038,decile_5,5,5,5,0.58
g05_039,decile_5,5,5,5,0.45
g05_040,decile_5,5,5,5,0.37
g05_041,decile_5,5,5,5,0.19
g05_042,decile_5,5,5,5,0.10
g05_043,decile_5,5,5,5,0.09
g05_044,decile_5,5,5,5,0.10
g05_045,decile_5,5,5,5,0.26
g05_046,decile_5,5,5,5,0.17
g05_047,decile_5,5,5,5,0.13
g05_048,decile_5,5,5,5,0.23
g05_049,decile_5,5,5,5,0.26
g05_050,decile_5,5,5,5,0.31
g05_051,decile_5,5,5,5,0.27
g05_052,decile_5,5,5,5,0.27
g05_053,decile_5,5,5,5,0.22
g05_054,decile_5,5,5,5,0.54
g05_055,decile_5,5,5,5,0.35
g05_056,decile_5,5,5,5,0.40
g05_057,decile_5,5,5,5,0.11
g05_058,decile_5,5,5,5,0.41
g05_059,decile_5,5,5,5,0.24
g05_060,decile_5,5,5,5,0.45
g05_061,decile_5,5,5,5,0.48
g05_062,decile_5,5,5,5,0.48
g05_063,decile_5,5,5,5,0.28
g05_064,decile_5,5,5,5,0.19
g05_065,decile_5,5,5,5,0.32
g05_066,decile_5,5,5,5,0.33
g05_067,decile_5,5,5,5,0.19
g05_068,decile_5,5,5,5,0.14
g05_069,decile_5,5,5,5,0.00
g05_070,decile_5,5,5,5,1.00
g06_001,decile_6,6,6,6,0.66
g06_002,decile_6,6,6,6,0.37
g06_003,decile_6,6,6,6,0.27
g06_004,decile_6,6,6,6,0.38
g06_005,decile_6,6,6,6,0.36
g06_006,decile_6,6,6,6,0.32
g06_007,decile_6,6,6,6,0.31
g06_008,decile_6,6,6,6,0.55
g06_009,decile_6,6,6,6,0.38
g06_010,decile_6,6,6,6,0.27
g06_011,decile_6,6,6,6,0.28
g06_012,decile_6,6,6,6,0.38
g06_013,decile_6,6,6,6,0.36
g06_014,decile_6,6,6,6,0.46
g06_015,decile_6,6,6,6,0.43
g06_016,decile_6,6,6,6,0.46
g06_017,decile_6,6,6,6,0.39
g06_018,decile_6,6,6,6,0.27
g06_019,decile_6,6,6,6,0.32
g06_020,decile_6,6,6,6,0.24
g06_021,decile_6,6,6,6,0.31
g06_022,decile_6,6,6,6,0.44
g06_023,decile_6,6,6,6,0.32
g06_024,decile_6,6,6,6,0.60
g06_025,decile_6,6,6,6,0.60
g06_026,decile_6,6,6,6,0.47
g06_027,decile_6,6,6,6,0.26
g06_028,decile_6,6,6,6,0.41
g06_029,decile_6,6,6,6,0.30
g06_030,decile_6,6,6,6,0.37
g06_031,decile_6,6,6,6,0.38
g06_032,decile_6,6,6,6,0.27
g06_033,decile_6,6,6,6,0.42
g06_034,decile_6,6,6,6,0.33
g06_035,decile_6,6,6,6,0.26
g06_036,decile_6,6,6,6,0.55
g06_037,decile_6,6,6,6,0.45
g06_038,decile_6,6,6,6,0.42
g06_039,decile_6,6,6,6,0.34
g06_040,decile_6,6,6,6,0.40
g06_041,decile_6,6,6,6,0.17
g06_042,decile_6,6,6,6,0.27
g06_043,decile_6,6,6,6,0.38
g06_044,decile_6,6,6,6,0.35
g06_045,decile_6,6,6,6,0.39
g06_046,decile_6,6,6,6,0.43
g06_047,decile_6,6,6,6,0.56
g06_048,decile_6,6,6,6,0.33
g06_049,decile_6,6,6,6,0.24
g06_050,decile_6,6,6,6,0.22
g06_051,decile_6,6,6,6,0.48
g06_052,decile_6,6,6,6,0.22
g06_053,decile_6,6,6,6,0.24
g06_054,decile_6,6,6,6,0.49
g06_055,decile_6,6,6,6,0.31
g06_056,decile_6,6,6,6,0.18
g06_057,decile_6,6,6,6,0.45
g06_058,decile_6,6,6,6,0.35
g06_059,decile_6,6,6,6,0.35
g06_060,decile_6,6,6,6,0.39
g06_061,decile_6,6,6,6,0.24
g06_062,decile_6,6,6,6,0.27
g06_063,decile_6,6,6,6,0.37
g06_064,decile_6,6,6,6,0.47
g06_065,decile_6,6,6,6,0.28
g06_066,decile_6,6,6,6,0.08
g06_067,decile_6,6,6,6,0.42
g06_068,decile_6,6,6,6,0.75
g06_069,decile_6,6,6,6,0.00
g06_070,decile_6,6,6,6,1.00
g07_001,decile_7,7,7,7,0.29
g07_002,decile_7,7,7,7,0.26
g07_003,decile_7,7,7,7,0.53
g07_004,decile_7,7,7,7,0.19
g07_005,decile_7,7,7,7,0.42
g07_006,decile_7,7,7,7,0.29
g07_007,decile_7,7,7,7,0.34
g07_008,decile_7,7,7,7,0.38
g07_009,decile_7,7,7,7,0.30
g07_010,decile_7,7,7,7,0.25
g07_011,decile_7,7,7,7,0.31
g07_012,decile_7,7,7,7,0.21
g07_013,decile_7,7,7,7,0.33
g07_014,decile_7,7,7,7,0.29
g07_015,decile_7,7,7,7,0.64
g07_016,decile_7,7,7,7,0.64
g07_017,decile_7,7,7,7,0.49
g07_018,decile_7,7,7,7,0.54
g07_019,decile_7,7,7,7,0.30
g07_020,decile_7,7,7,7,0.76
g07_021,decile_7,7,7,7,0.47
g07_022,decile_7,7,7,7,0.15
g07_023,decile_7,7,7,7,0.63
g07_024,decile_7,7,7,7,0.38
g07_025,decile_7,7,7,7,0.44
g07_026,decile_7,7,7,7,0.55
g07_027,decile_7,7,7,7,0.63
g07_028,decile_7,7,7,7,0.28
g07_029,decile_7,7,7,7,0.58
g07_030,decile_7,7,7,7,0.53
g07_031,decile_7,7,7,7,0.29
g07_032,decile_7,7,7,7,0.30
g07_033,decile_7,7,7,7,0.36
g07_034,decile_7,7,7,7,0.41
g07_035,decile_7,7,7,7,0.38
g07_036,decile_7,7,7,7,0.67
g07_037,decile_7,7,7,7,0.36
g07_038,decile_7,7,7,7,0.45
g07_039,decile_7,7,7,7,0.41
g07_040,decile_7,7,7,7,0.40
g07_041,decile_7,7,7,7,0.51
g07_042,decile_7,7,7,7,0.21
g07_043,decile_7,7,7,7,0.31
g07_044,decile_7,7,7,7,0.41
g07_045,decile_7,7,7,7,0.38
g07_046,decile_7,7,7,7,0.56
g07_047,decile_7,7,7,7,0.49
g07_048,decile_7,7,7,7,0.57
g07_049,decile_7,7,7,7,0.25
g07_050,decile_7,7,7,7,0.34
g07_051,decile_7,7,7,7,0.46
g07_052,decile_7,7,7,7,0.55
g07_053,decile_7,7,7,7,0.69
g07_054,decile_7,7,7,7,0.44
g07_055,decile_7,7,7,7,0.19
g07_056,decile_7,7,7,7,0.32
g07_057,decile_7,7,7,7,0.64
g07_058,decile_7,7,7,7,0.71
g07_059,decile_7,7,7,7,0.41
g07_060,decile_7,7,7,7,0.53
g07_061,decile_7,7,7,7,0.29
g07_062,decile_7,7,7,7,0.56
g07_063,decile_7,7,7,7,0.36
g07_064,decile_7,7,7,7,0.35
g07_065,decile_7,7,7,7,0.55
g07_066,decile_7,7,7,7,0.38
g07_067,decile_7,7,7,7,0.21
g07_068,decile_7,7,7,7,0.35
g07_069,decile_7,7,7,7,0.00
g07_070,decile_7,7,7,7,1.00
g08_001,decile_8,8,8,8,0.17
g08_002,decile_8,8,8,8,0.36
g08_003,decile_8,8,8,8,0.42
g08_004,decile_8,8,8,8,0.66
g08_005,decile_8,8,8,8,0.76
g08_006,decile_8,8,8,8,0.52
g08_007,decile_8,8,8,8,0.35
g08_008,decile_8,8,8,8,0.17
g08_009,decile_8,8,8,8,0.44
g08_010,decile_8,8,8,8,0.49
g08_011,decile_8,8,8,8,0.25
g08_012,decile_8,8,8,8,0.24
g08_013,decile_8,8,8,8,0.17
g08_014,decile_8,8,8,8,0.27
g08_015,decile_8,8,8,8,0.61
g08_016,decile_8,8,8,8,0.47
g08_017,decile_8,8,8,8,0.31
g08_018,decile_8,8,8,8,0.57
g08_019,decile_8,8,8,8,0.33
g08_020,decile_8,8,8,8,0.45
g08_021,decile_8,8,8,8,0.42
g08_022,decile_8,8,8,8,0.63
g08_023,decile_8,8,8,8,0.32
g08_024,decile_8,8,8,8,0.40
g08_025,decile_8,8,8,8,0.38
g08_026,decile_8,8,8,8,0.59
g08_027,decile_8,8,8,8,0.50
g08_028,decile_8,8,8,8,0.40
g08_029,decile_8,8,8,8,0.34
g08_030,decile_8,8,8,8,0.32
g08_031,decile_8,8,8,8,0.49
g08_032,decile_8,8,8,8,0.42
g08_033,decile_8,8,8,8,0.76
g08_034,decile_8,8,8,8,0.33
g08_035,decile_8,8,8,8,0.37
g08_036,decile_8,8,8,8,0.71
g08_037,decile_8,8,8,8,0.56
g08_038,decile_8,8,8,8,0.31
g08_039,decile_8,8,8,8,0.40
g08_040,decile_8,8,8,8,0.69
g08_041,decile_8,8,8,8,0.40
g08_042,decile_8,8,8,8,0.32
g08_043,decile_8,8,8,8,0.35
g08_044,decile_8,8,8,8,0.57
g08_045,decile_8,8,8,8,0.32
g08_046,decile_8,8,8,8,0.29
g08_047,decile_8,8,8,8,0.41
g08_048,decile_8,8,8,8,0.57
g08_049,decile_8,8,8,8,0.37
g08_050,decile_8,8,8,8,0.45
g08_051,decile_8,8,8,8,0.34
g08_052,decile_8,8,8,8,0.17
g08_053,decile_8,8,8,8,0.22
g08_054,decile_8,8,8,8,0.62
g08_055,decile_8,8,8,8,0.46
g08_056,decile_8,8,8,8,0.74
g08_057,decile_8,8,8,8,0.45
g08_058,decile_8,8,8,8,0.53
g08_059,decile_8,8,8,8,0.53
g08_060,decile_8,8,8,8,0.68
g08_061,decile_8,8,8,8,0.43
g08_062,decile_8,8,8,8,0.48
g08_063,decile_8,8,8,8,0.43
g08_064,decile_8,8,8,8,0.23
g08_065,decile_8,8,8,8,0.31
g08_066,decile_8,8,8,8,0.52
g08_067,decile_8,8,8,8,0.46
g08_068,decile_8,8,8,8,0.52
g08_069,decile_8,8,8,8,0.00
g08_070,decile_8,8,8,8,1.00
g09_001,decile_9,9,9,9,0.61
g09_002,decile_9,9,9,9,0.55
g09_003,decile_9,9,9,9,0.51
g09_004,decile_9,9,9,9,0.49
g09_005,decile_9,9,9,9,0.60
g09_006,decile_9,9,9,9,0.58
g09_007,decile_9,9,9,9,0.44
g09_008,decile_9,9,9,9,0.40
g09_009,decile_9,9,9,9,0.47
g09_010,decile_9,9,9,9,0.26
g09_011,decile_9,9,9,9,0.48
g09_012,decile_9,9,9,9,0.64
g09_013,decile_9,9,9,9,0.40
g09_014,decile_9,9,9,9,0.38
g09_015,decile_9,9,9,9,0.43
g09_016,decile_9,9,9,9,0.49
g09_017,decile_9,9,9,9,0.36
g09_018,decile_9,9,9,9,0.16
g09_019,decile_9,9,9,9,0.55
g09_020,decile_9,9,9,9,0.65
g09_021,decile_9,9,9,9,0.36
g09_022,decile_9,9,9,9,0.56
g09_023,decile_9,9,9,9,0.33
g09_024,decile_9,9,9,9,0.55
g09_025,decile_9,9,9,9,0.64
g09_026,decile_9,9,9,9,0.57
g09_027,decile_9,9,9,9,0.57
g09_028,decile_9,9,9,9,0.40
g09_029,decile_9,9,9,9,0.36
g09_030,decile_9,9,9,9,0.39
g09_031,decile_9,9,9,9,0.65
g09_032,decile_9,9,9,9,0.42
g09_033,decile_9,9,9,9,0.20
g09_034,decile_9,9,9,9,0.61
g09_035,decile_9,9,9,9,0.61
g09_036,decile_9,9,9,9,0.40
g09_037,decile_9,9,9,9,0.40
g09_038,decile_9,9,9,9,0.58
g09_039,decile_9,9,9,9,0.16
g09_040,decile_9,9,9,9,0.69
g09_041,decile_9,9,9,9,0.55
g09_042,decile_9,9,9,9,0.48
g09_043,decile_9,9,9,9,0.42
g09_044,decile_9,9,9,9,0.35
g09_045,decile_9,9,9,9,0.24
g09_046,decile_9,9,9,9,0.63
g09_047,decile_9,9,9,9,0.65
g09_048,decile_9,9,9,9,0.51
g09_049,decile_9,9,9,9,0.43
g09_050,decile_9,9,9,9,0.34
g09_051,decile_9,9,9,9,0.69
g09_052,decile_9,9,9,9,0.56
g09_053,decile_9,9,9,9,0.40
g09_054,decile_9,9,9,9,0.54
g09_055,decile_9,9,9,9,0.43
g09_056,decile_9,9,9,9,0.45
g09_057,decile_9,9,9,9,0.77
g09_058,decile_9,9,9,9,0.71
g09_059,decile_9,9,9,9,0.52
g09_060,decile_9,9,9,9,0.57
g09_061,decile_9,9,9,9,0.43
g09_062,decile_9,9,9,9,0.49
g09_063,decile_9,9,9,9,0.45
g09_064,decile_9,9,9,9,0.66
g09_065,decile_9,9,9,9,0.45
g09_066,decile_9,9,9,9,0.47
g09_067,decile_9,9,9,9,0.57
g09_068,decile_9,9,9,9,0.52
g09_069,decile_9,9,9,9,0.00
g09_070,decile_9,9,9,9,1.00
g10_001,decile_10,10,10,10,0.47
g10_002,decile_10,10,10,10,0.42
g10_003,decile_10,10,10,10,0.31
g10_004,decile_10,10,10,10,0.47
g10_005,decile_10,10,10,10,0.45
g10_006,decile_10,10,10,10,0.34
g10_007,decile_10,10,10,10,0.82
g10_008,decile_10,10,10,10,0.35
g10_009,decile_10,10,10,10,0.62
g10_010,decile_10,10,10,10,0.34
g10_011,decile_10,10,10,10,0.22
g10_012,decile_10,10,10,10,0.61
g10_013,decile_10,10,10,10,0.32
g10_014,decile_10,10,10,10,0.59
g10_015,decile_10,10,10,10,0.41
g10_016,decile_10,10,10,10,0.44
g10_017,decile_10,10,10,10,0.40
g10_018,decile_10,10,10,10,0.31
g10_019,decile_10,10,10,10,0.35
g10_020,decile_10,10,10,10,0.46
g10_021,decile_10,10,10,10,0.47
g10_022,decile_10,10,10,10,0.34
g10_023,decile_10,10,10,10,0.45
g10_024,decile_10,10,10,10,0.65
g10_025,decile_10,10,10,10,0.52
g10_026,decile_10,10,10,10,0.60
g10_027,decile_10,10,10,10,0.55
g10_028,decile_10,10,10,10,0.44
g10_029,decile_10,10,10,10,0.53
g10_030,decile_10,10,10,10,0.41
g10_031,decile_10,10,10,10,0.74
g10_032,decile_10,10,10,10,0.26
g10_033,decile_10,10,10,10,0.47
g10_034,decile_10,10,10,10,0.32
g10_035,decile_10,10,10,10,0.31
g10_036,decile_10,10,10,10,0.45
g10_037,decile_10,10,10,10,0.52
g10_038,decile_10,10,10,10,0.27
g10_039,decile_10,10,10,10,0.50
g10_040,decile_10,10,10,10,0.58
g10_041,decile_10,10,10,10,0.66
g10_042,decile_10,10,10,10,0.56
g10_043,decile_10,10,10,10,0.42
g10_044,decile_10,10,10,10,0.64
g10_045,decile_10,10,10,10,0.25
g10_046,decile_10,10,10,10,0.56
g10_047,decile_10,10,10,10,0.67
g10_048,decile_10,10,10,10,0.45
g10_049,decile_10,10,10,10,0.57
g10_050,decile_10,10,10,10,0.56
g10_051,decile_10,10,10,10,0.66
g10_052,decile_10,10,10,10,0.65
g10_053,decile_10,10,10,10,0.50
g10_054,decile_10,10,10,10,0.30
g10_055,decile_10,10,10,10,0.35
g10_056,decile_10,10,10,10,0.49
g10_057,decile_10,10,10,10,0.64
g10_058,decile_10,10,10,10,0.63
g10_059,decile_10,10,10,10,0.44
g10_060,decile_10,10,10,10,0.49
g10_061,decile_10,10,10,10,0.39
g10_062,decile_10,10,10,10,0.45
g10_063,decile_10,10,10,10,0.49
g10_064,decile_10,10,10,10,0.34
g10_065,decile_10,10,10,10,0.35
g10_066,decile_10,10,10,10,0.58
g10_067,decile_10,10,10,10,0.65
g10_068,decile_10,10,10,10,0.61
g10_069,decile_10,10,10,10,0.00
g10_070,decile_10,10,10,10,1.00
