algorithm,policy_rate,efficiency,disparity,ci_low,ci_high,operating
credit_prediction,0,0,0,0.0,0.0,0
credit_prediction,0.2,428.26634486,0.42886483165,0.3979039594496768,0.459825703850571,0
credit_prediction,0.4,799.173257838,0.741590985484,0.6930081695125866,0.790173801454524,0
credit_prediction,0.6,1151.12656423,0.994209043038,0.9309763028595522,1.0574417832156662,0
credit_prediction,0.8,1491.31003103,1.19645378809,1.1202191784069013,1.2726883977743668,0
credit_prediction,1,1823.00118426,1.36365385206,1.2755198097801261,1.451787894332135,0
credit_prediction,1.2,2148.07812372,1.51720971985,1.4179869150260944,1.6164325246666564,0
credit_prediction,1.4,2467.75580899,1.67924132336,1.5695614569692604,1.7889211897463144,0
credit_prediction,1.45,2546.93670811,1.72318446355,1.6109741202690735,1.8353948068293153,1
credit_prediction,1.6,2782.88291913,1.86592560701,1.7463006820792184,1.985550531948108,0
credit_prediction,1.8,3094.0847507,2.08247792058,1.953334936345457,2.211620904811676,0
credit_prediction,2,3401.84049704,2.32174728778,2.1834501516688953,2.4600444238813473,0
credit_prediction,2.2,3706.52866814,2.56700963189,2.4198738057568114,2.714145458031096,0
credit_prediction,2.4,4008.45551565,2.79802962312,2.6423323535008154,2.9537268927436373,0
credit_prediction,2.6,4307.87371949,2.99829914655,2.8342868666441885,3.162311426465092,0
credit_prediction,2.8,4604.99516968,3.16093900665,2.9888328485975535,3.333045164709068,0
credit_prediction,3,4900,3.29121184852,3.1112118485241753,3.4712118485241756,0
credit_oracle,0,0,0,0.0,0.0,0
credit_oracle,0.2,681.730099981,0.291363077443,0.25352201142035696,0.32920414346589427,0
credit_oracle,0.4,1272.15334921,0.502186526325,0.44280752902748943,0.5615655236231908,0
credit_oracle,0.6,1832.40555122,0.663073924287,0.5857894640692924,0.7403583845045429,0
credit_oracle,0.8,2373.92209022,0.779626414539,0.6864507804811621,0.8728020485969532,0
credit_oracle,1,2901.92025249,0.86536147621,0.7576420912059181,0.9730808612139288,0
credit_oracle,1.2,3419.38966632,0.940669991535,0.8193976745327228,1.061942308537854,0
credit_oracle,1.4,3928.264349,1.02703249852,0.8929793284907573,1.1610856685516013,0
credit_oracle,1.45,4054.30741291,1.0524067203,0.9152607451779551,1.1895526954182507,1
credit_oracle,1.6,4429.89525902,1.14018699733,0.9939787557419819,1.286395238915069,0
credit_oracle,1.8,4925.27776642,1.28503015344,1.1271887282659971,1.4428715786135986,0
credit_oracle,2,5415.17466876,1.45416987082,1.2851400377982414,1.623199703835683,0
credit_oracle,2.2,5900.18849214,1.63069375662,1.4508610802268396,1.8105264330065207,0
credit_oracle,2.4,6380.8067392,1.79421565263,1.6039189897639903,1.9845123155052173,0
credit_oracle,2.6,6857.43163511,1.92810413904,1.727644685816719,2.1285635922644897,0
credit_oracle,2.8,7330.40047419,2.02537748696,1.8150255159998494,2.235729457913923,0
credit_oracle,3,7800,2.09121184852,1.8712118485241753,2.3112118485241755,0
total_prediction,0,0,0,0.0,0.0,0
total_prediction,0.2,620.549193572,-0.0638497875916,-0.09137056288090628,-0.03632901230233365,0
total_prediction,0.4,1157.98574095,-0.116274993167,-0.1594597184742434,-0.07309026785918783,0
total_prediction,0.6,1667.95889918,-0.192358465819,-0.24856534597730853,-0.13615158566076277,0
total_prediction,0.8,2160.87780007,-0.297177633803,-0.3649417312991655,-0.22941353630586284,0
total_prediction,1,2641.49151188,-0.421893828059,-0.5002351989714482,-0.34355245714744037,0
total_prediction,1.2,3112.52136293,-0.548724306602,-0.6369223553308251,-0.46052625787254786,0
total_prediction,1.4,3575.72780486,-0.657840298973,-0.7553335135409704,-0.5603470844058112,0
total_prediction,1.45,3690.45931175,-0.680435783101,-0.7801783104606574,-0.5806932557404425,1
total_prediction,1.6,4032.34055629,-0.734637744358,-0.8409710109664746,-0.6283044777496841,0
total_prediction,1.8,4483.26565917,-0.775043245002,-0.8898370087647854,-0.6602494812392573,0
total_prediction,2,4929.1974549,-0.787071789658,-0.9100025773082603,-0.664141002008303,0
total_prediction,2.2,5370.68439669,-0.788122254516,-0.9189096555270697,-0.6573348535054833,0
total_prediction,2.4,5808.17023696,-0.798970437792,-0.9373680107885641,-0.6605728647949446,0
total_prediction,2.6,6242.02110375,-0.836566297037,-0.9823549902910556,-0.6907776037835858,0
total_prediction,2.8,6672.54402138,-0.908156438926,-1.061139690530661,-0.7551731873204255,0
total_prediction,3,7100,-1.00878815148,-1.1687881514758243,-0.8487881514758243,0
total_oracle,0,0,0,0.0,0.0,0
total_oracle,0.2,1153.69709227,0.00490108951188,-0.02949987959972869,0.03930205862348708,0
total_oracle,0.4,2152.87489867,0.00342723641239,-0.05055367022201775,0.05740814304680169,0
total_oracle,0.6,3100.99400975,-0.0267909064437,-0.09704950664153095,0.04346769375415127,0
total_oracle,0.8,4017.40661421,-0.0887639470267,-0.1734690688975402,-0.004058825155911869,0
total_oracle,1,4910.94196575,-0.172747640136,-0.2706743537763458,-0.07482092649633594,0
total_oracle,1.2,5786.65943531,-0.260454442446,-0.37070200335756626,-0.15020688153471967,0
total_oracle,1.4,6647.83197523,-0.331735886555,-0.4536024047645614,-0.2098693683456122,0
total_oracle,1.45,6861.13562185,-0.345046911475,-0.4697250706751385,-0.2203687522748698,1
total_oracle,1.6,7496.74582296,-0.371768439516,-0.5046850227760047,-0.23885185625501645,0
total_oracle,1.8,8335.08545086,-0.376319361433,-0.5198115661360921,-0.23282715672918186,0
total_oracle,2,9164.14174713,-0.353283081179,-0.5069465657416756,-0.19961959661672882,0
total_oracle,2.2,9984.93437132,-0.319964316878,-0.4834485681411313,-0.15648006561414823,0
total_oracle,2.4,10798.2883279,-0.297063452548,-0.4700604187939553,-0.12406648630193085,0
total_oracle,2.6,11604.8843056,-0.30146879328,-0.48370465984747146,-0.11923292671313424,0
total_oracle,2.8,12405.2931102,-0.340375679077,-0.5316047435837282,-0.14914661457093395,0
total_oracle,3,13200,-0.408788151476,-0.6087881514758244,-0.20878815147582436,0
status_quo,1.45,2100,1.9,,,0
