fee_change_pct,denial_change_pct,acceptance_change,payment_change_usd
-20,-30,9.8,-19.87
-18,-30,5.82,-17.718
-16,-30,1.84,-15.566
-14,-30,-2.14,-13.414
-12,-30,-6.12,-11.262
-10,-30,-10.1,-9.11
-8,-30,-14.08,-6.958
-6,-30,-18.06,-4.806
-4,-30,-22.04,-2.654
-2,-30,-26.02,-0.502
0,-30,-30.0,1.65
2,-30,-33.98,3.802
4,-30,-37.96,5.954
6,-30,-41.94,8.106
8,-30,-45.92,10.258
10,-30,-49.9,12.41
12,-30,-53.88,14.562
14,-30,-57.86,16.714
16,-30,-61.84,18.866
18,-30,-65.82,21.018
20,-30,-69.8,23.17
-20,-28,11.68,-20.012
-18,-28,7.712,-17.8568
-16,-28,3.744,-15.7016
-14,-28,-0.224,-13.5464
-12,-28,-4.192,-11.3912
-10,-28,-8.16,-9.236
-8,-28,-12.128,-7.0808
-6,-28,-16.096,-4.9256
-4,-28,-20.064,-2.7704
-2,-28,-24.032,-0.6152
0,-28,-28.0,1.54
2,-28,-31.968,3.6952
4,-28,-35.936,5.8504
6,-28,-39.904,8.0056
8,-28,-43.872,10.1608
10,-28,-47.84,12.316
12,-28,-51.808,14.4712
14,-28,-55.776,16.6264
16,-28,-59.744,18.7816
18,-28,-63.712,20.9368
20,-28,-67.68,23.092
-20,-26,13.56,-20.154
-18,-26,9.604,-17.9956
-16,-26,5.648,-15.8372
-14,-26,1.692,-13.6788
-12,-26,-2.264,-11.5204
-10,-26,-6.22,-9.362
-8,-26,-10.176,-7.2036
-6,-26,-14.132,-5.0452
-4,-26,-18.088,-2.8868
-2,-26,-22.044,-0.7284
0,-26,-26.0,1.43
2,-26,-29.956,3.5884
4,-26,-33.912,5.7468
6,-26,-37.868,7.9052
8,-26,-41.824,10.0636
10,-26,-45.78,12.222
12,-26,-49.736,14.3804
14,-26,-53.692,16.5388
16,-26,-57.648,18.6972
18,-26,-61.604,20.8556
20,-26,-65.56,23.014
-20,-24,15.44,-20.296
-18,-24,11.496,-18.1344
-16,-24,7.552,-15.9728
-14,-24,3.608,-13.8112
-12,-24,-0.336,-11.6496
-10,-24,-4.28,-9.488
-8,-24,-8.224,-7.3264
-6,-24,-12.168,-5.1648
-4,-24,-16.112,-3.0032
-2,-24,-20.056,-0.8416
0,-24,-24.0,1.32
2,-24,-27.944,3.4816
4,-24,-31.888,5.6432
6,-24,-35.832,7.8048
8,-24,-39.776,9.9664
10,-24,-43.72,12.128
12,-24,-47.664,14.2896
14,-24,-51.608,16.4512
16,-24,-55.552,18.6128
18,-24,-59.496,20.7744
20,-24,-63.44,22.936
-20,-22,17.32,-20.438
-18,-22,13.388,-18.2732
-16,-22,9.456,-16.1084
-14,-22,5.524,-13.9436
-12,-22,1.592,-11.7788
-10,-22,-2.34,-9.614
-8,-22,-6.272,-7.4492
-6,-22,-10.204,-5.2844
-4,-22,-14.136,-3.1196
-2,-22,-18.068,-0.9548
0,-22,-22.0,1.21
2,-22,-25.932,3.3748
4,-22,-29.864,5.5396
6,-22,-33.796,7.7044
8,-22,-37.728,9.8692
10,-22,-41.66,12.034
12,-22,-45.592,14.1988
14,-22,-49.524,16.3636
16,-22,-53.456,18.5284
18,-22,-57.388,20.6932
20,-22,-61.32,22.858
-20,-20,19.2,-20.58
-18,-20,15.28,-18.412
-16,-20,11.36,-16.244
-14,-20,7.44,-14.076
-12,-20,3.52,-11.908
-10,-20,-0.4,-9.74
-8,-20,-4.32,-7.572
-6,-20,-8.24,-5.404
-4,-20,-12.16,-3.236
-2,-20,-16.08,-1.068
0,-20,-20.0,1.1
2,-20,-23.92,3.268
4,-20,-27.84,5.436
6,-20,-31.76,7.604
8,-20,-35.68,9.772
10,-20,-39.6,11.94
12,-20,-43.52,14.108
14,-20,-47.44,16.276
16,-20,-51.36,18.444
18,-20,-55.28,20.612
20,-20,-59.2,22.78
-20,-18,21.08,-20.722
-18,-18,17.172,-18.5508
-16,-18,13.264,-16.3796
-14,-18,9.356,-14.2084
-12,-18,5.448,-12.0372
-10,-18,1.54,-9.866
-8,-18,-2.368,-7.6948
-6,-18,-6.276,-5.5236
-4,-18,-10.184,-3.3524
-2,-18,-14.092,-1.1812
0,-18,-18.0,0.99
2,-18,-21.908,3.1612
4,-18,-25.816,5.3324
6,-18,-29.724,7.5036
8,-18,-33.632,9.6748
10,-18,-37.54,11.846
12,-18,-41.448,14.0172
14,-18,-45.356,16.1884
16,-18,-49.264,18.3596
18,-18,-53.172,20.5308
20,-18,-57.08,22.702
-20,-16,22.96,-20.864
-18,-16,19.064,-18.6896
-16,-16,15.168,-16.5152
-14,-16,11.272,-14.3408
-12,-16,7.376,-12.1664
-10,-16,3.48,-9.992
-8,-16,-0.416,-7.8176
-6,-16,-4.312,-5.6432
-4,-16,-8.208,-3.4688
-2,-16,-12.104,-1.2944
0,-16,-16.0,0.88
2,-16,-19.896,3.0544
4,-16,-23.792,5.2288
6,-16,-27.688,7.4032
8,-16,-31.584,9.5776
10,-16,-35.48,11.752
12,-16,-39.376,13.9264
14,-16,-43.272,16.1008
16,-16,-47.168,18.2752
18,-16,-51.064,20.4496
20,-16,-54.96,22.624
-20,-14,24.84,-21.006
-18,-14,20.956,-18.8284
-16,-14,17.072,-16.6508
-14,-14,13.188,-14.4732
-12,-14,9.304,-12.2956
-10,-14,5.42,-10.118
-8,-14,1.536,-7.9404
-6,-14,-2.348,-5.7628
-4,-14,-6.232,-3.5852
-2,-14,-10.116,-1.4076
0,-14,-14.0,0.77
2,-14,-17.884,2.9476
4,-14,-21.768,5.1252
6,-14,-25.652,7.3028
8,-14,-29.536,9.4804
10,-14,-33.42,11.658
12,-14,-37.304,13.8356
14,-14,-41.188,16.0132
16,-14,-45.072,18.1908
18,-14,-48.956,20.3684
20,-14,-52.84,22.546
-20,-12,26.72,-21.148
-18,-12,22.848,-18.9672
-16,-12,18.976,-16.7864
-14,-12,15.104,-14.6056
-12,-12,11.232,-12.4248
-10,-12,7.36,-10.244
-8,-12,3.488,-8.0632
-6,-12,-0.384,-5.8824
-4,-12,-4.256,-3.7016
-2,-12,-8.128,-1.5208
0,-12,-12.0,0.66
2,-12,-15.872,2.8408
4,-12,-19.744,5.0216
6,-12,-23.616,7.2024
8,-12,-27.488,9.3832
10,-12,-31.36,11.564
12,-12,-35.232,13.7448
14,-12,-39.104,15.9256
16,-12,-42.976,18.1064
18,-12,-46.848,20.2872
20,-12,-50.72,22.468
-20,-10,28.6,-21.29
-18,-10,24.74,-19.106
-16,-10,20.88,-16.922
-14,-10,17.02,-14.738
-12,-10,13.16,-12.554
-10,-10,9.3,-10.37
-8,-10,5.44,-8.186
-6,-10,1.58,-6.002
-4,-10,-2.28,-3.818
-2,-10,-6.14,-1.634
0,-10,-10.0,0.55
2,-10,-13.86,2.734
4,-10,-17.72,4.918
6,-10,-21.58,7.102
8,-10,-25.44,9.286
10,-10,-29.3,11.47
12,-10,-33.16,13.654
14,-10,-37.02,15.838
16,-10,-40.88,18.022
18,-10,-44.74,20.206
20,-10,-48.6,22.39
-20,-8,30.48,-21.432
-18,-8,26.632,-19.2448
-16,-8,22.784,-17.0576
-14,-8,18.936,-14.8704
-12,-8,15.088,-12.6832
-10,-8,11.24,-10.496
-8,-8,7.392,-8.3088
-6,-8,3.544,-6.1216
-4,-8,-0.304,-3.9344
-2,-8,-4.152,-1.7472
0,-8,-8.0,0.44
2,-8,-11.848,2.6272
4,-8,-15.696,4.8144
6,-8,-19.544,7.0016
8,-8,-23.392,9.1888
10,-8,-27.24,11.376
12,-8,-31.088,13.5632
14,-8,-34.936,15.7504
16,-8,-38.784,17.9376
18,-8,-42.632,20.1248
20,-8,-46.48,22.312
-20,-6,32.36,-21.574
-18,-6,28.524,-19.3836
-16,-6,24.688,-17.1932
-14,-6,20.852,-15.0028
-12,-6,17.016,-12.8124
-10,-6,13.18,-10.622
-8,-6,9.344,-8.4316
-6,-6,5.508,-6.2412
-4,-6,1.672,-4.0508
-2,-6,-2.164,-1.8604
0,-6,-6.0,0.33
2,-6,-9.836,2.5204
4,-6,-13.672,4.7108
6,-6,-17.508,6.9012
8,-6,-21.344,9.0916
10,-6,-25.18,11.282
12,-6,-29.016,13.4724
14,-6,-32.852,15.6628
16,-6,-36.688,17.8532
18,-6,-40.524,20.0436
20,-6,-44.36,22.234
-20,-4,34.24,-21.716
-18,-4,30.416,-19.5224
-16,-4,26.592,-17.3288
-14,-4,22.768,-15.1352
-12,-4,18.944,-12.9416
-10,-4,15.12,-10.748
-8,-4,11.296,-8.5544
-6,-4,7.472,-6.3608
-4,-4,3.648,-4.1672
-2,-4,-0.176,-1.9736
0,-4,-4.0,0.22
2,-4,-7.824,2.4136
4,-4,-11.648,4.6072
6,-4,-15.472,6.8008
8,-4,-19.296,8.9944
10,-4,-23.12,11.188
12,-4,-26.944,13.3816
14,-4,-30.768,15.5752
16,-4,-34.592,17.7688
18,-4,-38.416,19.9624
20,-4,-42.24,22.156
-20,-2,36.12,-21.858
-18,-2,32.308,-19.6612
-16,-2,28.496,-17.4644
-14,-2,24.684,-15.2676
-12,-2,20.872,-13.0708
-10,-2,17.06,-10.874
-8,-2,13.248,-8.6772
-6,-2,9.436,-6.4804
-4,-2,5.624,-4.2836
-2,-2,1.812,-2.0868
0,-2,-2.0,0.11
2,-2,-5.812,2.3068
4,-2,-9.624,4.5036
6,-2,-13.436,6.7004
8,-2,-17.248,8.8972
10,-2,-21.06,11.094
12,-2,-24.872,13.2908
14,-2,-28.684,15.4876
16,-2,-32.496,17.6844
18,-2,-36.308,19.8812
20,-2,-40.12,22.078
-20,0,38.0,-22.0
-18,0,34.2,-19.8
-16,0,30.4,-17.6
-14,0,26.6,-15.4
-12,0,22.8,-13.2
-10,0,19.0,-11.0
-8,0,15.2,-8.8
-6,0,11.4,-6.6
-4,0,7.6,-4.4
-2,0,3.8,-2.2
0,0,0.0,0.0
2,0,-3.8,2.2
4,0,-7.6,4.4
6,0,-11.4,6.6
8,0,-15.2,8.8
10,0,-19.0,11.0
12,0,-22.8,13.2
14,0,-26.6,15.4
16,0,-30.4,17.6
18,0,-34.2,19.8
20,0,-38.0,22.0
-20,2,39.88,-22.142
-18,2,36.092,-19.9388
-16,2,32.304,-17.7356
-14,2,28.516,-15.5324
-12,2,24.728,-13.3292
-10,2,20.94,-11.126
-8,2,17.152,-8.9228
-6,2,13.364,-6.7196
-4,2,9.576,-4.5164
-2,2,5.788,-2.3132
0,2,2.0,-0.11
2,2,-1.788,2.0932
4,2,-5.576,4.2964
6,2,-9.364,6.4996
8,2,-13.152,8.7028
10,2,-16.94,10.906
12,2,-20.728,13.1092
14,2,-24.516,15.3124
16,2,-28.304,17.5156
18,2,-32.092,19.7188
20,2,-35.88,21.922
-20,4,41.76,-22.284
-18,4,37.984,-20.0776
-16,4,34.208,-17.8712
-14,4,30.432,-15.6648
-12,4,26.656,-13.4584
-10,4,22.88,-11.252
-8,4,19.104,-9.0456
-6,4,15.328,-6.8392
-4,4,11.552,-4.6328
-2,4,7.776,-2.4264
0,4,4.0,-0.22
2,4,0.224,1.9864
4,4,-3.552,4.1928
6,4,-7.328,6.3992
8,4,-11.104,8.6056
10,4,-14.88,10.812
12,4,-18.656,13.0184
14,4,-22.432,15.2248
16,4,-26.208,17.4312
18,4,-29.984,19.6376
20,4,-33.76,21.844
-20,6,43.64,-22.426
-18,6,39.876,-20.2164
-16,6,36.112,-18.0068
-14,6,32.348,-15.7972
-12,6,28.584,-13.5876
-10,6,24.82,-11.378
-8,6,21.056,-9.1684
-6,6,17.292,-6.9588
-4,6,13.528,-4.7492
-2,6,9.764,-2.5396
0,6,6.0,-0.33
2,6,2.236,1.8796
4,6,-1.528,4.0892
6,6,-5.292,6.2988
8,6,-9.056,8.5084
10,6,-12.82,10.718
12,6,-16.584,12.9276
14,6,-20.348,15.1372
16,6,-24.112,17.3468
18,6,-27.876,19.5564
20,6,-31.64,21.766
-20,8,45.52,-22.568
-18,8,41.768,-20.3552
-16,8,38.016,-18.1424
-14,8,34.264,-15.9296
-12,8,30.512,-13.7168
-10,8,26.76,-11.504
-8,8,23.008,-9.2912
-6,8,19.256,-7.0784
-4,8,15.504,-4.8656
-2,8,11.752,-2.6528
0,8,8.0,-0.44
2,8,4.248,1.7728
4,8,0.496,3.9856
6,8,-3.256,6.1984
8,8,-7.008,8.4112
10,8,-10.76,10.624
12,8,-14.512,12.8368
14,8,-18.264,15.0496
16,8,-22.016,17.2624
18,8,-25.768,19.4752
20,8,-29.52,21.688
-20,10,47.4,-22.71
-18,10,43.66,-20.494
-16,10,39.92,-18.278
-14,10,36.18,-16.062
-12,10,32.44,-13.846
-10,10,28.7,-11.63
-8,10,24.96,-9.414
-6,10,21.22,-7.198
-4,10,17.48,-4.982
-2,10,13.74,-2.766
0,10,10.0,-0.55
2,10,6.26,1.666
4,10,2.52,3.882
6,10,-1.22,6.098
8,10,-4.96,8.314
10,10,-8.7,10.53
12,10,-12.44,12.746
14,10,-16.18,14.962
16,10,-19.92,17.178
18,10,-23.66,19.394
20,10,-27.4,21.61
-20,12,49.28,-22.852
-18,12,45.552,-20.6328
-16,12,41.824,-18.4136
-14,12,38.096,-16.1944
-12,12,34.368,-13.9752
-10,12,30.64,-11.756
-8,12,26.912,-9.5368
-6,12,23.184,-7.3176
-4,12,19.456,-5.0984
-2,12,15.728,-2.8792
0,12,12.0,-0.66
2,12,8.272,1.5592
4,12,4.544,3.7784
6,12,0.816,5.9976
8,12,-2.912,8.2168
10,12,-6.64,10.436
12,12,-10.368,12.6552
14,12,-14.096,14.8744
16,12,-17.824,17.0936
18,12,-21.552,19.3128
20,12,-25.28,21.532
-20,14,51.16,-22.994
-18,14,47.444,-20.7716
-16,14,43.728,-18.5492
-14,14,40.012,-16.3268
-12,14,36.296,-14.1044
-10,14,32.58,-11.882
-8,14,28.864,-9.6596
-6,14,25.148,-7.4372
-4,14,21.432,-5.2148
-2,14,17.716,-2.9924
0,14,14.0,-0.77
2,14,10.284,1.4524
4,14,6.568,3.6748
6,14,2.852,5.8972
8,14,-0.864,8.1196
10,14,-4.58,10.342
12,14,-8.296,12.5644
14,14,-12.012,14.7868
16,14,-15.728,17.0092
18,14,-19.444,19.2316
20,14,-23.16,21.454
-20,16,53.04,-23.136
-18,16,49.336,-20.9104
-16,16,45.632,-18.6848
-14,16,41.928,-16.4592
-12,16,38.224,-14.2336
-10,16,34.52,-12.008
-8,16,30.816,-9.7824
-6,16,27.112,-7.5568
-4,16,23.408,-5.3312
-2,16,19.704,-3.1056
0,16,16.0,-0.88
2,16,12.296,1.3456
4,16,8.592,3.5712
6,16,4.888,5.7968
8,16,1.184,8.0224
10,16,-2.52,10.248
12,16,-6.224,12.4736
14,16,-9.928,14.6992
16,16,-13.632,16.9248
18,16,-17.336,19.1504
20,16,-21.04,21.376
-20,18,54.92,-23.278
-18,18,51.228,-21.0492
-16,18,47.536,-18.8204
-14,18,43.844,-16.5916
-12,18,40.152,-14.3628
-10,18,36.46,-12.134
-8,18,32.768,-9.9052
-6,18,29.076,-7.6764
-4,18,25.384,-5.4476
-2,18,21.692,-3.2188
0,18,18.0,-0.99
2,18,14.308,1.2388
4,18,10.616,3.4676
6,18,6.924,5.6964
8,18,3.232,7.9252
10,18,-0.46,10.154
12,18,-4.152,12.3828
14,18,-7.844,14.6116
16,18,-11.536,16.8404
18,18,-15.228,19.0692
20,18,-18.92,21.298
-20,20,56.8,-23.42
-18,20,53.12,-21.188
-16,20,49.44,-18.956
-14,20,45.76,-16.724
-12,20,42.08,-14.492
-10,20,38.4,-12.26
-8,20,34.72,-10.028
-6,20,31.04,-7.796
-4,20,27.36,-5.564
-2,20,23.68,-3.332
0,20,20.0,-1.1
2,20,16.32,1.132
4,20,12.64,3.364
6,20,8.96,5.596
8,20,5.28,7.828
10,20,1.6,10.06
12,20,-2.08,12.292
14,20,-5.76,14.524
16,20,-9.44,16.756
18,20,-13.12,18.988
20,20,-16.8,21.22
-20,22,58.68,-23.562
-18,22,55.012,-21.3268
-16,22,51.344,-19.0916
-14,22,47.676,-16.8564
-12,22,44.008,-14.6212
-10,22,40.34,-12.386
-8,22,36.672,-10.1508
-6,22,33.004,-7.9156
-4,22,29.336,-5.6804
-2,22,25.668,-3.4452
0,22,22.0,-1.21
2,22,18.332,1.0252
4,22,14.664,3.2604
6,22,10.996,5.4956
8,22,7.328,7.7308
10,22,3.66,9.966
12,22,-0.008,12.2012
14,22,-3.676,14.4364
16,22,-7.344,16.6716
18,22,-11.012,18.9068
20,22,-14.68,21.142
-20,24,60.56,-23.704
-18,24,56.904,-21.4656
-16,24,53.248,-19.2272
-14,24,49.592,-16.9888
-12,24,45.936,-14.7504
-10,24,42.28,-12.512
-8,24,38.624,-10.2736
-6,24,34.968,-8.0352
-4,24,31.312,-5.7968
-2,24,27.656,-3.5584
0,24,24.0,-1.32
2,24,20.344,0.9184
4,24,16.688,3.1568
6,24,13.032,5.3952
8,24,9.376,7.6336
10,24,5.72,9.872
12,24,2.064,12.1104
14,24,-1.592,14.3488
16,24,-5.248,16.5872
18,24,-8.904,18.8256
20,24,-12.56,21.064
-20,26,62.44,-23.846
-18,26,58.796,-21.6044
-16,26,55.152,-19.3628
-14,26,51.508,-17.1212
-12,26,47.864,-14.8796
-10,26,44.22,-12.638
-8,26,40.576,-10.3964
-6,26,36.932,-8.1548
-4,26,33.288,-5.9132
-2,26,29.644,-3.6716
0,26,26.0,-1.43
2,26,22.356,0.8116
4,26,18.712,3.0532
6,26,15.068,5.2948
8,26,11.424,7.5364
10,26,7.78,9.778
12,26,4.136,12.0196
14,26,0.492,14.2612
16,26,-3.152,16.5028
18,26,-6.796,18.7444
20,26,-10.44,20.986
-20,28,64.32,-23.988
-18,28,60.688,-21.7432
-16,28,57.056,-19.4984
-14,28,53.424,-17.2536
-12,28,49.792,-15.0088
-10,28,46.16,-12.764
-8,28,42.528,-10.5192
-6,28,38.896,-8.2744
-4,28,35.264,-6.0296
-2,28,31.632,-3.7848
0,28,28.0,-1.54
2,28,24.368,0.7048
4,28,20.736,2.9496
6,28,17.104,5.1944
8,28,13.472,7.4392
10,28,9.84,9.684
12,28,6.208,11.9288
14,28,2.576,14.1736
16,28,-1.056,16.4184
18,28,-4.688,18.6632
20,28,-8.32,20.908
-20,30,66.2,-24.13
-18,30,62.58,-21.882
-16,30,58.96,-19.634
-14,30,55.34,-17.386
-12,30,51.72,-15.138
-10,30,48.1,-12.89
-8,30,44.48,-10.642
-6,30,40.86,-8.394
-4,30,37.24,-6.146
-2,30,33.62,-3.898
0,30,30.0,-1.65
2,30,26.38,0.598
4,30,22.76,2.846
6,30,19.14,5.094
8,30,15.52,7.342
10,30,11.9,9.59
12,30,8.28,11.838
14,30,4.66,14.086
16,30,1.04,16.334
18,30,-2.58,18.582
20,30,-6.2,20.83
