date,series,value
1938-01-01,Broad coverage,4.1
1940-01-01,Broad coverage,4.424
1942-01-01,Broad coverage,4.715
1944-01-01,Broad coverage,4.943
1946-01-01,Broad coverage,5.09
1948-01-01,Broad coverage,5.15
1950-01-01,Broad coverage,5.132
1952-01-01,Broad coverage,5.054
1954-01-01,Broad coverage,4.948
1956-01-01,Broad coverage,4.847
1958-01-01,Broad coverage,4.784
1960-01-01,Broad coverage,4.787
1962-01-01,Broad coverage,4.872
1964-01-01,Broad coverage,5.044
1966-01-01,Broad coverage,5.293
1968-01-01,Broad coverage,5.596
1970-01-01,Broad coverage,5.924
1972-01-01,Broad coverage,6.242
1974-01-01,Broad coverage,6.517
1976-01-01,Broad coverage,6.722
1978-01-01,Broad coverage,6.844
1980-01-01,Broad coverage,6.88
1982-01-01,Broad coverage,6.842
1984-01-01,Broad coverage,6.753
1986-01-01,Broad coverage,6.644
1988-01-01,Broad coverage,6.551
1958-01-01,Sector A,6.6
1960-01-01,Sector A,6.924
1962-01-01,Sector A,7.215
1964-01-01,Sector A,7.443
1966-01-01,Sector A,7.59
1968-01-01,Sector A,7.65
1970-01-01,Sector A,7.632
1972-01-01,Sector A,
1974-01-01,Sector A,7.448
1976-01-01,Sector A,7.347
1978-01-01,Sector A,7.284
1980-01-01,Sector A,7.287
1982-01-01,Sector A,7.372
1984-01-01,Sector A,7.544
1986-01-01,Sector A,7.793
1988-01-01,Sector A,8.096
1966-01-01,Sector B,6.3
1968-01-01,Sector B,6.624
1970-01-01,Sector B,6.915
1972-01-01,Sector B,7.143
1974-01-01,Sector B,7.29
1976-01-01,Sector B,7.35
1978-01-01,Sector B,7.332
1980-01-01,Sector B,7.254
1982-01-01,Sector B,7.148
1984-01-01,Sector B,7.047
1986-01-01,Sector B,6.984
1988-01-01,Sector B,6.987
