panel,panel_order,x_left,x_right,count
destination_share,1,0.00000000,0.05000000,165
destination_share,1,0.05000000,0.10000000,289
destination_share,1,0.10000000,0.15000000,495
destination_share,1,0.15000000,0.20000000,582
destination_share,1,0.20000000,0.25000000,1105
destination_share,1,0.25000000,0.30000000,1704
destination_share,1,0.30000000,0.35000000,2657
destination_share,1,0.35000000,0.40000000,3819
destination_share,1,0.40000000,0.45000000,5229
destination_share,1,0.45000000,0.50000000,6505
destination_share,1,0.50000000,0.55000000,7502
destination_share,1,0.55000000,0.60000000,8059
destination_share,1,0.60000000,0.65000000,8044
destination_share,1,0.65000000,0.70000000,7423
destination_share,1,0.70000000,0.75000000,6379
destination_share,1,0.75000000,0.80000000,5171
destination_share,1,0.80000000,0.85000000,3838
destination_share,1,0.85000000,0.90000000,2606
destination_share,1,0.90000000,0.95000000,1713
destination_share,1,0.95000000,1.00000000,993
destination_degree,2,0.50000000,1.50000000,10403
destination_degree,2,1.50000000,2.50000000,7769
destination_degree,2,2.50000000,3.50000000,5745
destination_degree,2,3.50000000,4.50000000,4317
destination_degree,2,4.50000000,5.50000000,3165
destination_degree,2,5.50000000,6.50000000,2380
destination_degree,2,6.50000000,7.50000000,1810
destination_degree,2,7.50000000,8.50000000,1418
destination_degree,2,8.50000000,9.50000000,982
destination_degree,2,9.50000000,10.50000000,802
destination_degree,2,10.50000000,11.50000000,626
destination_degree,2,11.50000000,12.50000000,439
destination_degree,2,12.50000000,13.50000000,349
destination_degree,2,13.50000000,14.50000000,268
destination_degree,2,14.50000000,15.50000000,246
destination_degree,2,15.50000000,16.50000000,261
destination_degree,2,16.50000000,17.50000000,163
destination_degree,2,17.50000000,18.50000000,227
destination_degree,2,18.50000000,19.50000000,126
destination_degree,2,19.50000000,20.50000000,212
home_share,3,0.00000000,0.05000000,210
home_share,3,0.05000000,0.10000000,261
home_share,3,0.10000000,0.15000000,421
home_share,3,0.15000000,0.20000000,728
home_share,3,0.20000000,0.25000000,1195
home_share,3,0.25000000,0.30000000,1932
home_share,3,0.30000000,0.35000000,2695
home_share,3,0.35000000,0.40000000,3742
home_share,3,0.40000000,0.45000000,4640
home_share,3,0.45000000,0.50000000,5583
home_share,3,0.50000000,0.55000000,5990
home_share,3,0.55000000,0.60000000,6069
home_share,3,0.60000000,0.65000000,5711
home_share,3,0.65000000,0.70000000,5045
home_share,3,0.70000000,0.75000000,4095
home_share,3,0.75000000,0.80000000,3156
home_share,3,0.80000000,0.85000000,2118
home_share,3,0.85000000,0.90000000,1419
home_share,3,0.90000000,0.95000000,972
home_share,3,0.95000000,1.00000000,640
home_degree,4,0.50000000,1.50000000,4519
home_degree,4,1.50000000,2.50000000,4067
home_degree,4,2.50000000,3.50000000,3588
home_degree,4,3.50000000,4.50000000,3154
home_degree,4,4.50000000,5.50000000,2734
home_degree,4,5.50000000,6.50000000,2506
home_degree,4,6.50000000,7.50000000,2143
home_degree,4,7.50000000,8.50000000,1947
home_degree,4,8.50000000,9.50000000,1693
home_degree,4,9.50000000,10.50000000,1610
home_degree,4,10.50000000,11.50000000,1345
home_degree,4,11.50000000,12.50000000,1199
home_degree,4,12.50000000,13.50000000,1158
home_degree,4,13.50000000,14.50000000,1005
home_degree,4,14.50000000,15.50000000,907
home_degree,4,15.50000000,16.50000000,781
home_degree,4,16.50000000,17.50000000,688
home_degree,4,17.50000000,18.50000000,595
home_degree,4,18.50000000,19.50000000,634
home_degree,4,19.50000000,20.50000000,563
