variant,panel,panel_order,term,term_order,term_label_en,term_label_zh,group,group_order,estimate,ci_low,ci_high,se
robustness,mortality,1,preferred,1,Preferred,首选规格,main,1,-12.398616,-14.909055,-9.888177,1.280836
robustness,mortality,1,extra_fe,2,Extra fixed effects,加入固定效应,main,1,-10.784775,-13.502217,-8.067332,1.386450
robustness,mortality,1,unweighted,3,Unweighted,不加权,main,1,-12.555947,-15.210254,-9.901640,1.354238
robustness,mortality,1,drop_region,4,Drop one region,剔除一个地区,main,1,-12.549230,-15.353070,-9.745390,1.430531
robustness,mortality,1,controls,5,More controls,增加控制变量,main,1,-11.548547,-14.029869,-9.067225,1.265981
robustness,mortality,1,movers,6,Movers only,仅流动者,main,1,-12.036956,-14.955831,-9.118081,1.489222
robustness,mortality,1,stayers,7,Stayers only,仅未流动者,main,1,-12.864295,-15.897081,-9.831509,1.547340
robustness,mortality,1,placebo,8,Placebo cohort,安慰剂队列,main,1,-0.535216,-3.090316,2.019884,1.303623
robustness,difficulty,2,preferred,1,Preferred,首选规格,main,1,-3.375370,-4.401580,-2.349160,0.523576
robustness,difficulty,2,extra_fe,2,Extra fixed effects,加入固定效应,main,1,-3.984011,-4.860339,-3.107683,0.447106
robustness,difficulty,2,unweighted,3,Unweighted,不加权,main,1,-2.993699,-3.995195,-1.992202,0.510968
robustness,difficulty,2,drop_region,4,Drop one region,剔除一个地区,main,1,-3.864541,-4.862679,-2.866403,0.509254
robustness,difficulty,2,controls,5,More controls,增加控制变量,main,1,-3.789569,-4.720381,-2.858756,0.474904
robustness,difficulty,2,movers,6,Movers only,仅流动者,main,1,-3.553006,-4.450001,-2.656012,0.457650
robustness,difficulty,2,stayers,7,Stayers only,仅未流动者,main,1,-3.606526,-4.641620,-2.571431,0.528109
robustness,difficulty,2,placebo,8,Placebo cohort,安慰剂队列,main,1,0.326962,-0.611780,1.265704,0.478950
robustness,transfer,3,preferred,1,Preferred,首选规格,main,1,-5.508706,-6.902023,-4.115389,0.710876
robustness,transfer,3,extra_fe,2,Extra fixed effects,加入固定效应,main,1,-4.880472,-6.322408,-3.438537,0.735681
robustness,transfer,3,unweighted,3,Unweighted,不加权,main,1,-5.096250,-6.649570,-3.542930,0.792510
robustness,transfer,3,drop_region,4,Drop one region,剔除一个地区,main,1,-5.417653,-7.018047,-3.817260,0.816527
robustness,transfer,3,controls,5,More controls,增加控制变量,main,1,-5.578974,-6.952192,-4.205756,0.700621
robustness,transfer,3,movers,6,Movers only,仅流动者,main,1,-5.502335,,,0.734919
robustness,transfer,3,stayers,7,Stayers only,仅未流动者,main,1,-5.109113,-6.585841,-3.632385,0.753433
robustness,transfer,3,placebo,8,Placebo cohort,安慰剂队列,main,1,-0.202216,-1.796706,1.392273,0.813515
robustness,employment,4,preferred,1,Preferred,首选规格,main,1,3.539662,2.388488,4.690836,0.587334
robustness,employment,4,extra_fe,2,Extra fixed effects,加入固定效应,main,1,4.161299,3.133894,5.188703,0.524186
robustness,employment,4,unweighted,3,Unweighted,不加权,main,1,4.143808,2.997604,5.290013,0.584798
robustness,employment,4,drop_region,4,Drop one region,剔除一个地区,main,1,4.547656,3.471250,5.624062,0.549187
robustness,employment,4,controls,5,More controls,增加控制变量,main,1,4.055523,2.927352,5.183693,0.575597
robustness,employment,4,movers,6,Movers only,仅流动者,main,1,4.617827,3.413297,5.822356,0.614556
robustness,employment,4,stayers,7,Stayers only,仅未流动者,main,1,4.124833,2.959760,5.289907,0.594425
robustness,employment,4,placebo,8,Placebo cohort,安慰剂队列,main,1,-0.026084,-1.039543,0.987375,0.517071
subgroup,education,1,gpa,1,Cumulative GPA,累计平均绩点,group_a,1,-0.030000,-0.033000,-0.027000,0.001531
subgroup,education,1,gpa,1,Cumulative GPA,累计平均绩点,group_b,2,-0.001000,-0.014000,0.012000,0.006633
subgroup,education,1,graduation,2,High-school graduation,高中毕业,group_a,1,-0.013000,-0.016300,-0.009700,0.001684
subgroup,education,1,graduation,2,High-school graduation,高中毕业,group_b,2,-0.001000,-0.015300,0.013300,0.007296
subgroup,education,1,college,3,College enrollment,大学入学,group_a,1,-0.007000,-0.010600,-0.003400,0.001837
subgroup,education,1,college,3,College enrollment,大学入学,group_b,2,0.001000,-0.014600,0.016600,0.007959
