x_center,y_center,x_lo,x_hi,y_lo,y_hi,in90,in95,in99
0.0,0.0,-0.02,0.02,-0.005,0.005,0,0,0
0.0,0.01,-0.02,0.02,0.005,0.015,0,0,0
0.0,0.02,-0.02,0.02,0.015,0.025,0,0,0
0.0,0.03,-0.02,0.02,0.025,0.035,0,0,0
0.0,0.04,-0.02,0.02,0.035,0.045,0,0,0
0.0,0.05,-0.02,0.02,0.045,0.055,0,0,0
0.0,0.06,-0.02,0.02,0.055,0.065,0,0,0
0.0,0.07,-0.02,0.02,0.065,0.075,0,0,0
0.0,0.08,-0.02,0.02,0.075,0.085,0,0,0
0.0,0.09,-0.02,0.02,0.085,0.095,0,0,0
0.0,0.1,-0.02,0.02,0.095,0.105,0,0,0
0.0,0.11,-0.02,0.02,0.105,0.115,0,0,0
0.0,0.12,-0.02,0.02,0.115,0.125,0,0,0
0.0,0.13,-0.02,0.02,0.125,0.135,0,0,0
0.0,0.14,-0.02,0.02,0.135,0.145,0,0,0
0.0,0.15,-0.02,0.02,0.145,0.155,0,0,0
0.0,0.16,-0.02,0.02,0.155,0.165,0,0,0
0.0,0.17,-0.02,0.02,0.165,0.175,0,0,0
0.0,0.18,-0.02,0.02,0.175,0.185,0,0,0
0.0,0.19,-0.02,0.02,0.185,0.195,0,0,0
0.0,0.2,-0.02,0.02,0.195,0.205,0,0,0
0.0,0.21,-0.02,0.02,0.205,0.215,0,0,0
0.0,0.22,-0.02,0.02,0.215,0.225,0,0,0
0.0,0.23,-0.02,0.02,0.225,0.235,0,0,0
0.0,0.24,-0.02,0.02,0.235,0.245,0,0,0
0.0,0.25,-0.02,0.02,0.245,0.255,0,0,0
0.0,0.26,-0.02,0.02,0.255,0.265,0,0,0
0.0,0.27,-0.02,0.02,0.265,0.275,0,0,0
0.0,0.28,-0.02,0.02,0.275,0.285,0,0,0
0.0,0.29,-0.02,0.02,0.285,0.295,0,0,0
0.0,0.3,-0.02,0.02,0.295,0.305,0,0,0
0.0,0.31,-0.02,0.02,0.305,0.315,0,0,0
0.0,0.32,-0.02,0.02,0.315,0.325,0,0,0
0.0,0.33,-0.02,0.02,0.325,0.335,0,0,0
0.0,0.34,-0.02,0.02,0.335,0.345,0,0,0
0.0,0.35,-0.02,0.02,0.345,0.355,0,0,0
0.0,0.36,-0.02,0.02,0.355,0.365,0,0,0
0.0,0.37,-0.02,0.02,0.365,0.375,0,0,0
0.0,0.38,-0.02,0.02,0.375,0.385,0,0,0
0.0,0.39,-0.02,0.02,0.385,0.395,0,0,0
0.0,0.4,-0.02,0.02,0.395,0.405,0,0,0
0.0,0.41,-0.02,0.02,0.405,0.415,0,0,0
0.0,0.42,-0.02,0.02,0.415,0.425,0,0,0
0.0,0.43,-0.02,0.02,0.425,0.435,0,0,0
0.0,0.44,-0.02,0.02,0.435,0.445,0,0,0
0.0,0.45,-0.02,0.02,0.445,0.455,0,0,0
0.0,0.46,-0.02,0.02,0.455,0.465,0,0,0
0.04,0.0,0.02,0.06,-0.005,0.005,0,0,0
0.04,0.01,0.02,0.06,0.005,0.015,0,0,0
0.04,0.02,0.02,0.06,0.015,0.025,0,0,0
0.04,0.03,0.02,0.06,0.025,0.035,0,0,0
0.04,0.04,0.02,0.06,0.035,0.045,0,0,0
0.04,0.05,0.02,0.06,0.045,0.055,0,0,0
0.04,0.06,0.02,0.06,0.055,0.065,0,0,0
0.04,0.07,0.02,0.06,0.065,0.075,0,0,0
0.04,0.08,0.02,0.06,0.075,0.085,0,0,0
0.04,0.09,0.02,0.06,0.085,0.095,0,0,0
0.04,0.1,0.02,0.06,0.095,0.105,0,0,0
0.04,0.11,0.02,0.06,0.105,0.115,0,0,0
0.04,0.12,0.02,0.06,0.115,0.125,0,0,0
0.04,0.13,0.02,0.06,0.125,0.135,0,0,0
0.04,0.14,0.02,0.06,0.135,0.145,0,0,0
0.04,0.15,0.02,0.06,0.145,0.155,0,0,0
0.04,0.16,0.02,0.06,0.155,0.165,0,0,0
0.04,0.17,0.02,0.06,0.165,0.175,0,0,0
0.04,0.18,0.02,0.06,0.175,0.185,0,0,0
0.04,0.19,0.02,0.06,0.185,0.195,0,0,0
0.04,0.2,0.02,0.06,0.195,0.205,0,0,0
0.04,0.21,0.02,0.06,0.205,0.215,0,0,0
0.04,0.22,0.02,0.06,0.215,0.225,0,0,0
0.04,0.23,0.02,0.06,0.225,0.235,0,0,0
0.04,0.24,0.02,0.06,0.235,0.245,0,0,0
0.04,0.25,0.02,0.06,0.245,0.255,0,0,0
0.04,0.26,0.02,0.06,0.255,0.265,0,0,0
0.04,0.27,0.02,0.06,0.265,0.275,0,0,0
0.04,0.28,0.02,0.06,0.275,0.285,0,0,0
0.04,0.29,0.02,0.06,0.285,0.295,0,0,0
0.04,0.3,0.02,0.06,0.295,0.305,0,0,0
0.04,0.31,0.02,0.06,0.305,0.315,0,0,0
0.04,0.32,0.02,0.06,0.315,0.325,0,0,0
0.04,0.33,0.02,0.06,0.325,0.335,0,0,0
0.04,0.34,0.02,0.06,0.335,0.345,0,0,0
0.04,0.35,0.02,0.06,0.345,0.355,0,0,0
0.04,0.36,0.02,0.06,0.355,0.365,0,0,0
0.04,0.37,0.02,0.06,0.365,0.375,0,0,0
0.04,0.38,0.02,0.06,0.375,0.385,0,0,0
0.04,0.39,0.02,0.06,0.385,0.395,0,0,0
0.04,0.4,0.02,0.06,0.395,0.405,0,0,0
0.04,0.41,0.02,0.06,0.405,0.415,0,0,0
0.04,0.42,0.02,0.06,0.415,0.425,0,0,0
0.04,0.43,0.02,0.06,0.425,0.435,0,0,0
0.04,0.44,0.02,0.06,0.435,0.445,0,0,0
0.04,0.45,0.02,0.06,0.445,0.455,0,0,0
0.04,0.46,0.02,0.06,0.455,0.465,0,0,0
0.08,0.0,0.06,0.1,-0.005,0.005,0,0,0
0.08,0.01,0.06,0.1,0.005,0.015,0,0,0
0.08,0.02,0.06,0.1,0.015,0.025,0,0,0
0.08,0.03,0.06,0.1,0.025,0.035,0,0,0
0.08,0.04,0.06,0.1,0.035,0.045,0,0,0
0.08,0.05,0.06,0.1,0.045,0.055,0,0,0
0.08,0.06,0.06,0.1,0.055,0.065,0,0,0
0.08,0.07,0.06,0.1,0.065,0.075,0,0,0
0.08,0.08,0.06,0.1,0.075,0.085,0,0,0
0.08,0.09,0.06,0.1,0.085,0.095,0,0,0
0.08,0.1,0.06,0.1,0.095,0.105,0,0,0
0.08,0.11,0.06,0.1,0.105,0.115,0,0,0
0.08,0.12,0.06,0.1,0.115,0.125,0,0,0
0.08,0.13,0.06,0.1,0.125,0.135,0,0,0
0.08,0.14,0.06,0.1,0.135,0.145,0,0,0
0.08,0.15,0.06,0.1,0.145,0.155,0,0,0
0.08,0.16,0.06,0.1,0.155,0.165,0,0,0
0.08,0.17,0.06,0.1,0.165,0.175,0,0,0
0.08,0.18,0.06,0.1,0.175,0.185,0,0,0
0.08,0.19,0.06,0.1,0.185,0.195,0,0,0
0.08,0.2,0.06,0.1,0.195,0.205,0,0,0
0.08,0.21,0.06,0.1,0.205,0.215,0,0,0
0.08,0.22,0.06,0.1,0.215,0.225,0,0,0
0.08,0.23,0.06,0.1,0.225,0.235,0,0,0
0.08,0.24,0.06,0.1,0.235,0.245,0,0,0
0.08,0.25,0.06,0.1,0.245,0.255,0,0,0
0.08,0.26,0.06,0.1,0.255,0.265,0,0,0
0.08,0.27,0.06,0.1,0.265,0.275,0,0,0
0.08,0.28,0.06,0.1,0.275,0.285,0,0,0
0.08,0.29,0.06,0.1,0.285,0.295,0,0,0
0.08,0.3,0.06,0.1,0.295,0.305,0,0,0
0.08,0.31,0.06,0.1,0.305,0.315,0,0,0
0.08,0.32,0.06,0.1,0.315,0.325,0,0,0
0.08,0.33,0.06,0.1,0.325,0.335,0,0,0
0.08,0.34,0.06,0.1,0.335,0.345,0,0,0
0.08,0.35,0.06,0.1,0.345,0.355,0,0,0
0.08,0.36,0.06,0.1,0.355,0.365,0,0,0
0.08,0.37,0.06,0.1,0.365,0.375,0,0,0
0.08,0.38,0.06,0.1,0.375,0.385,0,0,0
0.08,0.39,0.06,0.1,0.385,0.395,0,0,0
0.08,0.4,0.06,0.1,0.395,0.405,0,0,0
0.08,0.41,0.06,0.1,0.405,0.415,0,0,0
0.08,0.42,0.06,0.1,0.415,0.425,0,0,0
0.08,0.43,0.06,0.1,0.425,0.435,0,0,0
0.08,0.44,0.06,0.1,0.435,0.445,0,0,0
0.08,0.45,0.06,0.1,0.445,0.455,0,0,0
0.08,0.46,0.06,0.1,0.455,0.465,0,0,0
0.12,0.0,0.1,0.14,-0.005,0.005,0,0,0
0.12,0.01,0.1,0.14,0.005,0.015,0,0,0
0.12,0.02,0.1,0.14,0.015,0.025,0,0,0
0.12,0.03,0.1,0.14,0.025,0.035,0,0,0
0.12,0.04,0.1,0.14,0.035,0.045,0,0,0
0.12,0.05,0.1,0.14,0.045,0.055,0,0,0
0.12,0.06,0.1,0.14,0.055,0.065,0,0,0
0.12,0.07,0.1,0.14,0.065,0.075,0,0,0
0.12,0.08,0.1,0.14,0.075,0.085,0,0,0
0.12,0.09,0.1,0.14,0.085,0.095,0,0,0
0.12,0.1,0.1,0.14,0.095,0.105,0,0,0
0.12,0.11,0.1,0.14,0.105,0.115,0,0,0
0.12,0.12,0.1,0.14,0.115,0.125,0,0,0
0.12,0.13,0.1,0.14,0.125,0.135,0,0,0
0.12,0.14,0.1,0.14,0.135,0.145,0,0,0
0.12,0.15,0.1,0.14,0.145,0.155,0,0,0
0.12,0.16,0.1,0.14,0.155,0.165,0,0,0
0.12,0.17,0.1,0.14,0.165,0.175,0,0,0
0.12,0.18,0.1,0.14,0.175,0.185,0,0,0
0.12,0.19,0.1,0.14,0.185,0.195,0,0,0
0.12,0.2,0.1,0.14,0.195,0.205,0,0,0
0.12,0.21,0.1,0.14,0.205,0.215,0,0,0
0.12,0.22,0.1,0.14,0.215,0.225,0,0,0
0.12,0.23,0.1,0.14,0.225,0.235,0,0,0
0.12,0.24,0.1,0.14,0.235,0.245,0,0,0
0.12,0.25,0.1,0.14,0.245,0.255,0,0,0
0.12,0.26,0.1,0.14,0.255,0.265,0,0,0
0.12,0.27,0.1,0.14,0.265,0.275,0,0,0
0.12,0.28,0.1,0.14,0.275,0.285,0,0,0
0.12,0.29,0.1,0.14,0.285,0.295,0,0,0
0.12,0.3,0.1,0.14,0.295,0.305,0,0,0
0.12,0.31,0.1,0.14,0.305,0.315,0,0,0
0.12,0.32,0.1,0.14,0.315,0.325,0,0,0
0.12,0.33,0.1,0.14,0.325,0.335,0,0,0
0.12,0.34,0.1,0.14,0.335,0.345,0,0,0
0.12,0.35,0.1,0.14,0.345,0.355,0,0,0
0.12,0.36,0.1,0.14,0.355,0.365,0,0,0
0.12,0.37,0.1,0.14,0.365,0.375,0,0,0
0.12,0.38,0.1,0.14,0.375,0.385,0,0,0
0.12,0.39,0.1,0.14,0.385,0.395,0,0,0
0.12,0.4,0.1,0.14,0.395,0.405,0,0,0
0.12,0.41,0.1,0.14,0.405,0.415,0,0,0
0.12,0.42,0.1,0.14,0.415,0.425,0,0,0
0.12,0.43,0.1,0.14,0.425,0.435,0,0,0
0.12,0.44,0.1,0.14,0.435,0.445,0,0,0
0.12,0.45,0.1,0.14,0.445,0.455,0,0,0
0.12,0.46,0.1,0.14,0.455,0.465,0,0,0
0.16,0.0,0.14,0.18,-0.005,0.005,0,0,0
0.16,0.01,0.14,0.18,0.005,0.015,0,0,0
0.16,0.02,0.14,0.18,0.015,0.025,0,0,0
0.16,0.03,0.14,0.18,0.025,0.035,0,0,0
0.16,0.04,0.14,0.18,0.035,0.045,0,0,0
0.16,0.05,0.14,0.18,0.045,0.055,0,0,0
0.16,0.06,0.14,0.18,0.055,0.065,0,0,0
0.16,0.07,0.14,0.18,0.065,0.075,0,0,0
0.16,0.08,0.14,0.18,0.075,0.085,0,0,0
0.16,0.09,0.14,0.18,0.085,0.095,0,0,0
0.16,0.1,0.14,0.18,0.095,0.105,0,0,0
0.16,0.11,0.14,0.18,0.105,0.115,0,0,0
0.16,0.12,0.14,0.18,0.115,0.125,0,0,0
0.16,0.13,0.14,0.18,0.125,0.135,0,0,0
0.16,0.14,0.14,0.18,0.135,0.145,0,0,0
0.16,0.15,0.14,0.18,0.145,0.155,0,0,0
0.16,0.16,0.14,0.18,0.155,0.165,0,0,0
0.16,0.17,0.14,0.18,0.165,0.175,0,0,0
0.16,0.18,0.14,0.18,0.175,0.185,0,0,0
0.16,0.19,0.14,0.18,0.185,0.195,0,0,0
0.16,0.2,0.14,0.18,0.195,0.205,0,0,0
0.16,0.21,0.14,0.18,0.205,0.215,0,0,0
0.16,0.22,0.14,0.18,0.215,0.225,0,0,0
0.16,0.23,0.14,0.18,0.225,0.235,0,0,0
0.16,0.24,0.14,0.18,0.235,0.245,0,0,0
0.16,0.25,0.14,0.18,0.245,0.255,0,0,0
0.16,0.26,0.14,0.18,0.255,0.265,0,0,0
0.16,0.27,0.14,0.18,0.265,0.275,0,0,0
0.16,0.28,0.14,0.18,0.275,0.285,0,0,0
0.16,0.29,0.14,0.18,0.285,0.295,0,0,0
0.16,0.3,0.14,0.18,0.295,0.305,0,0,0
0.16,0.31,0.14,0.18,0.305,0.315,0,0,0
0.16,0.32,0.14,0.18,0.315,0.325,0,0,0
0.16,0.33,0.14,0.18,0.325,0.335,0,0,0
0.16,0.34,0.14,0.18,0.335,0.345,0,0,0
0.16,0.35,0.14,0.18,0.345,0.355,0,0,0
0.16,0.36,0.14,0.18,0.355,0.365,0,0,0
0.16,0.37,0.14,0.18,0.365,0.375,0,0,0
0.16,0.38,0.14,0.18,0.375,0.385,0,0,0
0.16,0.39,0.14,0.18,0.385,0.395,0,0,0
0.16,0.4,0.14,0.18,0.395,0.405,0,0,0
0.16,0.41,0.14,0.18,0.405,0.415,0,0,0
0.16,0.42,0.14,0.18,0.415,0.425,0,0,0
0.16,0.43,0.14,0.18,0.425,0.435,0,0,0
0.16,0.44,0.14,0.18,0.435,0.445,0,0,0
0.16,0.45,0.14,0.18,0.445,0.455,0,0,0
0.16,0.46,0.14,0.18,0.455,0.465,0,0,0
0.2,0.0,0.18,0.22,-0.005,0.005,0,0,0
0.2,0.01,0.18,0.22,0.005,0.015,0,0,0
0.2,0.02,0.18,0.22,0.015,0.025,0,0,0
0.2,0.03,0.18,0.22,0.025,0.035,0,0,0
0.2,0.04,0.18,0.22,0.035,0.045,0,0,0
0.2,0.05,0.18,0.22,0.045,0.055,0,0,0
0.2,0.06,0.18,0.22,0.055,0.065,0,0,0
0.2,0.07,0.18,0.22,0.065,0.075,0,0,0
0.2,0.08,0.18,0.22,0.075,0.085,0,0,0
0.2,0.09,0.18,0.22,0.085,0.095,0,0,1
0.2,0.1,0.18,0.22,0.095,0.105,0,0,1
0.2,0.11,0.18,0.22,0.105,0.115,0,0,0
0.2,0.12,0.18,0.22,0.115,0.125,0,0,0
0.2,0.13,0.18,0.22,0.125,0.135,0,0,0
0.2,0.14,0.18,0.22,0.135,0.145,0,0,0
0.2,0.15,0.18,0.22,0.145,0.155,0,0,0
0.2,0.16,0.18,0.22,0.155,0.165,0,0,0
0.2,0.17,0.18,0.22,0.165,0.175,0,0,0
0.2,0.18,0.18,0.22,0.175,0.185,0,0,0
0.2,0.19,0.18,0.22,0.185,0.195,0,0,0
0.2,0.2,0.18,0.22,0.195,0.205,0,0,0
0.2,0.21,0.18,0.22,0.205,0.215,0,0,0
0.2,0.22,0.18,0.22,0.215,0.225,0,0,0
0.2,0.23,0.18,0.22,0.225,0.235,0,0,0
0.2,0.24,0.18,0.22,0.235,0.245,0,0,0
0.2,0.25,0.18,0.22,0.245,0.255,0,0,0
0.2,0.26,0.18,0.22,0.255,0.265,0,0,0
0.2,0.27,0.18,0.22,0.265,0.275,0,0,0
0.2,0.28,0.18,0.22,0.275,0.285,0,0,0
0.2,0.29,0.18,0.22,0.285,0.295,0,0,0
0.2,0.3,0.18,0.22,0.295,0.305,0,0,0
0.2,0.31,0.18,0.22,0.305,0.315,0,0,0
0.2,0.32,0.18,0.22,0.315,0.325,0,0,0
0.2,0.33,0.18,0.22,0.325,0.335,0,0,0
0.2,0.34,0.18,0.22,0.335,0.345,0,0,0
0.2,0.35,0.18,0.22,0.345,0.355,0,0,0
0.2,0.36,0.18,0.22,0.355,0.365,0,0,0
0.2,0.37,0.18,0.22,0.365,0.375,0,0,0
0.2,0.38,0.18,0.22,0.375,0.385,0,0,0
0.2,0.39,0.18,0.22,0.385,0.395,0,0,0
0.2,0.4,0.18,0.22,0.395,0.405,0,0,0
0.2,0.41,0.18,0.22,0.405,0.415,0,0,0
0.2,0.42,0.18,0.22,0.415,0.425,0,0,0
0.2,0.43,0.18,0.22,0.425,0.435,0,0,0
0.2,0.44,0.18,0.22,0.435,0.445,0,0,0
0.2,0.45,0.18,0.22,0.445,0.455,0,0,0
0.2,0.46,0.18,0.22,0.455,0.465,0,0,0
0.24,0.0,0.22,0.26,-0.005,0.005,0,0,0
0.24,0.01,0.22,0.26,0.005,0.015,0,0,0
0.24,0.02,0.22,0.26,0.015,0.025,0,0,0
0.24,0.03,0.22,0.26,0.025,0.035,0,0,0
0.24,0.04,0.22,0.26,0.035,0.045,0,0,0
0.24,0.05,0.22,0.26,0.045,0.055,0,0,0
0.24,0.06,0.22,0.26,0.055,0.065,0,0,0
0.24,0.07,0.22,0.26,0.065,0.075,0,0,0
0.24,0.08,0.22,0.26,0.075,0.085,0,0,0
0.24,0.09,0.22,0.26,0.085,0.095,0,0,1
0.24,0.1,0.22,0.26,0.095,0.105,0,0,1
0.24,0.11,0.22,0.26,0.105,0.115,0,0,1
0.24,0.12,0.22,0.26,0.115,0.125,0,0,1
0.24,0.13,0.22,0.26,0.125,0.135,0,0,0
0.24,0.14,0.22,0.26,0.135,0.145,0,0,0
0.24,0.15,0.22,0.26,0.145,0.155,0,0,0
0.24,0.16,0.22,0.26,0.155,0.165,0,0,0
0.24,0.17,0.22,0.26,0.165,0.175,0,0,0
0.24,0.18,0.22,0.26,0.175,0.185,0,0,0
0.24,0.19,0.22,0.26,0.185,0.195,0,0,0
0.24,0.2,0.22,0.26,0.195,0.205,0,0,0
0.24,0.21,0.22,0.26,0.205,0.215,0,0,0
0.24,0.22,0.22,0.26,0.215,0.225,0,0,0
0.24,0.23,0.22,0.26,0.225,0.235,0,0,0
0.24,0.24,0.22,0.26,0.235,0.245,0,0,0
0.24,0.25,0.22,0.26,0.245,0.255,0,0,0
0.24,0.26,0.22,0.26,0.255,0.265,0,0,0
0.24,0.27,0.22,0.26,0.265,0.275,0,0,0
0.24,0.28,0.22,0.26,0.275,0.285,0,0,0
0.24,0.29,0.22,0.26,0.285,0.295,0,0,0
0.24,0.3,0.22,0.26,0.295,0.305,0,0,0
0.24,0.31,0.22,0.26,0.305,0.315,0,0,0
0.24,0.32,0.22,0.26,0.315,0.325,0,0,0
0.24,0.33,0.22,0.26,0.325,0.335,0,0,0
0.24,0.34,0.22,0.26,0.335,0.345,0,0,0
0.24,0.35,0.22,0.26,0.345,0.355,0,0,0
0.24,0.36,0.22,0.26,0.355,0.365,0,0,0
0.24,0.37,0.22,0.26,0.365,0.375,0,0,0
0.24,0.38,0.22,0.26,0.375,0.385,0,0,0
0.24,0.39,0.22,0.26,0.385,0.395,0,0,0
0.24,0.4,0.22,0.26,0.395,0.405,0,0,0
0.24,0.41,0.22,0.26,0.405,0.415,0,0,0
0.24,0.42,0.22,0.26,0.415,0.425,0,0,0
0.24,0.43,0.22,0.26,0.425,0.435,0,0,0
0.24,0.44,0.22,0.26,0.435,0.445,0,0,0
0.24,0.45,0.22,0.26,0.445,0.455,0,0,0
0.24,0.46,0.22,0.26,0.455,0.465,0,0,0
0.28,0.0,0.26,0.3,-0.005,0.005,0,0,0
0.28,0.01,0.26,0.3,0.005,0.015,0,0,0
0.28,0.02,0.26,0.3,0.015,0.025,0,0,0
0.28,0.03,0.26,0.3,0.025,0.035,0,0,0
0.28,0.04,0.26,0.3,0.035,0.045,0,0,0
0.28,0.05,0.26,0.3,0.045,0.055,0,0,0
0.28,0.06,0.26,0.3,0.055,0.065,0,0,0
0.28,0.07,0.26,0.3,0.065,0.075,0,0,0
0.28,0.08,0.26,0.3,0.075,0.085,0,0,1
0.28,0.09,0.26,0.3,0.085,0.095,0,0,1
0.28,0.1,0.26,0.3,0.095,0.105,0,0,1
0.28,0.11,0.26,0.3,0.105,0.115,0,0,1
0.28,0.12,0.26,0.3,0.115,0.125,0,0,1
0.28,0.13,0.26,0.3,0.125,0.135,0,0,1
0.28,0.14,0.26,0.3,0.135,0.145,0,0,1
0.28,0.15,0.26,0.3,0.145,0.155,0,0,0
0.28,0.16,0.26,0.3,0.155,0.165,0,0,0
0.28,0.17,0.26,0.3,0.165,0.175,0,0,0
0.28,0.18,0.26,0.3,0.175,0.185,0,0,0
0.28,0.19,0.26,0.3,0.185,0.195,0,0,0
0.28,0.2,0.26,0.3,0.195,0.205,0,0,0
0.28,0.21,0.26,0.3,0.205,0.215,0,0,0
0.28,0.22,0.26,0.3,0.215,0.225,0,0,0
0.28,0.23,0.26,0.3,0.225,0.235,0,0,0
0.28,0.24,0.26,0.3,0.235,0.245,0,0,0
0.28,0.25,0.26,0.3,0.245,0.255,0,0,0
0.28,0.26,0.26,0.3,0.255,0.265,0,0,0
0.28,0.27,0.26,0.3,0.265,0.275,0,0,0
0.28,0.28,0.26,0.3,0.275,0.285,0,0,0
0.28,0.29,0.26,0.3,0.285,0.295,0,0,0
0.28,0.3,0.26,0.3,0.295,0.305,0,0,0
0.28,0.31,0.26,0.3,0.305,0.315,0,0,0
0.28,0.32,0.26,0.3,0.315,0.325,0,0,0
0.28,0.33,0.26,0.3,0.325,0.335,0,0,0
0.28,0.34,0.26,0.3,0.335,0.345,0,0,0
0.28,0.35,0.26,0.3,0.345,0.355,0,0,0
0.28,0.36,0.26,0.3,0.355,0.365,0,0,0
0.28,0.37,0.26,0.3,0.365,0.375,0,0,0
0.28,0.38,0.26,0.3,0.375,0.385,0,0,0
0.28,0.39,0.26,0.3,0.385,0.395,0,0,0
0.28,0.4,0.26,0.3,0.395,0.405,0,0,0
0.28,0.41,0.26,0.3,0.405,0.415,0,0,0
0.28,0.42,0.26,0.3,0.415,0.425,0,0,0
0.28,0.43,0.26,0.3,0.425,0.435,0,0,0
0.28,0.44,0.26,0.3,0.435,0.445,0,0,0
0.28,0.45,0.26,0.3,0.445,0.455,0,0,0
0.28,0.46,0.26,0.3,0.455,0.465,0,0,0
0.32,0.0,0.3,0.34,-0.005,0.005,0,0,0
0.32,0.01,0.3,0.34,0.005,0.015,0,0,0
0.32,0.02,0.3,0.34,0.015,0.025,0,0,0
0.32,0.03,0.3,0.34,0.025,0.035,0,0,0
0.32,0.04,0.3,0.34,0.035,0.045,0,0,0
0.32,0.05,0.3,0.34,0.045,0.055,0,0,0
0.32,0.06,0.3,0.34,0.055,0.065,0,0,0
0.32,0.07,0.3,0.34,0.065,0.075,0,0,0
0.32,0.08,0.3,0.34,0.075,0.085,0,0,1
0.32,0.09,0.3,0.34,0.085,0.095,0,0,1
0.32,0.1,0.3,0.34,0.095,0.105,0,0,1
0.32,0.11,0.3,0.34,0.105,0.115,0,0,1
0.32,0.12,0.3,0.34,0.115,0.125,0,0,1
0.32,0.13,0.3,0.34,0.125,0.135,0,0,1
0.32,0.14,0.3,0.34,0.135,0.145,0,0,1
0.32,0.15,0.3,0.34,0.145,0.155,0,0,1
0.32,0.16,0.3,0.34,0.155,0.165,0,0,1
0.32,0.17,0.3,0.34,0.165,0.175,0,0,0
0.32,0.18,0.3,0.34,0.175,0.185,0,0,0
0.32,0.19,0.3,0.34,0.185,0.195,0,0,0
0.32,0.2,0.3,0.34,0.195,0.205,0,0,0
0.32,0.21,0.3,0.34,0.205,0.215,0,0,0
0.32,0.22,0.3,0.34,0.215,0.225,0,0,0
0.32,0.23,0.3,0.34,0.225,0.235,0,0,0
0.32,0.24,0.3,0.34,0.235,0.245,0,0,0
0.32,0.25,0.3,0.34,0.245,0.255,0,0,0
0.32,0.26,0.3,0.34,0.255,0.265,0,0,0
0.32,0.27,0.3,0.34,0.265,0.275,0,0,0
0.32,0.28,0.3,0.34,0.275,0.285,0,0,0
0.32,0.29,0.3,0.34,0.285,0.295,0,0,0
0.32,0.3,0.3,0.34,0.295,0.305,0,0,0
0.32,0.31,0.3,0.34,0.305,0.315,0,0,0
0.32,0.32,0.3,0.34,0.315,0.325,0,0,0
0.32,0.33,0.3,0.34,0.325,0.335,0,0,0
0.32,0.34,0.3,0.34,0.335,0.345,0,0,0
0.32,0.35,0.3,0.34,0.345,0.355,0,0,0
0.32,0.36,0.3,0.34,0.355,0.365,0,0,0
0.32,0.37,0.3,0.34,0.365,0.375,0,0,0
0.32,0.38,0.3,0.34,0.375,0.385,0,0,0
0.32,0.39,0.3,0.34,0.385,0.395,0,0,0
0.32,0.4,0.3,0.34,0.395,0.405,0,0,0
0.32,0.41,0.3,0.34,0.405,0.415,0,0,0
0.32,0.42,0.3,0.34,0.415,0.425,0,0,0
0.32,0.43,0.3,0.34,0.425,0.435,0,0,0
0.32,0.44,0.3,0.34,0.435,0.445,0,0,0
0.32,0.45,0.3,0.34,0.445,0.455,0,0,0
0.32,0.46,0.3,0.34,0.455,0.465,0,0,0
0.36,0.0,0.34,0.38,-0.005,0.005,0,0,0
0.36,0.01,0.34,0.38,0.005,0.015,0,0,0
0.36,0.02,0.34,0.38,0.015,0.025,0,0,0
0.36,0.03,0.34,0.38,0.025,0.035,0,0,0
0.36,0.04,0.34,0.38,0.035,0.045,0,0,0
0.36,0.05,0.34,0.38,0.045,0.055,0,0,0
0.36,0.06,0.34,0.38,0.055,0.065,0,0,0
0.36,0.07,0.34,0.38,0.065,0.075,0,0,1
0.36,0.08,0.34,0.38,0.075,0.085,0,0,1
0.36,0.09,0.34,0.38,0.085,0.095,0,0,1
0.36,0.1,0.34,0.38,0.095,0.105,0,0,1
0.36,0.11,0.34,0.38,0.105,0.115,0,1,1
0.36,0.12,0.34,0.38,0.115,0.125,0,1,1
0.36,0.13,0.34,0.38,0.125,0.135,0,1,1
0.36,0.14,0.34,0.38,0.135,0.145,0,0,1
0.36,0.15,0.34,0.38,0.145,0.155,0,0,1
0.36,0.16,0.34,0.38,0.155,0.165,0,0,1
0.36,0.17,0.34,0.38,0.165,0.175,0,0,1
0.36,0.18,0.34,0.38,0.175,0.185,0,0,0
0.36,0.19,0.34,0.38,0.185,0.195,0,0,0
0.36,0.2,0.34,0.38,0.195,0.205,0,0,0
0.36,0.21,0.34,0.38,0.205,0.215,0,0,0
0.36,0.22,0.34,0.38,0.215,0.225,0,0,0
0.36,0.23,0.34,0.38,0.225,0.235,0,0,0
0.36,0.24,0.34,0.38,0.235,0.245,0,0,0
0.36,0.25,0.34,0.38,0.245,0.255,0,0,0
0.36,0.26,0.34,0.38,0.255,0.265,0,0,0
0.36,0.27,0.34,0.38,0.265,0.275,0,0,0
0.36,0.28,0.34,0.38,0.275,0.285,0,0,0
0.36,0.29,0.34,0.38,0.285,0.295,0,0,0
0.36,0.3,0.34,0.38,0.295,0.305,0,0,0
0.36,0.31,0.34,0.38,0.305,0.315,0,0,0
0.36,0.32,0.34,0.38,0.315,0.325,0,0,0
0.36,0.33,0.34,0.38,0.325,0.335,0,0,0
0.36,0.34,0.34,0.38,0.335,0.345,0,0,0
0.36,0.35,0.34,0.38,0.345,0.355,0,0,0
0.36,0.36,0.34,0.38,0.355,0.365,0,0,0
0.36,0.37,0.34,0.38,0.365,0.375,0,0,0
0.36,0.38,0.34,0.38,0.375,0.385,0,0,0
0.36,0.39,0.34,0.38,0.385,0.395,0,0,0
0.36,0.4,0.34,0.38,0.395,0.405,0,0,0
0.36,0.41,0.34,0.38,0.405,0.415,0,0,0
0.36,0.42,0.34,0.38,0.415,0.425,0,0,0
0.36,0.43,0.34,0.38,0.425,0.435,0,0,0
0.36,0.44,0.34,0.38,0.435,0.445,0,0,0
0.36,0.45,0.34,0.38,0.445,0.455,0,0,0
0.36,0.46,0.34,0.38,0.455,0.465,0,0,0
0.4,0.0,0.38,0.42,-0.005,0.005,0,0,0
0.4,0.01,0.38,0.42,0.005,0.015,0,0,0
0.4,0.02,0.38,0.42,0.015,0.025,0,0,0
0.4,0.03,0.38,0.42,0.025,0.035,0,0,0
0.4,0.04,0.38,0.42,0.035,0.045,0,0,0
0.4,0.05,0.38,0.42,0.045,0.055,0,0,0
0.4,0.06,0.38,0.42,0.055,0.065,0,0,0
0.4,0.07,0.38,0.42,0.065,0.075,0,0,1
0.4,0.08,0.38,0.42,0.075,0.085,0,0,1
0.4,0.09,0.38,0.42,0.085,0.095,0,0,1
0.4,0.1,0.38,0.42,0.095,0.105,0,0,1
0.4,0.11,0.38,0.42,0.105,0.115,0,1,1
0.4,0.12,0.38,0.42,0.115,0.125,0,1,1
0.4,0.13,0.38,0.42,0.125,0.135,0,1,1
0.4,0.14,0.38,0.42,0.135,0.145,0,1,1
0.4,0.15,0.38,0.42,0.145,0.155,0,0,1
0.4,0.16,0.38,0.42,0.155,0.165,0,0,1
0.4,0.17,0.38,0.42,0.165,0.175,0,0,1
0.4,0.18,0.38,0.42,0.175,0.185,0,0,1
0.4,0.19,0.38,0.42,0.185,0.195,0,0,1
0.4,0.2,0.38,0.42,0.195,0.205,0,0,0
0.4,0.21,0.38,0.42,0.205,0.215,0,0,0
0.4,0.22,0.38,0.42,0.215,0.225,0,0,0
0.4,0.23,0.38,0.42,0.225,0.235,0,0,0
0.4,0.24,0.38,0.42,0.235,0.245,0,0,0
0.4,0.25,0.38,0.42,0.245,0.255,0,0,0
0.4,0.26,0.38,0.42,0.255,0.265,0,0,0
0.4,0.27,0.38,0.42,0.265,0.275,0,0,0
0.4,0.28,0.38,0.42,0.275,0.285,0,0,0
0.4,0.29,0.38,0.42,0.285,0.295,0,0,0
0.4,0.3,0.38,0.42,0.295,0.305,0,0,0
0.4,0.31,0.38,0.42,0.305,0.315,0,0,0
0.4,0.32,0.38,0.42,0.315,0.325,0,0,0
0.4,0.33,0.38,0.42,0.325,0.335,0,0,0
0.4,0.34,0.38,0.42,0.335,0.345,0,0,0
0.4,0.35,0.38,0.42,0.345,0.355,0,0,0
0.4,0.36,0.38,0.42,0.355,0.365,0,0,0
0.4,0.37,0.38,0.42,0.365,0.375,0,0,0
0.4,0.38,0.38,0.42,0.375,0.385,0,0,0
0.4,0.39,0.38,0.42,0.385,0.395,0,0,0
0.4,0.4,0.38,0.42,0.395,0.405,0,0,0
0.4,0.41,0.38,0.42,0.405,0.415,0,0,0
0.4,0.42,0.38,0.42,0.415,0.425,0,0,0
0.4,0.43,0.38,0.42,0.425,0.435,0,0,0
0.4,0.44,0.38,0.42,0.435,0.445,0,0,0
0.4,0.45,0.38,0.42,0.445,0.455,0,0,0
0.4,0.46,0.38,0.42,0.455,0.465,0,0,0
0.44,0.0,0.42,0.46,-0.005,0.005,0,0,0
0.44,0.01,0.42,0.46,0.005,0.015,0,0,0
0.44,0.02,0.42,0.46,0.015,0.025,0,0,0
0.44,0.03,0.42,0.46,0.025,0.035,0,0,0
0.44,0.04,0.42,0.46,0.035,0.045,0,0,0
0.44,0.05,0.42,0.46,0.045,0.055,0,0,0
0.44,0.06,0.42,0.46,0.055,0.065,0,0,1
0.44,0.07,0.42,0.46,0.065,0.075,0,0,1
0.44,0.08,0.42,0.46,0.075,0.085,0,0,1
0.44,0.09,0.42,0.46,0.085,0.095,0,0,1
0.44,0.1,0.42,0.46,0.095,0.105,0,1,1
0.44,0.11,0.42,0.46,0.105,0.115,0,1,1
0.44,0.12,0.42,0.46,0.115,0.125,0,1,1
0.44,0.13,0.42,0.46,0.125,0.135,0,1,1
0.44,0.14,0.42,0.46,0.135,0.145,0,1,1
0.44,0.15,0.42,0.46,0.145,0.155,0,1,1
0.44,0.16,0.42,0.46,0.155,0.165,0,1,1
0.44,0.17,0.42,0.46,0.165,0.175,0,0,1
0.44,0.18,0.42,0.46,0.175,0.185,0,0,1
0.44,0.19,0.42,0.46,0.185,0.195,0,0,1
0.44,0.2,0.42,0.46,0.195,0.205,0,0,1
0.44,0.21,0.42,0.46,0.205,0.215,0,0,0
0.44,0.22,0.42,0.46,0.215,0.225,0,0,0
0.44,0.23,0.42,0.46,0.225,0.235,0,0,0
0.44,0.24,0.42,0.46,0.235,0.245,0,0,0
0.44,0.25,0.42,0.46,0.245,0.255,0,0,0
0.44,0.26,0.42,0.46,0.255,0.265,0,0,0
0.44,0.27,0.42,0.46,0.265,0.275,0,0,0
0.44,0.28,0.42,0.46,0.275,0.285,0,0,0
0.44,0.29,0.42,0.46,0.285,0.295,0,0,0
0.44,0.3,0.42,0.46,0.295,0.305,0,0,0
0.44,0.31,0.42,0.46,0.305,0.315,0,0,0
0.44,0.32,0.42,0.46,0.315,0.325,0,0,0
0.44,0.33,0.42,0.46,0.325,0.335,0,0,0
0.44,0.34,0.42,0.46,0.335,0.345,0,0,0
0.44,0.35,0.42,0.46,0.345,0.355,0,0,0
0.44,0.36,0.42,0.46,0.355,0.365,0,0,0
0.44,0.37,0.42,0.46,0.365,0.375,0,0,0
0.44,0.38,0.42,0.46,0.375,0.385,0,0,0
0.44,0.39,0.42,0.46,0.385,0.395,0,0,0
0.44,0.4,0.42,0.46,0.395,0.405,0,0,0
0.44,0.41,0.42,0.46,0.405,0.415,0,0,0
0.44,0.42,0.42,0.46,0.415,0.425,0,0,0
0.44,0.43,0.42,0.46,0.425,0.435,0,0,0
0.44,0.44,0.42,0.46,0.435,0.445,0,0,0
0.44,0.45,0.42,0.46,0.445,0.455,0,0,0
0.44,0.46,0.42,0.46,0.455,0.465,0,0,0
0.48,0.0,0.46,0.5,-0.005,0.005,0,0,0
0.48,0.01,0.46,0.5,0.005,0.015,0,0,0
0.48,0.02,0.46,0.5,0.015,0.025,0,0,0
0.48,0.03,0.46,0.5,0.025,0.035,0,0,0
0.48,0.04,0.46,0.5,0.035,0.045,0,0,0
0.48,0.05,0.46,0.5,0.045,0.055,0,0,0
0.48,0.06,0.46,0.5,0.055,0.065,0,0,1
0.48,0.07,0.46,0.5,0.065,0.075,0,0,1
0.48,0.08,0.46,0.5,0.075,0.085,0,0,1
0.48,0.09,0.46,0.5,0.085,0.095,0,0,1
0.48,0.1,0.46,0.5,0.095,0.105,0,1,1
0.48,0.11,0.46,0.5,0.105,0.115,0,1,1
0.48,0.12,0.46,0.5,0.115,0.125,0,1,1
0.48,0.13,0.46,0.5,0.125,0.135,1,1,1
0.48,0.14,0.46,0.5,0.135,0.145,1,1,1
0.48,0.15,0.46,0.5,0.145,0.155,0,1,1
0.48,0.16,0.46,0.5,0.155,0.165,0,1,1
0.48,0.17,0.46,0.5,0.165,0.175,0,1,1
0.48,0.18,0.46,0.5,0.175,0.185,0,1,1
0.48,0.19,0.46,0.5,0.185,0.195,0,0,1
0.48,0.2,0.46,0.5,0.195,0.205,0,0,1
0.48,0.21,0.46,0.5,0.205,0.215,0,0,1
0.48,0.22,0.46,0.5,0.215,0.225,0,0,1
0.48,0.23,0.46,0.5,0.225,0.235,0,0,0
0.48,0.24,0.46,0.5,0.235,0.245,0,0,0
0.48,0.25,0.46,0.5,0.245,0.255,0,0,0
0.48,0.26,0.46,0.5,0.255,0.265,0,0,0
0.48,0.27,0.46,0.5,0.265,0.275,0,0,0
0.48,0.28,0.46,0.5,0.275,0.285,0,0,0
0.48,0.29,0.46,0.5,0.285,0.295,0,0,0
0.48,0.3,0.46,0.5,0.295,0.305,0,0,0
0.48,0.31,0.46,0.5,0.305,0.315,0,0,0
0.48,0.32,0.46,0.5,0.315,0.325,0,0,0
0.48,0.33,0.46,0.5,0.325,0.335,0,0,0
0.48,0.34,0.46,0.5,0.335,0.345,0,0,0
0.48,0.35,0.46,0.5,0.345,0.355,0,0,0
0.48,0.36,0.46,0.5,0.355,0.365,0,0,0
0.48,0.37,0.46,0.5,0.365,0.375,0,0,0
0.48,0.38,0.46,0.5,0.375,0.385,0,0,0
0.48,0.39,0.46,0.5,0.385,0.395,0,0,0
0.48,0.4,0.46,0.5,0.395,0.405,0,0,0
0.48,0.41,0.46,0.5,0.405,0.415,0,0,0
0.48,0.42,0.46,0.5,0.415,0.425,0,0,0
0.48,0.43,0.46,0.5,0.425,0.435,0,0,0
0.48,0.44,0.46,0.5,0.435,0.445,0,0,0
0.48,0.45,0.46,0.5,0.445,0.455,0,0,0
0.48,0.46,0.46,0.5,0.455,0.465,0,0,0
0.52,0.0,0.5,0.54,-0.005,0.005,0,0,0
0.52,0.01,0.5,0.54,0.005,0.015,0,0,0
0.52,0.02,0.5,0.54,0.015,0.025,0,0,0
0.52,0.03,0.5,0.54,0.025,0.035,0,0,0
0.52,0.04,0.5,0.54,0.035,0.045,0,0,0
0.52,0.05,0.5,0.54,0.045,0.055,0,0,1
0.52,0.06,0.5,0.54,0.055,0.065,0,0,1
0.52,0.07,0.5,0.54,0.065,0.075,0,0,1
0.52,0.08,0.5,0.54,0.075,0.085,0,0,1
0.52,0.09,0.5,0.54,0.085,0.095,0,1,1
0.52,0.1,0.5,0.54,0.095,0.105,0,1,1
0.52,0.11,0.5,0.54,0.105,0.115,0,1,1
0.52,0.12,0.5,0.54,0.115,0.125,0,1,1
0.52,0.13,0.5,0.54,0.125,0.135,1,1,1
0.52,0.14,0.5,0.54,0.135,0.145,1,1,1
0.52,0.15,0.5,0.54,0.145,0.155,1,1,1
0.52,0.16,0.5,0.54,0.155,0.165,1,1,1
0.52,0.17,0.5,0.54,0.165,0.175,0,1,1
0.52,0.18,0.5,0.54,0.175,0.185,0,1,1
0.52,0.19,0.5,0.54,0.185,0.195,0,1,1
0.52,0.2,0.5,0.54,0.195,0.205,0,0,1
0.52,0.21,0.5,0.54,0.205,0.215,0,0,1
0.52,0.22,0.5,0.54,0.215,0.225,0,0,1
0.52,0.23,0.5,0.54,0.225,0.235,0,0,1
0.52,0.24,0.5,0.54,0.235,0.245,0,0,1
0.52,0.25,0.5,0.54,0.245,0.255,0,0,0
0.52,0.26,0.5,0.54,0.255,0.265,0,0,0
0.52,0.27,0.5,0.54,0.265,0.275,0,0,0
0.52,0.28,0.5,0.54,0.275,0.285,0,0,0
0.52,0.29,0.5,0.54,0.285,0.295,0,0,0
0.52,0.3,0.5,0.54,0.295,0.305,0,0,0
0.52,0.31,0.5,0.54,0.305,0.315,0,0,0
0.52,0.32,0.5,0.54,0.315,0.325,0,0,0
0.52,0.33,0.5,0.54,0.325,0.335,0,0,0
0.52,0.34,0.5,0.54,0.335,0.345,0,0,0
0.52,0.35,0.5,0.54,0.345,0.355,0,0,0
0.52,0.36,0.5,0.54,0.355,0.365,0,0,0
0.52,0.37,0.5,0.54,0.365,0.375,0,0,0
0.52,0.38,0.5,0.54,0.375,0.385,0,0,0
0.52,0.39,0.5,0.54,0.385,0.395,0,0,0
0.52,0.4,0.5,0.54,0.395,0.405,0,0,0
0.52,0.41,0.5,0.54,0.405,0.415,0,0,0
0.52,0.42,0.5,0.54,0.415,0.425,0,0,0
0.52,0.43,0.5,0.54,0.425,0.435,0,0,0
0.52,0.44,0.5,0.54,0.435,0.445,0,0,0
0.52,0.45,0.5,0.54,0.445,0.455,0,0,0
0.52,0.46,0.5,0.54,0.455,0.465,0,0,0
0.56,0.0,0.54,0.58,-0.005,0.005,0,0,0
0.56,0.01,0.54,0.58,0.005,0.015,0,0,0
0.56,0.02,0.54,0.58,0.015,0.025,0,0,0
0.56,0.03,0.54,0.58,0.025,0.035,0,0,0
0.56,0.04,0.54,0.58,0.035,0.045,0,0,0
0.56,0.05,0.54,0.58,0.045,0.055,0,0,1
0.56,0.06,0.54,0.58,0.055,0.065,0,0,1
0.56,0.07,0.54,0.58,0.065,0.075,0,0,1
0.56,0.08,0.54,0.58,0.075,0.085,0,0,1
0.56,0.09,0.54,0.58,0.085,0.095,0,1,1
0.56,0.1,0.54,0.58,0.095,0.105,0,1,1
0.56,0.11,0.54,0.58,0.105,0.115,0,1,1
0.56,0.12,0.54,0.58,0.115,0.125,1,1,1
0.56,0.13,0.54,0.58,0.125,0.135,1,1,1
0.56,0.14,0.54,0.58,0.135,0.145,1,1,1
0.56,0.15,0.54,0.58,0.145,0.155,1,1,1
0.56,0.16,0.54,0.58,0.155,0.165,1,1,1
0.56,0.17,0.54,0.58,0.165,0.175,1,1,1
0.56,0.18,0.54,0.58,0.175,0.185,0,1,1
0.56,0.19,0.54,0.58,0.185,0.195,0,1,1
0.56,0.2,0.54,0.58,0.195,0.205,0,1,1
0.56,0.21,0.54,0.58,0.205,0.215,0,1,1
0.56,0.22,0.54,0.58,0.215,0.225,0,0,1
0.56,0.23,0.54,0.58,0.225,0.235,0,0,1
0.56,0.24,0.54,0.58,0.235,0.245,0,0,1
0.56,0.25,0.54,0.58,0.245,0.255,0,0,1
0.56,0.26,0.54,0.58,0.255,0.265,0,0,0
0.56,0.27,0.54,0.58,0.265,0.275,0,0,0
0.56,0.28,0.54,0.58,0.275,0.285,0,0,0
0.56,0.29,0.54,0.58,0.285,0.295,0,0,0
0.56,0.3,0.54,0.58,0.295,0.305,0,0,0
0.56,0.31,0.54,0.58,0.305,0.315,0,0,0
0.56,0.32,0.54,0.58,0.315,0.325,0,0,0
0.56,0.33,0.54,0.58,0.325,0.335,0,0,0
0.56,0.34,0.54,0.58,0.335,0.345,0,0,0
0.56,0.35,0.54,0.58,0.345,0.355,0,0,0
0.56,0.36,0.54,0.58,0.355,0.365,0,0,0
0.56,0.37,0.54,0.58,0.365,0.375,0,0,0
0.56,0.38,0.54,0.58,0.375,0.385,0,0,0
0.56,0.39,0.54,0.58,0.385,0.395,0,0,0
0.56,0.4,0.54,0.58,0.395,0.405,0,0,0
0.56,0.41,0.54,0.58,0.405,0.415,0,0,0
0.56,0.42,0.54,0.58,0.415,0.425,0,0,0
0.56,0.43,0.54,0.58,0.425,0.435,0,0,0
0.56,0.44,0.54,0.58,0.435,0.445,0,0,0
0.56,0.45,0.54,0.58,0.445,0.455,0,0,0
0.56,0.46,0.54,0.58,0.455,0.465,0,0,0
0.6,0.0,0.58,0.62,-0.005,0.005,0,0,0
0.6,0.01,0.58,0.62,0.005,0.015,0,0,0
0.6,0.02,0.58,0.62,0.015,0.025,0,0,0
0.6,0.03,0.58,0.62,0.025,0.035,0,0,0
0.6,0.04,0.58,0.62,0.035,0.045,0,0,1
0.6,0.05,0.58,0.62,0.045,0.055,0,0,1
0.6,0.06,0.58,0.62,0.055,0.065,0,0,1
0.6,0.07,0.58,0.62,0.065,0.075,0,0,1
0.6,0.08,0.58,0.62,0.075,0.085,0,0,1
0.6,0.09,0.58,0.62,0.085,0.095,0,1,1
0.6,0.1,0.58,0.62,0.095,0.105,0,1,1
0.6,0.11,0.58,0.62,0.105,0.115,0,1,1
0.6,0.12,0.58,0.62,0.115,0.125,1,1,1
0.6,0.13,0.58,0.62,0.125,0.135,1,1,1
0.6,0.14,0.58,0.62,0.135,0.145,1,1,1
0.6,0.15,0.58,0.62,0.145,0.155,1,1,1
0.6,0.16,0.58,0.62,0.155,0.165,1,1,1
0.6,0.17,0.58,0.62,0.165,0.175,1,1,1
0.6,0.18,0.58,0.62,0.175,0.185,1,1,1
0.6,0.19,0.58,0.62,0.185,0.195,1,1,1
0.6,0.2,0.58,0.62,0.195,0.205,0,1,1
0.6,0.21,0.58,0.62,0.205,0.215,0,1,1
0.6,0.22,0.58,0.62,0.215,0.225,0,1,1
0.6,0.23,0.58,0.62,0.225,0.235,0,0,1
0.6,0.24,0.58,0.62,0.235,0.245,0,0,1
0.6,0.25,0.58,0.62,0.245,0.255,0,0,1
0.6,0.26,0.58,0.62,0.255,0.265,0,0,1
0.6,0.27,0.58,0.62,0.265,0.275,0,0,1
0.6,0.28,0.58,0.62,0.275,0.285,0,0,0
0.6,0.29,0.58,0.62,0.285,0.295,0,0,0
0.6,0.3,0.58,0.62,0.295,0.305,0,0,0
0.6,0.31,0.58,0.62,0.305,0.315,0,0,0
0.6,0.32,0.58,0.62,0.315,0.325,0,0,0
0.6,0.33,0.58,0.62,0.325,0.335,0,0,0
0.6,0.34,0.58,0.62,0.335,0.345,0,0,0
0.6,0.35,0.58,0.62,0.345,0.355,0,0,0
0.6,0.36,0.58,0.62,0.355,0.365,0,0,0
0.6,0.37,0.58,0.62,0.365,0.375,0,0,0
0.6,0.38,0.58,0.62,0.375,0.385,0,0,0
0.6,0.39,0.58,0.62,0.385,0.395,0,0,0
0.6,0.4,0.58,0.62,0.395,0.405,0,0,0
0.6,0.41,0.58,0.62,0.405,0.415,0,0,0
0.6,0.42,0.58,0.62,0.415,0.425,0,0,0
0.6,0.43,0.58,0.62,0.425,0.435,0,0,0
0.6,0.44,0.58,0.62,0.435,0.445,0,0,0
0.6,0.45,0.58,0.62,0.445,0.455,0,0,0
0.6,0.46,0.58,0.62,0.455,0.465,0,0,0
0.64,0.0,0.62,0.66,-0.005,0.005,0,0,0
0.64,0.01,0.62,0.66,0.005,0.015,0,0,0
0.64,0.02,0.62,0.66,0.015,0.025,0,0,0
0.64,0.03,0.62,0.66,0.025,0.035,0,0,0
0.64,0.04,0.62,0.66,0.035,0.045,0,0,1
0.64,0.05,0.62,0.66,0.045,0.055,0,0,1
0.64,0.06,0.62,0.66,0.055,0.065,0,0,1
0.64,0.07,0.62,0.66,0.065,0.075,0,0,1
0.64,0.08,0.62,0.66,0.075,0.085,0,1,1
0.64,0.09,0.62,0.66,0.085,0.095,0,1,1
0.64,0.1,0.62,0.66,0.095,0.105,0,1,1
0.64,0.11,0.62,0.66,0.105,0.115,0,1,1
0.64,0.12,0.62,0.66,0.115,0.125,1,1,1
0.64,0.13,0.62,0.66,0.125,0.135,1,1,1
0.64,0.14,0.62,0.66,0.135,0.145,1,1,1
0.64,0.15,0.62,0.66,0.145,0.155,1,1,1
0.64,0.16,0.62,0.66,0.155,0.165,1,1,1
0.64,0.17,0.62,0.66,0.165,0.175,1,1,1
0.64,0.18,0.62,0.66,0.175,0.185,1,1,1
0.64,0.19,0.62,0.66,0.185,0.195,1,1,1
0.64,0.2,0.62,0.66,0.195,0.205,1,1,1
0.64,0.21,0.62,0.66,0.205,0.215,1,1,1
0.64,0.22,0.62,0.66,0.215,0.225,0,1,1
0.64,0.23,0.62,0.66,0.225,0.235,0,1,1
0.64,0.24,0.62,0.66,0.235,0.245,0,1,1
0.64,0.25,0.62,0.66,0.245,0.255,0,0,1
0.64,0.26,0.62,0.66,0.255,0.265,0,0,1
0.64,0.27,0.62,0.66,0.265,0.275,0,0,1
0.64,0.28,0.62,0.66,0.275,0.285,0,0,1
0.64,0.29,0.62,0.66,0.285,0.295,0,0,0
0.64,0.3,0.62,0.66,0.295,0.305,0,0,0
0.64,0.31,0.62,0.66,0.305,0.315,0,0,0
0.64,0.32,0.62,0.66,0.315,0.325,0,0,0
0.64,0.33,0.62,0.66,0.325,0.335,0,0,0
0.64,0.34,0.62,0.66,0.335,0.345,0,0,0
0.64,0.35,0.62,0.66,0.345,0.355,0,0,0
0.64,0.36,0.62,0.66,0.355,0.365,0,0,0
0.64,0.37,0.62,0.66,0.365,0.375,0,0,0
0.64,0.38,0.62,0.66,0.375,0.385,0,0,0
0.64,0.39,0.62,0.66,0.385,0.395,0,0,0
0.64,0.4,0.62,0.66,0.395,0.405,0,0,0
0.64,0.41,0.62,0.66,0.405,0.415,0,0,0
0.64,0.42,0.62,0.66,0.415,0.425,0,0,0
0.64,0.43,0.62,0.66,0.425,0.435,0,0,0
0.64,0.44,0.62,0.66,0.435,0.445,0,0,0
0.64,0.45,0.62,0.66,0.445,0.455,0,0,0
0.64,0.46,0.62,0.66,0.455,0.465,0,0,0
0.68,0.0,0.66,0.7,-0.005,0.005,0,0,0
0.68,0.01,0.66,0.7,0.005,0.015,0,0,0
0.68,0.02,0.66,0.7,0.015,0.025,0,0,0
0.68,0.03,0.66,0.7,0.025,0.035,0,0,0
0.68,0.04,0.66,0.7,0.035,0.045,0,0,1
0.68,0.05,0.66,0.7,0.045,0.055,0,0,1
0.68,0.06,0.66,0.7,0.055,0.065,0,0,1
0.68,0.07,0.66,0.7,0.065,0.075,0,0,1
0.68,0.08,0.66,0.7,0.075,0.085,0,1,1
0.68,0.09,0.66,0.7,0.085,0.095,0,1,1
0.68,0.1,0.66,0.7,0.095,0.105,0,1,1
0.68,0.11,0.66,0.7,0.105,0.115,0,1,1
0.68,0.12,0.66,0.7,0.115,0.125,1,1,1
0.68,0.13,0.66,0.7,0.125,0.135,1,1,1
0.68,0.14,0.66,0.7,0.135,0.145,1,1,1
0.68,0.15,0.66,0.7,0.145,0.155,1,1,1
0.68,0.16,0.66,0.7,0.155,0.165,1,1,1
0.68,0.17,0.66,0.7,0.165,0.175,1,1,1
0.68,0.18,0.66,0.7,0.175,0.185,1,1,1
0.68,0.19,0.66,0.7,0.185,0.195,1,1,1
0.68,0.2,0.66,0.7,0.195,0.205,1,1,1
0.68,0.21,0.66,0.7,0.205,0.215,1,1,1
0.68,0.22,0.66,0.7,0.215,0.225,1,1,1
0.68,0.23,0.66,0.7,0.225,0.235,0,1,1
0.68,0.24,0.66,0.7,0.235,0.245,0,1,1
0.68,0.25,0.66,0.7,0.245,0.255,0,1,1
0.68,0.26,0.66,0.7,0.255,0.265,0,1,1
0.68,0.27,0.66,0.7,0.265,0.275,0,0,1
0.68,0.28,0.66,0.7,0.275,0.285,0,0,1
0.68,0.29,0.66,0.7,0.285,0.295,0,0,1
0.68,0.3,0.66,0.7,0.295,0.305,0,0,1
0.68,0.31,0.66,0.7,0.305,0.315,0,0,0
0.68,0.32,0.66,0.7,0.315,0.325,0,0,0
0.68,0.33,0.66,0.7,0.325,0.335,0,0,0
0.68,0.34,0.66,0.7,0.335,0.345,0,0,0
0.68,0.35,0.66,0.7,0.345,0.355,0,0,0
0.68,0.36,0.66,0.7,0.355,0.365,0,0,0
0.68,0.37,0.66,0.7,0.365,0.375,0,0,0
0.68,0.38,0.66,0.7,0.375,0.385,0,0,0
0.68,0.39,0.66,0.7,0.385,0.395,0,0,0
0.68,0.4,0.66,0.7,0.395,0.405,0,0,0
0.68,0.41,0.66,0.7,0.405,0.415,0,0,0
0.68,0.42,0.66,0.7,0.415,0.425,0,0,0
0.68,0.43,0.66,0.7,0.425,0.435,0,0,0
0.68,0.44,0.66,0.7,0.435,0.445,0,0,0
0.68,0.45,0.66,0.7,0.445,0.455,0,0,0
0.68,0.46,0.66,0.7,0.455,0.465,0,0,0
0.72,0.0,0.7,0.74,-0.005,0.005,0,0,0
0.72,0.01,0.7,0.74,0.005,0.015,0,0,0
0.72,0.02,0.7,0.74,0.015,0.025,0,0,0
0.72,0.03,0.7,0.74,0.025,0.035,0,0,0
0.72,0.04,0.7,0.74,0.035,0.045,0,0,1
0.72,0.05,0.7,0.74,0.045,0.055,0,0,1
0.72,0.06,0.7,0.74,0.055,0.065,0,0,1
0.72,0.07,0.7,0.74,0.065,0.075,0,0,1
0.72,0.08,0.7,0.74,0.075,0.085,0,1,1
0.72,0.09,0.7,0.74,0.085,0.095,0,1,1
0.72,0.1,0.7,0.74,0.095,0.105,0,1,1
0.72,0.11,0.7,0.74,0.105,0.115,0,1,1
0.72,0.12,0.7,0.74,0.115,0.125,1,1,1
0.72,0.13,0.7,0.74,0.125,0.135,1,1,1
0.72,0.14,0.7,0.74,0.135,0.145,1,1,1
0.72,0.15,0.7,0.74,0.145,0.155,1,1,1
0.72,0.16,0.7,0.74,0.155,0.165,1,1,1
0.72,0.17,0.7,0.74,0.165,0.175,1,1,1
0.72,0.18,0.7,0.74,0.175,0.185,1,1,1
0.72,0.19,0.7,0.74,0.185,0.195,1,1,1
0.72,0.2,0.7,0.74,0.195,0.205,1,1,1
0.72,0.21,0.7,0.74,0.205,0.215,1,1,1
0.72,0.22,0.7,0.74,0.215,0.225,1,1,1
0.72,0.23,0.7,0.74,0.225,0.235,1,1,1
0.72,0.24,0.7,0.74,0.235,0.245,1,1,1
0.72,0.25,0.7,0.74,0.245,0.255,0,1,1
0.72,0.26,0.7,0.74,0.255,0.265,0,1,1
0.72,0.27,0.7,0.74,0.265,0.275,0,1,1
0.72,0.28,0.7,0.74,0.275,0.285,0,0,1
0.72,0.29,0.7,0.74,0.285,0.295,0,0,1
0.72,0.3,0.7,0.74,0.295,0.305,0,0,1
0.72,0.31,0.7,0.74,0.305,0.315,0,0,1
0.72,0.32,0.7,0.74,0.315,0.325,0,0,1
0.72,0.33,0.7,0.74,0.325,0.335,0,0,0
0.72,0.34,0.7,0.74,0.335,0.345,0,0,0
0.72,0.35,0.7,0.74,0.345,0.355,0,0,0
0.72,0.36,0.7,0.74,0.355,0.365,0,0,0
0.72,0.37,0.7,0.74,0.365,0.375,0,0,0
0.72,0.38,0.7,0.74,0.375,0.385,0,0,0
0.72,0.39,0.7,0.74,0.385,0.395,0,0,0
0.72,0.4,0.7,0.74,0.395,0.405,0,0,0
0.72,0.41,0.7,0.74,0.405,0.415,0,0,0
0.72,0.42,0.7,0.74,0.415,0.425,0,0,0
0.72,0.43,0.7,0.74,0.425,0.435,0,0,0
0.72,0.44,0.7,0.74,0.435,0.445,0,0,0
0.72,0.45,0.7,0.74,0.445,0.455,0,0,0
0.72,0.46,0.7,0.74,0.455,0.465,0,0,0
0.76,0.0,0.74,0.78,-0.005,0.005,0,0,0
0.76,0.01,0.74,0.78,0.005,0.015,0,0,0
0.76,0.02,0.74,0.78,0.015,0.025,0,0,0
0.76,0.03,0.74,0.78,0.025,0.035,0,0,0
0.76,0.04,0.74,0.78,0.035,0.045,0,0,1
0.76,0.05,0.74,0.78,0.045,0.055,0,0,1
0.76,0.06,0.74,0.78,0.055,0.065,0,0,1
0.76,0.07,0.74,0.78,0.065,0.075,0,0,1
0.76,0.08,0.74,0.78,0.075,0.085,0,1,1
0.76,0.09,0.74,0.78,0.085,0.095,0,1,1
0.76,0.1,0.74,0.78,0.095,0.105,0,1,1
0.76,0.11,0.74,0.78,0.105,0.115,0,1,1
0.76,0.12,0.74,0.78,0.115,0.125,1,1,1
0.76,0.13,0.74,0.78,0.125,0.135,1,1,1
0.76,0.14,0.74,0.78,0.135,0.145,1,1,1
0.76,0.15,0.74,0.78,0.145,0.155,1,1,1
0.76,0.16,0.74,0.78,0.155,0.165,1,1,1
0.76,0.17,0.74,0.78,0.165,0.175,1,1,1
0.76,0.18,0.74,0.78,0.175,0.185,1,1,1
0.76,0.19,0.74,0.78,0.185,0.195,1,1,1
0.76,0.2,0.74,0.78,0.195,0.205,1,1,1
0.76,0.21,0.74,0.78,0.205,0.215,1,1,1
0.76,0.22,0.74,0.78,0.215,0.225,1,1,1
0.76,0.23,0.74,0.78,0.225,0.235,1,1,1
0.76,0.24,0.74,0.78,0.235,0.245,1,1,1
0.76,0.25,0.74,0.78,0.245,0.255,1,1,1
0.76,0.26,0.74,0.78,0.255,0.265,0,1,1
0.76,0.27,0.74,0.78,0.265,0.275,0,1,1
0.76,0.28,0.74,0.78,0.275,0.285,0,1,1
0.76,0.29,0.74,0.78,0.285,0.295,0,0,1
0.76,0.3,0.74,0.78,0.295,0.305,0,0,1
0.76,0.31,0.74,0.78,0.305,0.315,0,0,1
0.76,0.32,0.74,0.78,0.315,0.325,0,0,1
0.76,0.33,0.74,0.78,0.325,0.335,0,0,1
0.76,0.34,0.74,0.78,0.335,0.345,0,0,0
0.76,0.35,0.74,0.78,0.345,0.355,0,0,0
0.76,0.36,0.74,0.78,0.355,0.365,0,0,0
0.76,0.37,0.74,0.78,0.365,0.375,0,0,0
0.76,0.38,0.74,0.78,0.375,0.385,0,0,0
0.76,0.39,0.74,0.78,0.385,0.395,0,0,0
0.76,0.4,0.74,0.78,0.395,0.405,0,0,0
0.76,0.41,0.74,0.78,0.405,0.415,0,0,0
0.76,0.42,0.74,0.78,0.415,0.425,0,0,0
0.76,0.43,0.74,0.78,0.425,0.435,0,0,0
0.76,0.44,0.74,0.78,0.435,0.445,0,0,0
0.76,0.45,0.74,0.78,0.445,0.455,0,0,0
0.76,0.46,0.74,0.78,0.455,0.465,0,0,0
0.8,0.0,0.78,0.82,-0.005,0.005,0,0,0
0.8,0.01,0.78,0.82,0.005,0.015,0,0,0
0.8,0.02,0.78,0.82,0.015,0.025,0,0,0
0.8,0.03,0.78,0.82,0.025,0.035,0,0,0
0.8,0.04,0.78,0.82,0.035,0.045,0,0,0
0.8,0.05,0.78,0.82,0.045,0.055,0,0,0
0.8,0.06,0.78,0.82,0.055,0.065,0,0,1
0.8,0.07,0.78,0.82,0.065,0.075,0,0,1
0.8,0.08,0.78,0.82,0.075,0.085,0,0,1
0.8,0.09,0.78,0.82,0.085,0.095,0,0,1
0.8,0.1,0.78,0.82,0.095,0.105,0,1,1
0.8,0.11,0.78,0.82,0.105,0.115,0,1,1
0.8,0.12,0.78,0.82,0.115,0.125,0,1,1
0.8,0.13,0.78,0.82,0.125,0.135,0,1,1
0.8,0.14,0.78,0.82,0.135,0.145,1,1,1
0.8,0.15,0.78,0.82,0.145,0.155,1,1,1
0.8,0.16,0.78,0.82,0.155,0.165,1,1,1
0.8,0.17,0.78,0.82,0.165,0.175,1,1,1
0.8,0.18,0.78,0.82,0.175,0.185,1,1,1
0.8,0.19,0.78,0.82,0.185,0.195,1,1,1
0.8,0.2,0.78,0.82,0.195,0.205,1,1,1
0.8,0.21,0.78,0.82,0.205,0.215,1,1,1
0.8,0.22,0.78,0.82,0.215,0.225,1,1,1
0.8,0.23,0.78,0.82,0.225,0.235,1,1,1
0.8,0.24,0.78,0.82,0.235,0.245,1,1,1
0.8,0.25,0.78,0.82,0.245,0.255,1,1,1
0.8,0.26,0.78,0.82,0.255,0.265,0,1,1
0.8,0.27,0.78,0.82,0.265,0.275,0,1,1
0.8,0.28,0.78,0.82,0.275,0.285,0,1,1
0.8,0.29,0.78,0.82,0.285,0.295,0,0,1
0.8,0.3,0.78,0.82,0.295,0.305,0,0,1
0.8,0.31,0.78,0.82,0.305,0.315,0,0,1
0.8,0.32,0.78,0.82,0.315,0.325,0,0,1
0.8,0.33,0.78,0.82,0.325,0.335,0,0,1
0.8,0.34,0.78,0.82,0.335,0.345,0,0,0
0.8,0.35,0.78,0.82,0.345,0.355,0,0,0
0.8,0.36,0.78,0.82,0.355,0.365,0,0,0
0.8,0.37,0.78,0.82,0.365,0.375,0,0,0
0.8,0.38,0.78,0.82,0.375,0.385,0,0,0
0.8,0.39,0.78,0.82,0.385,0.395,0,0,0
0.8,0.4,0.78,0.82,0.395,0.405,0,0,0
0.8,0.41,0.78,0.82,0.405,0.415,0,0,0
0.8,0.42,0.78,0.82,0.415,0.425,0,0,0
0.8,0.43,0.78,0.82,0.425,0.435,0,0,0
0.8,0.44,0.78,0.82,0.435,0.445,0,0,0
0.8,0.45,0.78,0.82,0.445,0.455,0,0,0
0.8,0.46,0.78,0.82,0.455,0.465,0,0,0
0.84,0.0,0.82,0.86,-0.005,0.005,0,0,0
0.84,0.01,0.82,0.86,0.005,0.015,0,0,0
0.84,0.02,0.82,0.86,0.015,0.025,0,0,0
0.84,0.03,0.82,0.86,0.025,0.035,0,0,0
0.84,0.04,0.82,0.86,0.035,0.045,0,0,0
0.84,0.05,0.82,0.86,0.045,0.055,0,0,0
0.84,0.06,0.82,0.86,0.055,0.065,0,0,0
0.84,0.07,0.82,0.86,0.065,0.075,0,0,1
0.84,0.08,0.82,0.86,0.075,0.085,0,0,1
0.84,0.09,0.82,0.86,0.085,0.095,0,0,1
0.84,0.1,0.82,0.86,0.095,0.105,0,0,1
0.84,0.11,0.82,0.86,0.105,0.115,0,0,1
0.84,0.12,0.82,0.86,0.115,0.125,0,1,1
0.84,0.13,0.82,0.86,0.125,0.135,0,1,1
0.84,0.14,0.82,0.86,0.135,0.145,0,1,1
0.84,0.15,0.82,0.86,0.145,0.155,0,1,1
0.84,0.16,0.82,0.86,0.155,0.165,1,1,1
0.84,0.17,0.82,0.86,0.165,0.175,1,1,1
0.84,0.18,0.82,0.86,0.175,0.185,1,1,1
0.84,0.19,0.82,0.86,0.185,0.195,1,1,1
0.84,0.2,0.82,0.86,0.195,0.205,1,1,1
0.84,0.21,0.82,0.86,0.205,0.215,1,1,1
0.84,0.22,0.82,0.86,0.215,0.225,1,1,1
0.84,0.23,0.82,0.86,0.225,0.235,1,1,1
0.84,0.24,0.82,0.86,0.235,0.245,1,1,1
0.84,0.25,0.82,0.86,0.245,0.255,0,1,1
0.84,0.26,0.82,0.86,0.255,0.265,0,1,1
0.84,0.27,0.82,0.86,0.265,0.275,0,1,1
0.84,0.28,0.82,0.86,0.275,0.285,0,1,1
0.84,0.29,0.82,0.86,0.285,0.295,0,0,1
0.84,0.3,0.82,0.86,0.295,0.305,0,0,1
0.84,0.31,0.82,0.86,0.305,0.315,0,0,1
0.84,0.32,0.82,0.86,0.315,0.325,0,0,1
0.84,0.33,0.82,0.86,0.325,0.335,0,0,0
0.84,0.34,0.82,0.86,0.335,0.345,0,0,0
0.84,0.35,0.82,0.86,0.345,0.355,0,0,0
0.84,0.36,0.82,0.86,0.355,0.365,0,0,0
0.84,0.37,0.82,0.86,0.365,0.375,0,0,0
0.84,0.38,0.82,0.86,0.375,0.385,0,0,0
0.84,0.39,0.82,0.86,0.385,0.395,0,0,0
0.84,0.4,0.82,0.86,0.395,0.405,0,0,0
0.84,0.41,0.82,0.86,0.405,0.415,0,0,0
0.84,0.42,0.82,0.86,0.415,0.425,0,0,0
0.84,0.43,0.82,0.86,0.425,0.435,0,0,0
0.84,0.44,0.82,0.86,0.435,0.445,0,0,0
0.84,0.45,0.82,0.86,0.445,0.455,0,0,0
0.84,0.46,0.82,0.86,0.455,0.465,0,0,0
0.88,0.0,0.86,0.9,-0.005,0.005,0,0,0
0.88,0.01,0.86,0.9,0.005,0.015,0,0,0
0.88,0.02,0.86,0.9,0.015,0.025,0,0,0
0.88,0.03,0.86,0.9,0.025,0.035,0,0,0
0.88,0.04,0.86,0.9,0.035,0.045,0,0,0
0.88,0.05,0.86,0.9,0.045,0.055,0,0,0
0.88,0.06,0.86,0.9,0.055,0.065,0,0,0
0.88,0.07,0.86,0.9,0.065,0.075,0,0,0
0.88,0.08,0.86,0.9,0.075,0.085,0,0,0
0.88,0.09,0.86,0.9,0.085,0.095,0,0,1
0.88,0.1,0.86,0.9,0.095,0.105,0,0,1
0.88,0.11,0.86,0.9,0.105,0.115,0,0,1
0.88,0.12,0.86,0.9,0.115,0.125,0,0,1
0.88,0.13,0.86,0.9,0.125,0.135,0,0,1
0.88,0.14,0.86,0.9,0.135,0.145,0,1,1
0.88,0.15,0.86,0.9,0.145,0.155,0,1,1
0.88,0.16,0.86,0.9,0.155,0.165,0,1,1
0.88,0.17,0.86,0.9,0.165,0.175,0,1,1
0.88,0.18,0.86,0.9,0.175,0.185,1,1,1
0.88,0.19,0.86,0.9,0.185,0.195,1,1,1
0.88,0.2,0.86,0.9,0.195,0.205,1,1,1
0.88,0.21,0.86,0.9,0.205,0.215,1,1,1
0.88,0.22,0.86,0.9,0.215,0.225,1,1,1
0.88,0.23,0.86,0.9,0.225,0.235,1,1,1
0.88,0.24,0.86,0.9,0.235,0.245,1,1,1
0.88,0.25,0.86,0.9,0.245,0.255,0,1,1
0.88,0.26,0.86,0.9,0.255,0.265,0,1,1
0.88,0.27,0.86,0.9,0.265,0.275,0,1,1
0.88,0.28,0.86,0.9,0.275,0.285,0,0,1
0.88,0.29,0.86,0.9,0.285,0.295,0,0,1
0.88,0.3,0.86,0.9,0.295,0.305,0,0,1
0.88,0.31,0.86,0.9,0.305,0.315,0,0,1
0.88,0.32,0.86,0.9,0.315,0.325,0,0,1
0.88,0.33,0.86,0.9,0.325,0.335,0,0,0
0.88,0.34,0.86,0.9,0.335,0.345,0,0,0
0.88,0.35,0.86,0.9,0.345,0.355,0,0,0
0.88,0.36,0.86,0.9,0.355,0.365,0,0,0
0.88,0.37,0.86,0.9,0.365,0.375,0,0,0
0.88,0.38,0.86,0.9,0.375,0.385,0,0,0
0.88,0.39,0.86,0.9,0.385,0.395,0,0,0
0.88,0.4,0.86,0.9,0.395,0.405,0,0,0
0.88,0.41,0.86,0.9,0.405,0.415,0,0,0
0.88,0.42,0.86,0.9,0.415,0.425,0,0,0
0.88,0.43,0.86,0.9,0.425,0.435,0,0,0
0.88,0.44,0.86,0.9,0.435,0.445,0,0,0
0.88,0.45,0.86,0.9,0.445,0.455,0,0,0
0.88,0.46,0.86,0.9,0.455,0.465,0,0,0
0.92,0.0,0.9,0.94,-0.005,0.005,0,0,0
0.92,0.01,0.9,0.94,0.005,0.015,0,0,0
0.92,0.02,0.9,0.94,0.015,0.025,0,0,0
0.92,0.03,0.9,0.94,0.025,0.035,0,0,0
0.92,0.04,0.9,0.94,0.035,0.045,0,0,0
0.92,0.05,0.9,0.94,0.045,0.055,0,0,0
0.92,0.06,0.9,0.94,0.055,0.065,0,0,0
0.92,0.07,0.9,0.94,0.065,0.075,0,0,0
0.92,0.08,0.9,0.94,0.075,0.085,0,0,0
0.92,0.09,0.9,0.94,0.085,0.095,0,0,0
0.92,0.1,0.9,0.94,0.095,0.105,0,0,0
0.92,0.11,0.9,0.94,0.105,0.115,0,0,1
0.92,0.12,0.9,0.94,0.115,0.125,0,0,1
0.92,0.13,0.9,0.94,0.125,0.135,0,0,1
0.92,0.14,0.9,0.94,0.135,0.145,0,0,1
0.92,0.15,0.9,0.94,0.145,0.155,0,1,1
0.92,0.16,0.9,0.94,0.155,0.165,0,1,1
0.92,0.17,0.9,0.94,0.165,0.175,0,1,1
0.92,0.18,0.9,0.94,0.175,0.185,0,1,1
0.92,0.19,0.9,0.94,0.185,0.195,1,1,1
0.92,0.2,0.9,0.94,0.195,0.205,1,1,1
0.92,0.21,0.9,0.94,0.205,0.215,1,1,1
0.92,0.22,0.9,0.94,0.215,0.225,1,1,1
0.92,0.23,0.9,0.94,0.225,0.235,1,1,1
0.92,0.24,0.9,0.94,0.235,0.245,0,1,1
0.92,0.25,0.9,0.94,0.245,0.255,0,1,1
0.92,0.26,0.9,0.94,0.255,0.265,0,1,1
0.92,0.27,0.9,0.94,0.265,0.275,0,1,1
0.92,0.28,0.9,0.94,0.275,0.285,0,0,1
0.92,0.29,0.9,0.94,0.285,0.295,0,0,1
0.92,0.3,0.9,0.94,0.295,0.305,0,0,1
0.92,0.31,0.9,0.94,0.305,0.315,0,0,1
0.92,0.32,0.9,0.94,0.315,0.325,0,0,0
0.92,0.33,0.9,0.94,0.325,0.335,0,0,0
0.92,0.34,0.9,0.94,0.335,0.345,0,0,0
0.92,0.35,0.9,0.94,0.345,0.355,0,0,0
0.92,0.36,0.9,0.94,0.355,0.365,0,0,0
0.92,0.37,0.9,0.94,0.365,0.375,0,0,0
0.92,0.38,0.9,0.94,0.375,0.385,0,0,0
0.92,0.39,0.9,0.94,0.385,0.395,0,0,0
0.92,0.4,0.9,0.94,0.395,0.405,0,0,0
0.92,0.41,0.9,0.94,0.405,0.415,0,0,0
0.92,0.42,0.9,0.94,0.415,0.425,0,0,0
0.92,0.43,0.9,0.94,0.425,0.435,0,0,0
0.92,0.44,0.9,0.94,0.435,0.445,0,0,0
0.92,0.45,0.9,0.94,0.445,0.455,0,0,0
0.92,0.46,0.9,0.94,0.455,0.465,0,0,0
0.96,0.0,0.94,0.98,-0.005,0.005,0,0,0
0.96,0.01,0.94,0.98,0.005,0.015,0,0,0
0.96,0.02,0.94,0.98,0.015,0.025,0,0,0
0.96,0.03,0.94,0.98,0.025,0.035,0,0,0
0.96,0.04,0.94,0.98,0.035,0.045,0,0,0
0.96,0.05,0.94,0.98,0.045,0.055,0,0,0
0.96,0.06,0.94,0.98,0.055,0.065,0,0,0
0.96,0.07,0.94,0.98,0.065,0.075,0,0,0
0.96,0.08,0.94,0.98,0.075,0.085,0,0,0
0.96,0.09,0.94,0.98,0.085,0.095,0,0,0
0.96,0.1,0.94,0.98,0.095,0.105,0,0,0
0.96,0.11,0.94,0.98,0.105,0.115,0,0,0
0.96,0.12,0.94,0.98,0.115,0.125,0,0,1
0.96,0.13,0.94,0.98,0.125,0.135,0,0,1
0.96,0.14,0.94,0.98,0.135,0.145,0,0,1
0.96,0.15,0.94,0.98,0.145,0.155,0,0,1
0.96,0.16,0.94,0.98,0.155,0.165,0,0,1
0.96,0.17,0.94,0.98,0.165,0.175,0,1,1
0.96,0.18,0.94,0.98,0.175,0.185,0,1,1
0.96,0.19,0.94,0.98,0.185,0.195,0,1,1
0.96,0.2,0.94,0.98,0.195,0.205,0,1,1
0.96,0.21,0.94,0.98,0.205,0.215,1,1,1
0.96,0.22,0.94,0.98,0.215,0.225,1,1,1
0.96,0.23,0.94,0.98,0.225,0.235,1,1,1
0.96,0.24,0.94,0.98,0.235,0.245,0,1,1
0.96,0.25,0.94,0.98,0.245,0.255,0,1,1
0.96,0.26,0.94,0.98,0.255,0.265,0,1,1
0.96,0.27,0.94,0.98,0.265,0.275,0,0,1
0.96,0.28,0.94,0.98,0.275,0.285,0,0,1
0.96,0.29,0.94,0.98,0.285,0.295,0,0,1
0.96,0.3,0.94,0.98,0.295,0.305,0,0,1
0.96,0.31,0.94,0.98,0.305,0.315,0,0,1
0.96,0.32,0.94,0.98,0.315,0.325,0,0,0
0.96,0.33,0.94,0.98,0.325,0.335,0,0,0
0.96,0.34,0.94,0.98,0.335,0.345,0,0,0
0.96,0.35,0.94,0.98,0.345,0.355,0,0,0
0.96,0.36,0.94,0.98,0.355,0.365,0,0,0
0.96,0.37,0.94,0.98,0.365,0.375,0,0,0
0.96,0.38,0.94,0.98,0.375,0.385,0,0,0
0.96,0.39,0.94,0.98,0.385,0.395,0,0,0
0.96,0.4,0.94,0.98,0.395,0.405,0,0,0
0.96,0.41,0.94,0.98,0.405,0.415,0,0,0
0.96,0.42,0.94,0.98,0.415,0.425,0,0,0
0.96,0.43,0.94,0.98,0.425,0.435,0,0,0
0.96,0.44,0.94,0.98,0.435,0.445,0,0,0
0.96,0.45,0.94,0.98,0.445,0.455,0,0,0
0.96,0.46,0.94,0.98,0.455,0.465,0,0,0
1.0,0.0,0.98,1.02,-0.005,0.005,0,0,0
1.0,0.01,0.98,1.02,0.005,0.015,0,0,0
1.0,0.02,0.98,1.02,0.015,0.025,0,0,0
1.0,0.03,0.98,1.02,0.025,0.035,0,0,0
1.0,0.04,0.98,1.02,0.035,0.045,0,0,0
1.0,0.05,0.98,1.02,0.045,0.055,0,0,0
1.0,0.06,0.98,1.02,0.055,0.065,0,0,0
1.0,0.07,0.98,1.02,0.065,0.075,0,0,0
1.0,0.08,0.98,1.02,0.075,0.085,0,0,0
1.0,0.09,0.98,1.02,0.085,0.095,0,0,0
1.0,0.1,0.98,1.02,0.095,0.105,0,0,0
1.0,0.11,0.98,1.02,0.105,0.115,0,0,0
1.0,0.12,0.98,1.02,0.115,0.125,0,0,0
1.0,0.13,0.98,1.02,0.125,0.135,0,0,0
1.0,0.14,0.98,1.02,0.135,0.145,0,0,1
1.0,0.15,0.98,1.02,0.145,0.155,0,0,1
1.0,0.16,0.98,1.02,0.155,0.165,0,0,1
1.0,0.17,0.98,1.02,0.165,0.175,0,0,1
1.0,0.18,0.98,1.02,0.175,0.185,0,0,1
1.0,0.19,0.98,1.02,0.185,0.195,0,1,1
1.0,0.2,0.98,1.02,0.195,0.205,0,1,1
1.0,0.21,0.98,1.02,0.205,0.215,0,1,1
1.0,0.22,0.98,1.02,0.215,0.225,1,1,1
1.0,0.23,0.98,1.02,0.225,0.235,0,1,1
1.0,0.24,0.98,1.02,0.235,0.245,0,1,1
1.0,0.25,0.98,1.02,0.245,0.255,0,1,1
1.0,0.26,0.98,1.02,0.255,0.265,0,1,1
1.0,0.27,0.98,1.02,0.265,0.275,0,0,1
1.0,0.28,0.98,1.02,0.275,0.285,0,0,1
1.0,0.29,0.98,1.02,0.285,0.295,0,0,1
1.0,0.3,0.98,1.02,0.295,0.305,0,0,1
1.0,0.31,0.98,1.02,0.305,0.315,0,0,0
1.0,0.32,0.98,1.02,0.315,0.325,0,0,0
1.0,0.33,0.98,1.02,0.325,0.335,0,0,0
1.0,0.34,0.98,1.02,0.335,0.345,0,0,0
1.0,0.35,0.98,1.02,0.345,0.355,0,0,0
1.0,0.36,0.98,1.02,0.355,0.365,0,0,0
1.0,0.37,0.98,1.02,0.365,0.375,0,0,0
1.0,0.38,0.98,1.02,0.375,0.385,0,0,0
1.0,0.39,0.98,1.02,0.385,0.395,0,0,0
1.0,0.4,0.98,1.02,0.395,0.405,0,0,0
1.0,0.41,0.98,1.02,0.405,0.415,0,0,0
1.0,0.42,0.98,1.02,0.415,0.425,0,0,0
1.0,0.43,0.98,1.02,0.425,0.435,0,0,0
1.0,0.44,0.98,1.02,0.435,0.445,0,0,0
1.0,0.45,0.98,1.02,0.445,0.455,0,0,0
1.0,0.46,0.98,1.02,0.455,0.465,0,0,0
1.04,0.0,1.02,1.06,-0.005,0.005,0,0,0
1.04,0.01,1.02,1.06,0.005,0.015,0,0,0
1.04,0.02,1.02,1.06,0.015,0.025,0,0,0
1.04,0.03,1.02,1.06,0.025,0.035,0,0,0
1.04,0.04,1.02,1.06,0.035,0.045,0,0,0
1.04,0.05,1.02,1.06,0.045,0.055,0,0,0
1.04,0.06,1.02,1.06,0.055,0.065,0,0,0
1.04,0.07,1.02,1.06,0.065,0.075,0,0,0
1.04,0.08,1.02,1.06,0.075,0.085,0,0,0
1.04,0.09,1.02,1.06,0.085,0.095,0,0,0
1.04,0.1,1.02,1.06,0.095,0.105,0,0,0
1.04,0.11,1.02,1.06,0.105,0.115,0,0,0
1.04,0.12,1.02,1.06,0.115,0.125,0,0,0
1.04,0.13,1.02,1.06,0.125,0.135,0,0,0
1.04,0.14,1.02,1.06,0.135,0.145,0,0,0
1.04,0.15,1.02,1.06,0.145,0.155,0,0,1
1.04,0.16,1.02,1.06,0.155,0.165,0,0,1
1.04,0.17,1.02,1.06,0.165,0.175,0,0,1
1.04,0.18,1.02,1.06,0.175,0.185,0,0,1
1.04,0.19,1.02,1.06,0.185,0.195,0,0,1
1.04,0.2,1.02,1.06,0.195,0.205,0,1,1
1.04,0.21,1.02,1.06,0.205,0.215,0,1,1
1.04,0.22,1.02,1.06,0.215,0.225,0,1,1
1.04,0.23,1.02,1.06,0.225,0.235,0,1,1
1.04,0.24,1.02,1.06,0.235,0.245,0,1,1
1.04,0.25,1.02,1.06,0.245,0.255,0,1,1
1.04,0.26,1.02,1.06,0.255,0.265,0,0,1
1.04,0.27,1.02,1.06,0.265,0.275,0,0,1
1.04,0.28,1.02,1.06,0.275,0.285,0,0,1
1.04,0.29,1.02,1.06,0.285,0.295,0,0,1
1.04,0.3,1.02,1.06,0.295,0.305,0,0,0
1.04,0.31,1.02,1.06,0.305,0.315,0,0,0
1.04,0.32,1.02,1.06,0.315,0.325,0,0,0
1.04,0.33,1.02,1.06,0.325,0.335,0,0,0
1.04,0.34,1.02,1.06,0.335,0.345,0,0,0
1.04,0.35,1.02,1.06,0.345,0.355,0,0,0
1.04,0.36,1.02,1.06,0.355,0.365,0,0,0
1.04,0.37,1.02,1.06,0.365,0.375,0,0,0
1.04,0.38,1.02,1.06,0.375,0.385,0,0,0
1.04,0.39,1.02,1.06,0.385,0.395,0,0,0
1.04,0.4,1.02,1.06,0.395,0.405,0,0,0
1.04,0.41,1.02,1.06,0.405,0.415,0,0,0
1.04,0.42,1.02,1.06,0.415,0.425,0,0,0
1.04,0.43,1.02,1.06,0.425,0.435,0,0,0
1.04,0.44,1.02,1.06,0.435,0.445,0,0,0
1.04,0.45,1.02,1.06,0.445,0.455,0,0,0
1.04,0.46,1.02,1.06,0.455,0.465,0,0,0
1.08,0.0,1.06,1.1,-0.005,0.005,0,0,0
1.08,0.01,1.06,1.1,0.005,0.015,0,0,0
1.08,0.02,1.06,1.1,0.015,0.025,0,0,0
1.08,0.03,1.06,1.1,0.025,0.035,0,0,0
1.08,0.04,1.06,1.1,0.035,0.045,0,0,0
1.08,0.05,1.06,1.1,0.045,0.055,0,0,0
1.08,0.06,1.06,1.1,0.055,0.065,0,0,0
1.08,0.07,1.06,1.1,0.065,0.075,0,0,0
1.08,0.08,1.06,1.1,0.075,0.085,0,0,0
1.08,0.09,1.06,1.1,0.085,0.095,0,0,0
1.08,0.1,1.06,1.1,0.095,0.105,0,0,0
1.08,0.11,1.06,1.1,0.105,0.115,0,0,0
1.08,0.12,1.06,1.1,0.115,0.125,0,0,0
1.08,0.13,1.06,1.1,0.125,0.135,0,0,0
1.08,0.14,1.06,1.1,0.135,0.145,0,0,0
1.08,0.15,1.06,1.1,0.145,0.155,0,0,0
1.08,0.16,1.06,1.1,0.155,0.165,0,0,0
1.08,0.17,1.06,1.1,0.165,0.175,0,0,1
1.08,0.18,1.06,1.1,0.175,0.185,0,0,1
1.08,0.19,1.06,1.1,0.185,0.195,0,0,1
1.08,0.2,1.06,1.1,0.195,0.205,0,0,1
1.08,0.21,1.06,1.1,0.205,0.215,0,1,1
1.08,0.22,1.06,1.1,0.215,0.225,0,1,1
1.08,0.23,1.06,1.1,0.225,0.235,0,1,1
1.08,0.24,1.06,1.1,0.235,0.245,0,1,1
1.08,0.25,1.06,1.1,0.245,0.255,0,0,1
1.08,0.26,1.06,1.1,0.255,0.265,0,0,1
1.08,0.27,1.06,1.1,0.265,0.275,0,0,1
1.08,0.28,1.06,1.1,0.275,0.285,0,0,1
1.08,0.29,1.06,1.1,0.285,0.295,0,0,1
1.08,0.3,1.06,1.1,0.295,0.305,0,0,0
1.08,0.31,1.06,1.1,0.305,0.315,0,0,0
1.08,0.32,1.06,1.1,0.315,0.325,0,0,0
1.08,0.33,1.06,1.1,0.325,0.335,0,0,0
1.08,0.34,1.06,1.1,0.335,0.345,0,0,0
1.08,0.35,1.06,1.1,0.345,0.355,0,0,0
1.08,0.36,1.06,1.1,0.355,0.365,0,0,0
1.08,0.37,1.06,1.1,0.365,0.375,0,0,0
1.08,0.38,1.06,1.1,0.375,0.385,0,0,0
1.08,0.39,1.06,1.1,0.385,0.395,0,0,0
1.08,0.4,1.06,1.1,0.395,0.405,0,0,0
1.08,0.41,1.06,1.1,0.405,0.415,0,0,0
1.08,0.42,1.06,1.1,0.415,0.425,0,0,0
1.08,0.43,1.06,1.1,0.425,0.435,0,0,0
1.08,0.44,1.06,1.1,0.435,0.445,0,0,0
1.08,0.45,1.06,1.1,0.445,0.455,0,0,0
1.08,0.46,1.06,1.1,0.455,0.465,0,0,0
1.12,0.0,1.1,1.14,-0.005,0.005,0,0,0
1.12,0.01,1.1,1.14,0.005,0.015,0,0,0
1.12,0.02,1.1,1.14,0.015,0.025,0,0,0
1.12,0.03,1.1,1.14,0.025,0.035,0,0,0
1.12,0.04,1.1,1.14,0.035,0.045,0,0,0
1.12,0.05,1.1,1.14,0.045,0.055,0,0,0
1.12,0.06,1.1,1.14,0.055,0.065,0,0,0
1.12,0.07,1.1,1.14,0.065,0.075,0,0,0
1.12,0.08,1.1,1.14,0.075,0.085,0,0,0
1.12,0.09,1.1,1.14,0.085,0.095,0,0,0
1.12,0.1,1.1,1.14,0.095,0.105,0,0,0
1.12,0.11,1.1,1.14,0.105,0.115,0,0,0
1.12,0.12,1.1,1.14,0.115,0.125,0,0,0
1.12,0.13,1.1,1.14,0.125,0.135,0,0,0
1.12,0.14,1.1,1.14,0.135,0.145,0,0,0
1.12,0.15,1.1,1.14,0.145,0.155,0,0,0
1.12,0.16,1.1,1.14,0.155,0.165,0,0,0
1.12,0.17,1.1,1.14,0.165,0.175,0,0,0
1.12,0.18,1.1,1.14,0.175,0.185,0,0,1
1.12,0.19,1.1,1.14,0.185,0.195,0,0,1
1.12,0.2,1.1,1.14,0.195,0.205,0,0,1
1.12,0.21,1.1,1.14,0.205,0.215,0,0,1
1.12,0.22,1.1,1.14,0.215,0.225,0,1,1
1.12,0.23,1.1,1.14,0.225,0.235,0,1,1
1.12,0.24,1.1,1.14,0.235,0.245,0,0,1
1.12,0.25,1.1,1.14,0.245,0.255,0,0,1
1.12,0.26,1.1,1.14,0.255,0.265,0,0,1
1.12,0.27,1.1,1.14,0.265,0.275,0,0,1
1.12,0.28,1.1,1.14,0.275,0.285,0,0,1
1.12,0.29,1.1,1.14,0.285,0.295,0,0,0
1.12,0.3,1.1,1.14,0.295,0.305,0,0,0
1.12,0.31,1.1,1.14,0.305,0.315,0,0,0
1.12,0.32,1.1,1.14,0.315,0.325,0,0,0
1.12,0.33,1.1,1.14,0.325,0.335,0,0,0
1.12,0.34,1.1,1.14,0.335,0.345,0,0,0
1.12,0.35,1.1,1.14,0.345,0.355,0,0,0
1.12,0.36,1.1,1.14,0.355,0.365,0,0,0
1.12,0.37,1.1,1.14,0.365,0.375,0,0,0
1.12,0.38,1.1,1.14,0.375,0.385,0,0,0
1.12,0.39,1.1,1.14,0.385,0.395,0,0,0
1.12,0.4,1.1,1.14,0.395,0.405,0,0,0
1.12,0.41,1.1,1.14,0.405,0.415,0,0,0
1.12,0.42,1.1,1.14,0.415,0.425,0,0,0
1.12,0.43,1.1,1.14,0.425,0.435,0,0,0
1.12,0.44,1.1,1.14,0.435,0.445,0,0,0
1.12,0.45,1.1,1.14,0.445,0.455,0,0,0
1.12,0.46,1.1,1.14,0.455,0.465,0,0,0
1.16,0.0,1.14,1.18,-0.005,0.005,0,0,0
1.16,0.01,1.14,1.18,0.005,0.015,0,0,0
1.16,0.02,1.14,1.18,0.015,0.025,0,0,0
1.16,0.03,1.14,1.18,0.025,0.035,0,0,0
1.16,0.04,1.14,1.18,0.035,0.045,0,0,0
1.16,0.05,1.14,1.18,0.045,0.055,0,0,0
1.16,0.06,1.14,1.18,0.055,0.065,0,0,0
1.16,0.07,1.14,1.18,0.065,0.075,0,0,0
1.16,0.08,1.14,1.18,0.075,0.085,0,0,0
1.16,0.09,1.14,1.18,0.085,0.095,0,0,0
1.16,0.1,1.14,1.18,0.095,0.105,0,0,0
1.16,0.11,1.14,1.18,0.105,0.115,0,0,0
1.16,0.12,1.14,1.18,0.115,0.125,0,0,0
1.16,0.13,1.14,1.18,0.125,0.135,0,0,0
1.16,0.14,1.14,1.18,0.135,0.145,0,0,0
1.16,0.15,1.14,1.18,0.145,0.155,0,0,0
1.16,0.16,1.14,1.18,0.155,0.165,0,0,0
1.16,0.17,1.14,1.18,0.165,0.175,0,0,0
1.16,0.18,1.14,1.18,0.175,0.185,0,0,0
1.16,0.19,1.14,1.18,0.185,0.195,0,0,1
1.16,0.2,1.14,1.18,0.195,0.205,0,0,1
1.16,0.21,1.14,1.18,0.205,0.215,0,0,1
1.16,0.22,1.14,1.18,0.215,0.225,0,0,1
1.16,0.23,1.14,1.18,0.225,0.235,0,1,1
1.16,0.24,1.14,1.18,0.235,0.245,0,0,1
1.16,0.25,1.14,1.18,0.245,0.255,0,0,1
1.16,0.26,1.14,1.18,0.255,0.265,0,0,1
1.16,0.27,1.14,1.18,0.265,0.275,0,0,1
1.16,0.28,1.14,1.18,0.275,0.285,0,0,0
1.16,0.29,1.14,1.18,0.285,0.295,0,0,0
1.16,0.3,1.14,1.18,0.295,0.305,0,0,0
1.16,0.31,1.14,1.18,0.305,0.315,0,0,0
1.16,0.32,1.14,1.18,0.315,0.325,0,0,0
1.16,0.33,1.14,1.18,0.325,0.335,0,0,0
1.16,0.34,1.14,1.18,0.335,0.345,0,0,0
1.16,0.35,1.14,1.18,0.345,0.355,0,0,0
1.16,0.36,1.14,1.18,0.355,0.365,0,0,0
1.16,0.37,1.14,1.18,0.365,0.375,0,0,0
1.16,0.38,1.14,1.18,0.375,0.385,0,0,0
1.16,0.39,1.14,1.18,0.385,0.395,0,0,0
1.16,0.4,1.14,1.18,0.395,0.405,0,0,0
1.16,0.41,1.14,1.18,0.405,0.415,0,0,0
1.16,0.42,1.14,1.18,0.415,0.425,0,0,0
1.16,0.43,1.14,1.18,0.425,0.435,0,0,0
1.16,0.44,1.14,1.18,0.435,0.445,0,0,0
1.16,0.45,1.14,1.18,0.445,0.455,0,0,0
1.16,0.46,1.14,1.18,0.455,0.465,0,0,0
1.2,0.0,1.18,1.22,-0.005,0.005,0,0,0
1.2,0.01,1.18,1.22,0.005,0.015,0,0,0
1.2,0.02,1.18,1.22,0.015,0.025,0,0,0
1.2,0.03,1.18,1.22,0.025,0.035,0,0,0
1.2,0.04,1.18,1.22,0.035,0.045,0,0,0
1.2,0.05,1.18,1.22,0.045,0.055,0,0,0
1.2,0.06,1.18,1.22,0.055,0.065,0,0,0
1.2,0.07,1.18,1.22,0.065,0.075,0,0,0
1.2,0.08,1.18,1.22,0.075,0.085,0,0,0
1.2,0.09,1.18,1.22,0.085,0.095,0,0,0
1.2,0.1,1.18,1.22,0.095,0.105,0,0,0
1.2,0.11,1.18,1.22,0.105,0.115,0,0,0
1.2,0.12,1.18,1.22,0.115,0.125,0,0,0
1.2,0.13,1.18,1.22,0.125,0.135,0,0,0
1.2,0.14,1.18,1.22,0.135,0.145,0,0,0
1.2,0.15,1.18,1.22,0.145,0.155,0,0,0
1.2,0.16,1.18,1.22,0.155,0.165,0,0,0
1.2,0.17,1.18,1.22,0.165,0.175,0,0,0
1.2,0.18,1.18,1.22,0.175,0.185,0,0,0
1.2,0.19,1.18,1.22,0.185,0.195,0,0,0
1.2,0.2,1.18,1.22,0.195,0.205,0,0,1
1.2,0.21,1.18,1.22,0.205,0.215,0,0,1
1.2,0.22,1.18,1.22,0.215,0.225,0,0,1
1.2,0.23,1.18,1.22,0.225,0.235,0,0,1
1.2,0.24,1.18,1.22,0.235,0.245,0,0,1
1.2,0.25,1.18,1.22,0.245,0.255,0,0,1
1.2,0.26,1.18,1.22,0.255,0.265,0,0,1
1.2,0.27,1.18,1.22,0.265,0.275,0,0,1
1.2,0.28,1.18,1.22,0.275,0.285,0,0,0
1.2,0.29,1.18,1.22,0.285,0.295,0,0,0
1.2,0.3,1.18,1.22,0.295,0.305,0,0,0
1.2,0.31,1.18,1.22,0.305,0.315,0,0,0
1.2,0.32,1.18,1.22,0.315,0.325,0,0,0
1.2,0.33,1.18,1.22,0.325,0.335,0,0,0
1.2,0.34,1.18,1.22,0.335,0.345,0,0,0
1.2,0.35,1.18,1.22,0.345,0.355,0,0,0
1.2,0.36,1.18,1.22,0.355,0.365,0,0,0
1.2,0.37,1.18,1.22,0.365,0.375,0,0,0
1.2,0.38,1.18,1.22,0.375,0.385,0,0,0
1.2,0.39,1.18,1.22,0.385,0.395,0,0,0
1.2,0.4,1.18,1.22,0.395,0.405,0,0,0
1.2,0.41,1.18,1.22,0.405,0.415,0,0,0
1.2,0.42,1.18,1.22,0.415,0.425,0,0,0
1.2,0.43,1.18,1.22,0.425,0.435,0,0,0
1.2,0.44,1.18,1.22,0.435,0.445,0,0,0
1.2,0.45,1.18,1.22,0.445,0.455,0,0,0
1.2,0.46,1.18,1.22,0.455,0.465,0,0,0
1.24,0.0,1.22,1.26,-0.005,0.005,0,0,0
1.24,0.01,1.22,1.26,0.005,0.015,0,0,0
1.24,0.02,1.22,1.26,0.015,0.025,0,0,0
1.24,0.03,1.22,1.26,0.025,0.035,0,0,0
1.24,0.04,1.22,1.26,0.035,0.045,0,0,0
1.24,0.05,1.22,1.26,0.045,0.055,0,0,0
1.24,0.06,1.22,1.26,0.055,0.065,0,0,0
1.24,0.07,1.22,1.26,0.065,0.075,0,0,0
1.24,0.08,1.22,1.26,0.075,0.085,0,0,0
1.24,0.09,1.22,1.26,0.085,0.095,0,0,0
1.24,0.1,1.22,1.26,0.095,0.105,0,0,0
1.24,0.11,1.22,1.26,0.105,0.115,0,0,0
1.24,0.12,1.22,1.26,0.115,0.125,0,0,0
1.24,0.13,1.22,1.26,0.125,0.135,0,0,0
1.24,0.14,1.22,1.26,0.135,0.145,0,0,0
1.24,0.15,1.22,1.26,0.145,0.155,0,0,0
1.24,0.16,1.22,1.26,0.155,0.165,0,0,0
1.24,0.17,1.22,1.26,0.165,0.175,0,0,0
1.24,0.18,1.22,1.26,0.175,0.185,0,0,0
1.24,0.19,1.22,1.26,0.185,0.195,0,0,0
1.24,0.2,1.22,1.26,0.195,0.205,0,0,0
1.24,0.21,1.22,1.26,0.205,0.215,0,0,0
1.24,0.22,1.22,1.26,0.215,0.225,0,0,1
1.24,0.23,1.22,1.26,0.225,0.235,0,0,1
1.24,0.24,1.22,1.26,0.235,0.245,0,0,1
1.24,0.25,1.22,1.26,0.245,0.255,0,0,1
1.24,0.26,1.22,1.26,0.255,0.265,0,0,1
1.24,0.27,1.22,1.26,0.265,0.275,0,0,0
1.24,0.28,1.22,1.26,0.275,0.285,0,0,0
1.24,0.29,1.22,1.26,0.285,0.295,0,0,0
1.24,0.3,1.22,1.26,0.295,0.305,0,0,0
1.24,0.31,1.22,1.26,0.305,0.315,0,0,0
1.24,0.32,1.22,1.26,0.315,0.325,0,0,0
1.24,0.33,1.22,1.26,0.325,0.335,0,0,0
1.24,0.34,1.22,1.26,0.335,0.345,0,0,0
1.24,0.35,1.22,1.26,0.345,0.355,0,0,0
1.24,0.36,1.22,1.26,0.355,0.365,0,0,0
1.24,0.37,1.22,1.26,0.365,0.375,0,0,0
1.24,0.38,1.22,1.26,0.375,0.385,0,0,0
1.24,0.39,1.22,1.26,0.385,0.395,0,0,0
1.24,0.4,1.22,1.26,0.395,0.405,0,0,0
1.24,0.41,1.22,1.26,0.405,0.415,0,0,0
1.24,0.42,1.22,1.26,0.415,0.425,0,0,0
1.24,0.43,1.22,1.26,0.425,0.435,0,0,0
1.24,0.44,1.22,1.26,0.435,0.445,0,0,0
1.24,0.45,1.22,1.26,0.445,0.455,0,0,0
1.24,0.46,1.22,1.26,0.455,0.465,0,0,0
1.28,0.0,1.26,1.3,-0.005,0.005,0,0,0
1.28,0.01,1.26,1.3,0.005,0.015,0,0,0
1.28,0.02,1.26,1.3,0.015,0.025,0,0,0
1.28,0.03,1.26,1.3,0.025,0.035,0,0,0
1.28,0.04,1.26,1.3,0.035,0.045,0,0,0
1.28,0.05,1.26,1.3,0.045,0.055,0,0,0
1.28,0.06,1.26,1.3,0.055,0.065,0,0,0
1.28,0.07,1.26,1.3,0.065,0.075,0,0,0
1.28,0.08,1.26,1.3,0.075,0.085,0,0,0
1.28,0.09,1.26,1.3,0.085,0.095,0,0,0
1.28,0.1,1.26,1.3,0.095,0.105,0,0,0
1.28,0.11,1.26,1.3,0.105,0.115,0,0,0
1.28,0.12,1.26,1.3,0.115,0.125,0,0,0
1.28,0.13,1.26,1.3,0.125,0.135,0,0,0
1.28,0.14,1.26,1.3,0.135,0.145,0,0,0
1.28,0.15,1.26,1.3,0.145,0.155,0,0,0
1.28,0.16,1.26,1.3,0.155,0.165,0,0,0
1.28,0.17,1.26,1.3,0.165,0.175,0,0,0
1.28,0.18,1.26,1.3,0.175,0.185,0,0,0
1.28,0.19,1.26,1.3,0.185,0.195,0,0,0
1.28,0.2,1.26,1.3,0.195,0.205,0,0,0
1.28,0.21,1.26,1.3,0.205,0.215,0,0,0
1.28,0.22,1.26,1.3,0.215,0.225,0,0,0
1.28,0.23,1.26,1.3,0.225,0.235,0,0,1
1.28,0.24,1.26,1.3,0.235,0.245,0,0,1
1.28,0.25,1.26,1.3,0.245,0.255,0,0,1
1.28,0.26,1.26,1.3,0.255,0.265,0,0,1
1.28,0.27,1.26,1.3,0.265,0.275,0,0,0
1.28,0.28,1.26,1.3,0.275,0.285,0,0,0
1.28,0.29,1.26,1.3,0.285,0.295,0,0,0
1.28,0.3,1.26,1.3,0.295,0.305,0,0,0
1.28,0.31,1.26,1.3,0.305,0.315,0,0,0
1.28,0.32,1.26,1.3,0.315,0.325,0,0,0
1.28,0.33,1.26,1.3,0.325,0.335,0,0,0
1.28,0.34,1.26,1.3,0.335,0.345,0,0,0
1.28,0.35,1.26,1.3,0.345,0.355,0,0,0
1.28,0.36,1.26,1.3,0.355,0.365,0,0,0
1.28,0.37,1.26,1.3,0.365,0.375,0,0,0
1.28,0.38,1.26,1.3,0.375,0.385,0,0,0
1.28,0.39,1.26,1.3,0.385,0.395,0,0,0
1.28,0.4,1.26,1.3,0.395,0.405,0,0,0
1.28,0.41,1.26,1.3,0.405,0.415,0,0,0
1.28,0.42,1.26,1.3,0.415,0.425,0,0,0
1.28,0.43,1.26,1.3,0.425,0.435,0,0,0
1.28,0.44,1.26,1.3,0.435,0.445,0,0,0
1.28,0.45,1.26,1.3,0.445,0.455,0,0,0
1.28,0.46,1.26,1.3,0.455,0.465,0,0,0
1.32,0.0,1.3,1.34,-0.005,0.005,0,0,0
1.32,0.01,1.3,1.34,0.005,0.015,0,0,0
1.32,0.02,1.3,1.34,0.015,0.025,0,0,0
1.32,0.03,1.3,1.34,0.025,0.035,0,0,0
1.32,0.04,1.3,1.34,0.035,0.045,0,0,0
1.32,0.05,1.3,1.34,0.045,0.055,0,0,0
1.32,0.06,1.3,1.34,0.055,0.065,0,0,0
1.32,0.07,1.3,1.34,0.065,0.075,0,0,0
1.32,0.08,1.3,1.34,0.075,0.085,0,0,0
1.32,0.09,1.3,1.34,0.085,0.095,0,0,0
1.32,0.1,1.3,1.34,0.095,0.105,0,0,0
1.32,0.11,1.3,1.34,0.105,0.115,0,0,0
1.32,0.12,1.3,1.34,0.115,0.125,0,0,0
1.32,0.13,1.3,1.34,0.125,0.135,0,0,0
1.32,0.14,1.3,1.34,0.135,0.145,0,0,0
1.32,0.15,1.3,1.34,0.145,0.155,0,0,0
1.32,0.16,1.3,1.34,0.155,0.165,0,0,0
1.32,0.17,1.3,1.34,0.165,0.175,0,0,0
1.32,0.18,1.3,1.34,0.175,0.185,0,0,0
1.32,0.19,1.3,1.34,0.185,0.195,0,0,0
1.32,0.2,1.3,1.34,0.195,0.205,0,0,0
1.32,0.21,1.3,1.34,0.205,0.215,0,0,0
1.32,0.22,1.3,1.34,0.215,0.225,0,0,0
1.32,0.23,1.3,1.34,0.225,0.235,0,0,0
1.32,0.24,1.3,1.34,0.235,0.245,0,0,1
1.32,0.25,1.3,1.34,0.245,0.255,0,0,1
1.32,0.26,1.3,1.34,0.255,0.265,0,0,0
1.32,0.27,1.3,1.34,0.265,0.275,0,0,0
1.32,0.28,1.3,1.34,0.275,0.285,0,0,0
1.32,0.29,1.3,1.34,0.285,0.295,0,0,0
1.32,0.3,1.3,1.34,0.295,0.305,0,0,0
1.32,0.31,1.3,1.34,0.305,0.315,0,0,0
1.32,0.32,1.3,1.34,0.315,0.325,0,0,0
1.32,0.33,1.3,1.34,0.325,0.335,0,0,0
1.32,0.34,1.3,1.34,0.335,0.345,0,0,0
1.32,0.35,1.3,1.34,0.345,0.355,0,0,0
1.32,0.36,1.3,1.34,0.355,0.365,0,0,0
1.32,0.37,1.3,1.34,0.365,0.375,0,0,0
1.32,0.38,1.3,1.34,0.375,0.385,0,0,0
1.32,0.39,1.3,1.34,0.385,0.395,0,0,0
1.32,0.4,1.3,1.34,0.395,0.405,0,0,0
1.32,0.41,1.3,1.34,0.405,0.415,0,0,0
1.32,0.42,1.3,1.34,0.415,0.425,0,0,0
1.32,0.43,1.3,1.34,0.425,0.435,0,0,0
1.32,0.44,1.3,1.34,0.435,0.445,0,0,0
1.32,0.45,1.3,1.34,0.445,0.455,0,0,0
1.32,0.46,1.3,1.34,0.455,0.465,0,0,0
1.36,0.0,1.34,1.38,-0.005,0.005,0,0,0
1.36,0.01,1.34,1.38,0.005,0.015,0,0,0
1.36,0.02,1.34,1.38,0.015,0.025,0,0,0
1.36,0.03,1.34,1.38,0.025,0.035,0,0,0
1.36,0.04,1.34,1.38,0.035,0.045,0,0,0
1.36,0.05,1.34,1.38,0.045,0.055,0,0,0
1.36,0.06,1.34,1.38,0.055,0.065,0,0,0
1.36,0.07,1.34,1.38,0.065,0.075,0,0,0
1.36,0.08,1.34,1.38,0.075,0.085,0,0,0
1.36,0.09,1.34,1.38,0.085,0.095,0,0,0
1.36,0.1,1.34,1.38,0.095,0.105,0,0,0
1.36,0.11,1.34,1.38,0.105,0.115,0,0,0
1.36,0.12,1.34,1.38,0.115,0.125,0,0,0
1.36,0.13,1.34,1.38,0.125,0.135,0,0,0
1.36,0.14,1.34,1.38,0.135,0.145,0,0,0
1.36,0.15,1.34,1.38,0.145,0.155,0,0,0
1.36,0.16,1.34,1.38,0.155,0.165,0,0,0
1.36,0.17,1.34,1.38,0.165,0.175,0,0,0
1.36,0.18,1.34,1.38,0.175,0.185,0,0,0
1.36,0.19,1.34,1.38,0.185,0.195,0,0,0
1.36,0.2,1.34,1.38,0.195,0.205,0,0,0
1.36,0.21,1.34,1.38,0.205,0.215,0,0,0
1.36,0.22,1.34,1.38,0.215,0.225,0,0,0
1.36,0.23,1.34,1.38,0.225,0.235,0,0,0
1.36,0.24,1.34,1.38,0.235,0.245,0,0,0
1.36,0.25,1.34,1.38,0.245,0.255,0,0,0
1.36,0.26,1.34,1.38,0.255,0.265,0,0,0
1.36,0.27,1.34,1.38,0.265,0.275,0,0,0
1.36,0.28,1.34,1.38,0.275,0.285,0,0,0
1.36,0.29,1.34,1.38,0.285,0.295,0,0,0
1.36,0.3,1.34,1.38,0.295,0.305,0,0,0
1.36,0.31,1.34,1.38,0.305,0.315,0,0,0
1.36,0.32,1.34,1.38,0.315,0.325,0,0,0
1.36,0.33,1.34,1.38,0.325,0.335,0,0,0
1.36,0.34,1.34,1.38,0.335,0.345,0,0,0
1.36,0.35,1.34,1.38,0.345,0.355,0,0,0
1.36,0.36,1.34,1.38,0.355,0.365,0,0,0
1.36,0.37,1.34,1.38,0.365,0.375,0,0,0
1.36,0.38,1.34,1.38,0.375,0.385,0,0,0
1.36,0.39,1.34,1.38,0.385,0.395,0,0,0
1.36,0.4,1.34,1.38,0.395,0.405,0,0,0
1.36,0.41,1.34,1.38,0.405,0.415,0,0,0
1.36,0.42,1.34,1.38,0.415,0.425,0,0,0
1.36,0.43,1.34,1.38,0.425,0.435,0,0,0
1.36,0.44,1.34,1.38,0.435,0.445,0,0,0
1.36,0.45,1.34,1.38,0.445,0.455,0,0,0
1.36,0.46,1.34,1.38,0.455,0.465,0,0,0
1.4,0.0,1.38,1.42,-0.005,0.005,0,0,0
1.4,0.01,1.38,1.42,0.005,0.015,0,0,0
1.4,0.02,1.38,1.42,0.015,0.025,0,0,0
1.4,0.03,1.38,1.42,0.025,0.035,0,0,0
1.4,0.04,1.38,1.42,0.035,0.045,0,0,0
1.4,0.05,1.38,1.42,0.045,0.055,0,0,0
1.4,0.06,1.38,1.42,0.055,0.065,0,0,0
1.4,0.07,1.38,1.42,0.065,0.075,0,0,0
1.4,0.08,1.38,1.42,0.075,0.085,0,0,0
1.4,0.09,1.38,1.42,0.085,0.095,0,0,0
1.4,0.1,1.38,1.42,0.095,0.105,0,0,0
1.4,0.11,1.38,1.42,0.105,0.115,0,0,0
1.4,0.12,1.38,1.42,0.115,0.125,0,0,0
1.4,0.13,1.38,1.42,0.125,0.135,0,0,0
1.4,0.14,1.38,1.42,0.135,0.145,0,0,0
1.4,0.15,1.38,1.42,0.145,0.155,0,0,0
1.4,0.16,1.38,1.42,0.155,0.165,0,0,0
1.4,0.17,1.38,1.42,0.165,0.175,0,0,0
1.4,0.18,1.38,1.42,0.175,0.185,0,0,0
1.4,0.19,1.38,1.42,0.185,0.195,0,0,0
1.4,0.2,1.38,1.42,0.195,0.205,0,0,0
1.4,0.21,1.38,1.42,0.205,0.215,0,0,0
1.4,0.22,1.38,1.42,0.215,0.225,0,0,0
1.4,0.23,1.38,1.42,0.225,0.235,0,0,0
1.4,0.24,1.38,1.42,0.235,0.245,0,0,0
1.4,0.25,1.38,1.42,0.245,0.255,0,0,0
1.4,0.26,1.38,1.42,0.255,0.265,0,0,0
1.4,0.27,1.38,1.42,0.265,0.275,0,0,0
1.4,0.28,1.38,1.42,0.275,0.285,0,0,0
1.4,0.29,1.38,1.42,0.285,0.295,0,0,0
1.4,0.3,1.38,1.42,0.295,0.305,0,0,0
1.4,0.31,1.38,1.42,0.305,0.315,0,0,0
1.4,0.32,1.38,1.42,0.315,0.325,0,0,0
1.4,0.33,1.38,1.42,0.325,0.335,0,0,0
1.4,0.34,1.38,1.42,0.335,0.345,0,0,0
1.4,0.35,1.38,1.42,0.345,0.355,0,0,0
1.4,0.36,1.38,1.42,0.355,0.365,0,0,0
1.4,0.37,1.38,1.42,0.365,0.375,0,0,0
1.4,0.38,1.38,1.42,0.375,0.385,0,0,0
1.4,0.39,1.38,1.42,0.385,0.395,0,0,0
1.4,0.4,1.38,1.42,0.395,0.405,0,0,0
1.4,0.41,1.38,1.42,0.405,0.415,0,0,0
1.4,0.42,1.38,1.42,0.415,0.425,0,0,0
1.4,0.43,1.38,1.42,0.425,0.435,0,0,0
1.4,0.44,1.38,1.42,0.435,0.445,0,0,0
1.4,0.45,1.38,1.42,0.445,0.455,0,0,0
1.4,0.46,1.38,1.42,0.455,0.465,0,0,0
1.44,0.0,1.42,1.46,-0.005,0.005,0,0,0
1.44,0.01,1.42,1.46,0.005,0.015,0,0,0
1.44,0.02,1.42,1.46,0.015,0.025,0,0,0
1.44,0.03,1.42,1.46,0.025,0.035,0,0,0
1.44,0.04,1.42,1.46,0.035,0.045,0,0,0
1.44,0.05,1.42,1.46,0.045,0.055,0,0,0
1.44,0.06,1.42,1.46,0.055,0.065,0,0,0
1.44,0.07,1.42,1.46,0.065,0.075,0,0,0
1.44,0.08,1.42,1.46,0.075,0.085,0,0,0
1.44,0.09,1.42,1.46,0.085,0.095,0,0,0
1.44,0.1,1.42,1.46,0.095,0.105,0,0,0
1.44,0.11,1.42,1.46,0.105,0.115,0,0,0
1.44,0.12,1.42,1.46,0.115,0.125,0,0,0
1.44,0.13,1.42,1.46,0.125,0.135,0,0,0
1.44,0.14,1.42,1.46,0.135,0.145,0,0,0
1.44,0.15,1.42,1.46,0.145,0.155,0,0,0
1.44,0.16,1.42,1.46,0.155,0.165,0,0,0
1.44,0.17,1.42,1.46,0.165,0.175,0,0,0
1.44,0.18,1.42,1.46,0.175,0.185,0,0,0
1.44,0.19,1.42,1.46,0.185,0.195,0,0,0
1.44,0.2,1.42,1.46,0.195,0.205,0,0,0
1.44,0.21,1.42,1.46,0.205,0.215,0,0,0
1.44,0.22,1.42,1.46,0.215,0.225,0,0,0
1.44,0.23,1.42,1.46,0.225,0.235,0,0,0
1.44,0.24,1.42,1.46,0.235,0.245,0,0,0
1.44,0.25,1.42,1.46,0.245,0.255,0,0,0
1.44,0.26,1.42,1.46,0.255,0.265,0,0,0
1.44,0.27,1.42,1.46,0.265,0.275,0,0,0
1.44,0.28,1.42,1.46,0.275,0.285,0,0,0
1.44,0.29,1.42,1.46,0.285,0.295,0,0,0
1.44,0.3,1.42,1.46,0.295,0.305,0,0,0
1.44,0.31,1.42,1.46,0.305,0.315,0,0,0
1.44,0.32,1.42,1.46,0.315,0.325,0,0,0
1.44,0.33,1.42,1.46,0.325,0.335,0,0,0
1.44,0.34,1.42,1.46,0.335,0.345,0,0,0
1.44,0.35,1.42,1.46,0.345,0.355,0,0,0
1.44,0.36,1.42,1.46,0.355,0.365,0,0,0
1.44,0.37,1.42,1.46,0.365,0.375,0,0,0
1.44,0.38,1.42,1.46,0.375,0.385,0,0,0
1.44,0.39,1.42,1.46,0.385,0.395,0,0,0
1.44,0.4,1.42,1.46,0.395,0.405,0,0,0
1.44,0.41,1.42,1.46,0.405,0.415,0,0,0
1.44,0.42,1.42,1.46,0.415,0.425,0,0,0
1.44,0.43,1.42,1.46,0.425,0.435,0,0,0
1.44,0.44,1.42,1.46,0.435,0.445,0,0,0
1.44,0.45,1.42,1.46,0.445,0.455,0,0,0
1.44,0.46,1.42,1.46,0.455,0.465,0,0,0
1.48,0.0,1.46,1.5,-0.005,0.005,0,0,0
1.48,0.01,1.46,1.5,0.005,0.015,0,0,0
1.48,0.02,1.46,1.5,0.015,0.025,0,0,0
1.48,0.03,1.46,1.5,0.025,0.035,0,0,0
1.48,0.04,1.46,1.5,0.035,0.045,0,0,0
1.48,0.05,1.46,1.5,0.045,0.055,0,0,0
1.48,0.06,1.46,1.5,0.055,0.065,0,0,0
1.48,0.07,1.46,1.5,0.065,0.075,0,0,0
1.48,0.08,1.46,1.5,0.075,0.085,0,0,0
1.48,0.09,1.46,1.5,0.085,0.095,0,0,0
1.48,0.1,1.46,1.5,0.095,0.105,0,0,0
1.48,0.11,1.46,1.5,0.105,0.115,0,0,0
1.48,0.12,1.46,1.5,0.115,0.125,0,0,0
1.48,0.13,1.46,1.5,0.125,0.135,0,0,0
1.48,0.14,1.46,1.5,0.135,0.145,0,0,0
1.48,0.15,1.46,1.5,0.145,0.155,0,0,0
1.48,0.16,1.46,1.5,0.155,0.165,0,0,0
1.48,0.17,1.46,1.5,0.165,0.175,0,0,0
1.48,0.18,1.46,1.5,0.175,0.185,0,0,0
1.48,0.19,1.46,1.5,0.185,0.195,0,0,0
1.48,0.2,1.46,1.5,0.195,0.205,0,0,0
1.48,0.21,1.46,1.5,0.205,0.215,0,0,0
1.48,0.22,1.46,1.5,0.215,0.225,0,0,0
1.48,0.23,1.46,1.5,0.225,0.235,0,0,0
1.48,0.24,1.46,1.5,0.235,0.245,0,0,0
1.48,0.25,1.46,1.5,0.245,0.255,0,0,0
1.48,0.26,1.46,1.5,0.255,0.265,0,0,0
1.48,0.27,1.46,1.5,0.265,0.275,0,0,0
1.48,0.28,1.46,1.5,0.275,0.285,0,0,0
1.48,0.29,1.46,1.5,0.285,0.295,0,0,0
1.48,0.3,1.46,1.5,0.295,0.305,0,0,0
1.48,0.31,1.46,1.5,0.305,0.315,0,0,0
1.48,0.32,1.46,1.5,0.315,0.325,0,0,0
1.48,0.33,1.46,1.5,0.325,0.335,0,0,0
1.48,0.34,1.46,1.5,0.335,0.345,0,0,0
1.48,0.35,1.46,1.5,0.345,0.355,0,0,0
1.48,0.36,1.46,1.5,0.355,0.365,0,0,0
1.48,0.37,1.46,1.5,0.365,0.375,0,0,0
1.48,0.38,1.46,1.5,0.375,0.385,0,0,0
1.48,0.39,1.46,1.5,0.385,0.395,0,0,0
1.48,0.4,1.46,1.5,0.395,0.405,0,0,0
1.48,0.41,1.46,1.5,0.405,0.415,0,0,0
1.48,0.42,1.46,1.5,0.415,0.425,0,0,0
1.48,0.43,1.46,1.5,0.425,0.435,0,0,0
1.48,0.44,1.46,1.5,0.435,0.445,0,0,0
1.48,0.45,1.46,1.5,0.445,0.455,0,0,0
1.48,0.46,1.46,1.5,0.455,0.465,0,0,0
1.52,0.0,1.5,1.54,-0.005,0.005,0,0,0
1.52,0.01,1.5,1.54,0.005,0.015,0,0,0
1.52,0.02,1.5,1.54,0.015,0.025,0,0,0
1.52,0.03,1.5,1.54,0.025,0.035,0,0,0
1.52,0.04,1.5,1.54,0.035,0.045,0,0,0
1.52,0.05,1.5,1.54,0.045,0.055,0,0,0
1.52,0.06,1.5,1.54,0.055,0.065,0,0,0
1.52,0.07,1.5,1.54,0.065,0.075,0,0,0
1.52,0.08,1.5,1.54,0.075,0.085,0,0,0
1.52,0.09,1.5,1.54,0.085,0.095,0,0,0
1.52,0.1,1.5,1.54,0.095,0.105,0,0,0
1.52,0.11,1.5,1.54,0.105,0.115,0,0,0
1.52,0.12,1.5,1.54,0.115,0.125,0,0,0
1.52,0.13,1.5,1.54,0.125,0.135,0,0,0
1.52,0.14,1.5,1.54,0.135,0.145,0,0,0
1.52,0.15,1.5,1.54,0.145,0.155,0,0,0
1.52,0.16,1.5,1.54,0.155,0.165,0,0,0
1.52,0.17,1.5,1.54,0.165,0.175,0,0,0
1.52,0.18,1.5,1.54,0.175,0.185,0,0,0
1.52,0.19,1.5,1.54,0.185,0.195,0,0,0
1.52,0.2,1.5,1.54,0.195,0.205,0,0,0
1.52,0.21,1.5,1.54,0.205,0.215,0,0,0
1.52,0.22,1.5,1.54,0.215,0.225,0,0,0
1.52,0.23,1.5,1.54,0.225,0.235,0,0,0
1.52,0.24,1.5,1.54,0.235,0.245,0,0,0
1.52,0.25,1.5,1.54,0.245,0.255,0,0,0
1.52,0.26,1.5,1.54,0.255,0.265,0,0,0
1.52,0.27,1.5,1.54,0.265,0.275,0,0,0
1.52,0.28,1.5,1.54,0.275,0.285,0,0,0
1.52,0.29,1.5,1.54,0.285,0.295,0,0,0
1.52,0.3,1.5,1.54,0.295,0.305,0,0,0
1.52,0.31,1.5,1.54,0.305,0.315,0,0,0
1.52,0.32,1.5,1.54,0.315,0.325,0,0,0
1.52,0.33,1.5,1.54,0.325,0.335,0,0,0
1.52,0.34,1.5,1.54,0.335,0.345,0,0,0
1.52,0.35,1.5,1.54,0.345,0.355,0,0,0
1.52,0.36,1.5,1.54,0.355,0.365,0,0,0
1.52,0.37,1.5,1.54,0.365,0.375,0,0,0
1.52,0.38,1.5,1.54,0.375,0.385,0,0,0
1.52,0.39,1.5,1.54,0.385,0.395,0,0,0
1.52,0.4,1.5,1.54,0.395,0.405,0,0,0
1.52,0.41,1.5,1.54,0.405,0.415,0,0,0
1.52,0.42,1.5,1.54,0.415,0.425,0,0,0
1.52,0.43,1.5,1.54,0.425,0.435,0,0,0
1.52,0.44,1.5,1.54,0.435,0.445,0,0,0
1.52,0.45,1.5,1.54,0.445,0.455,0,0,0
1.52,0.46,1.5,1.54,0.455,0.465,0,0,0
1.56,0.0,1.54,1.58,-0.005,0.005,0,0,0
1.56,0.01,1.54,1.58,0.005,0.015,0,0,0
1.56,0.02,1.54,1.58,0.015,0.025,0,0,0
1.56,0.03,1.54,1.58,0.025,0.035,0,0,0
1.56,0.04,1.54,1.58,0.035,0.045,0,0,0
1.56,0.05,1.54,1.58,0.045,0.055,0,0,0
1.56,0.06,1.54,1.58,0.055,0.065,0,0,0
1.56,0.07,1.54,1.58,0.065,0.075,0,0,0
1.56,0.08,1.54,1.58,0.075,0.085,0,0,0
1.56,0.09,1.54,1.58,0.085,0.095,0,0,0
1.56,0.1,1.54,1.58,0.095,0.105,0,0,0
1.56,0.11,1.54,1.58,0.105,0.115,0,0,0
1.56,0.12,1.54,1.58,0.115,0.125,0,0,0
1.56,0.13,1.54,1.58,0.125,0.135,0,0,0
1.56,0.14,1.54,1.58,0.135,0.145,0,0,0
1.56,0.15,1.54,1.58,0.145,0.155,0,0,0
1.56,0.16,1.54,1.58,0.155,0.165,0,0,0
1.56,0.17,1.54,1.58,0.165,0.175,0,0,0
1.56,0.18,1.54,1.58,0.175,0.185,0,0,0
1.56,0.19,1.54,1.58,0.185,0.195,0,0,0
1.56,0.2,1.54,1.58,0.195,0.205,0,0,0
1.56,0.21,1.54,1.58,0.205,0.215,0,0,0
1.56,0.22,1.54,1.58,0.215,0.225,0,0,0
1.56,0.23,1.54,1.58,0.225,0.235,0,0,0
1.56,0.24,1.54,1.58,0.235,0.245,0,0,0
1.56,0.25,1.54,1.58,0.245,0.255,0,0,0
1.56,0.26,1.54,1.58,0.255,0.265,0,0,0
1.56,0.27,1.54,1.58,0.265,0.275,0,0,0
1.56,0.28,1.54,1.58,0.275,0.285,0,0,0
1.56,0.29,1.54,1.58,0.285,0.295,0,0,0
1.56,0.3,1.54,1.58,0.295,0.305,0,0,0
1.56,0.31,1.54,1.58,0.305,0.315,0,0,0
1.56,0.32,1.54,1.58,0.315,0.325,0,0,0
1.56,0.33,1.54,1.58,0.325,0.335,0,0,0
1.56,0.34,1.54,1.58,0.335,0.345,0,0,0
1.56,0.35,1.54,1.58,0.345,0.355,0,0,0
1.56,0.36,1.54,1.58,0.355,0.365,0,0,0
1.56,0.37,1.54,1.58,0.365,0.375,0,0,0
1.56,0.38,1.54,1.58,0.375,0.385,0,0,0
1.56,0.39,1.54,1.58,0.385,0.395,0,0,0
1.56,0.4,1.54,1.58,0.395,0.405,0,0,0
1.56,0.41,1.54,1.58,0.405,0.415,0,0,0
1.56,0.42,1.54,1.58,0.415,0.425,0,0,0
1.56,0.43,1.54,1.58,0.425,0.435,0,0,0
1.56,0.44,1.54,1.58,0.435,0.445,0,0,0
1.56,0.45,1.54,1.58,0.445,0.455,0,0,0
1.56,0.46,1.54,1.58,0.455,0.465,0,0,0
1.6,0.0,1.58,1.62,-0.005,0.005,0,0,0
1.6,0.01,1.58,1.62,0.005,0.015,0,0,0
1.6,0.02,1.58,1.62,0.015,0.025,0,0,0
1.6,0.03,1.58,1.62,0.025,0.035,0,0,0
1.6,0.04,1.58,1.62,0.035,0.045,0,0,0
1.6,0.05,1.58,1.62,0.045,0.055,0,0,0
1.6,0.06,1.58,1.62,0.055,0.065,0,0,0
1.6,0.07,1.58,1.62,0.065,0.075,0,0,0
1.6,0.08,1.58,1.62,0.075,0.085,0,0,0
1.6,0.09,1.58,1.62,0.085,0.095,0,0,0
1.6,0.1,1.58,1.62,0.095,0.105,0,0,0
1.6,0.11,1.58,1.62,0.105,0.115,0,0,0
1.6,0.12,1.58,1.62,0.115,0.125,0,0,0
1.6,0.13,1.58,1.62,0.125,0.135,0,0,0
1.6,0.14,1.58,1.62,0.135,0.145,0,0,0
1.6,0.15,1.58,1.62,0.145,0.155,0,0,0
1.6,0.16,1.58,1.62,0.155,0.165,0,0,0
1.6,0.17,1.58,1.62,0.165,0.175,0,0,0
1.6,0.18,1.58,1.62,0.175,0.185,0,0,0
1.6,0.19,1.58,1.62,0.185,0.195,0,0,0
1.6,0.2,1.58,1.62,0.195,0.205,0,0,0
1.6,0.21,1.58,1.62,0.205,0.215,0,0,0
1.6,0.22,1.58,1.62,0.215,0.225,0,0,0
1.6,0.23,1.58,1.62,0.225,0.235,0,0,0
1.6,0.24,1.58,1.62,0.235,0.245,0,0,0
1.6,0.25,1.58,1.62,0.245,0.255,0,0,0
1.6,0.26,1.58,1.62,0.255,0.265,0,0,0
1.6,0.27,1.58,1.62,0.265,0.275,0,0,0
1.6,0.28,1.58,1.62,0.275,0.285,0,0,0
1.6,0.29,1.58,1.62,0.285,0.295,0,0,0
1.6,0.3,1.58,1.62,0.295,0.305,0,0,0
1.6,0.31,1.58,1.62,0.305,0.315,0,0,0
1.6,0.32,1.58,1.62,0.315,0.325,0,0,0
1.6,0.33,1.58,1.62,0.325,0.335,0,0,0
1.6,0.34,1.58,1.62,0.335,0.345,0,0,0
1.6,0.35,1.58,1.62,0.345,0.355,0,0,0
1.6,0.36,1.58,1.62,0.355,0.365,0,0,0
1.6,0.37,1.58,1.62,0.365,0.375,0,0,0
1.6,0.38,1.58,1.62,0.375,0.385,0,0,0
1.6,0.39,1.58,1.62,0.385,0.395,0,0,0
1.6,0.4,1.58,1.62,0.395,0.405,0,0,0
1.6,0.41,1.58,1.62,0.405,0.415,0,0,0
1.6,0.42,1.58,1.62,0.415,0.425,0,0,0
1.6,0.43,1.58,1.62,0.425,0.435,0,0,0
1.6,0.44,1.58,1.62,0.435,0.445,0,0,0
1.6,0.45,1.58,1.62,0.445,0.455,0,0,0
1.6,0.46,1.58,1.62,0.455,0.465,0,0,0
1.64,0.0,1.62,1.66,-0.005,0.005,0,0,0
1.64,0.01,1.62,1.66,0.005,0.015,0,0,0
1.64,0.02,1.62,1.66,0.015,0.025,0,0,0
1.64,0.03,1.62,1.66,0.025,0.035,0,0,0
1.64,0.04,1.62,1.66,0.035,0.045,0,0,0
1.64,0.05,1.62,1.66,0.045,0.055,0,0,0
1.64,0.06,1.62,1.66,0.055,0.065,0,0,0
1.64,0.07,1.62,1.66,0.065,0.075,0,0,0
1.64,0.08,1.62,1.66,0.075,0.085,0,0,0
1.64,0.09,1.62,1.66,0.085,0.095,0,0,0
1.64,0.1,1.62,1.66,0.095,0.105,0,0,0
1.64,0.11,1.62,1.66,0.105,0.115,0,0,0
1.64,0.12,1.62,1.66,0.115,0.125,0,0,0
1.64,0.13,1.62,1.66,0.125,0.135,0,0,0
1.64,0.14,1.62,1.66,0.135,0.145,0,0,0
1.64,0.15,1.62,1.66,0.145,0.155,0,0,0
1.64,0.16,1.62,1.66,0.155,0.165,0,0,0
1.64,0.17,1.62,1.66,0.165,0.175,0,0,0
1.64,0.18,1.62,1.66,0.175,0.185,0,0,0
1.64,0.19,1.62,1.66,0.185,0.195,0,0,0
1.64,0.2,1.62,1.66,0.195,0.205,0,0,0
1.64,0.21,1.62,1.66,0.205,0.215,0,0,0
1.64,0.22,1.62,1.66,0.215,0.225,0,0,0
1.64,0.23,1.62,1.66,0.225,0.235,0,0,0
1.64,0.24,1.62,1.66,0.235,0.245,0,0,0
1.64,0.25,1.62,1.66,0.245,0.255,0,0,0
1.64,0.26,1.62,1.66,0.255,0.265,0,0,0
1.64,0.27,1.62,1.66,0.265,0.275,0,0,0
1.64,0.28,1.62,1.66,0.275,0.285,0,0,0
1.64,0.29,1.62,1.66,0.285,0.295,0,0,0
1.64,0.3,1.62,1.66,0.295,0.305,0,0,0
1.64,0.31,1.62,1.66,0.305,0.315,0,0,0
1.64,0.32,1.62,1.66,0.315,0.325,0,0,0
1.64,0.33,1.62,1.66,0.325,0.335,0,0,0
1.64,0.34,1.62,1.66,0.335,0.345,0,0,0
1.64,0.35,1.62,1.66,0.345,0.355,0,0,0
1.64,0.36,1.62,1.66,0.355,0.365,0,0,0
1.64,0.37,1.62,1.66,0.365,0.375,0,0,0
1.64,0.38,1.62,1.66,0.375,0.385,0,0,0
1.64,0.39,1.62,1.66,0.385,0.395,0,0,0
1.64,0.4,1.62,1.66,0.395,0.405,0,0,0
1.64,0.41,1.62,1.66,0.405,0.415,0,0,0
1.64,0.42,1.62,1.66,0.415,0.425,0,0,0
1.64,0.43,1.62,1.66,0.425,0.435,0,0,0
1.64,0.44,1.62,1.66,0.435,0.445,0,0,0
1.64,0.45,1.62,1.66,0.445,0.455,0,0,0
1.64,0.46,1.62,1.66,0.455,0.465,0,0,0
1.68,0.0,1.66,1.7,-0.005,0.005,0,0,0
1.68,0.01,1.66,1.7,0.005,0.015,0,0,0
1.68,0.02,1.66,1.7,0.015,0.025,0,0,0
1.68,0.03,1.66,1.7,0.025,0.035,0,0,0
1.68,0.04,1.66,1.7,0.035,0.045,0,0,0
1.68,0.05,1.66,1.7,0.045,0.055,0,0,0
1.68,0.06,1.66,1.7,0.055,0.065,0,0,0
1.68,0.07,1.66,1.7,0.065,0.075,0,0,0
1.68,0.08,1.66,1.7,0.075,0.085,0,0,0
1.68,0.09,1.66,1.7,0.085,0.095,0,0,0
1.68,0.1,1.66,1.7,0.095,0.105,0,0,0
1.68,0.11,1.66,1.7,0.105,0.115,0,0,0
1.68,0.12,1.66,1.7,0.115,0.125,0,0,0
1.68,0.13,1.66,1.7,0.125,0.135,0,0,0
1.68,0.14,1.66,1.7,0.135,0.145,0,0,0
1.68,0.15,1.66,1.7,0.145,0.155,0,0,0
1.68,0.16,1.66,1.7,0.155,0.165,0,0,0
1.68,0.17,1.66,1.7,0.165,0.175,0,0,0
1.68,0.18,1.66,1.7,0.175,0.185,0,0,0
1.68,0.19,1.66,1.7,0.185,0.195,0,0,0
1.68,0.2,1.66,1.7,0.195,0.205,0,0,0
1.68,0.21,1.66,1.7,0.205,0.215,0,0,0
1.68,0.22,1.66,1.7,0.215,0.225,0,0,0
1.68,0.23,1.66,1.7,0.225,0.235,0,0,0
1.68,0.24,1.66,1.7,0.235,0.245,0,0,0
1.68,0.25,1.66,1.7,0.245,0.255,0,0,0
1.68,0.26,1.66,1.7,0.255,0.265,0,0,0
1.68,0.27,1.66,1.7,0.265,0.275,0,0,0
1.68,0.28,1.66,1.7,0.275,0.285,0,0,0
1.68,0.29,1.66,1.7,0.285,0.295,0,0,0
1.68,0.3,1.66,1.7,0.295,0.305,0,0,0
1.68,0.31,1.66,1.7,0.305,0.315,0,0,0
1.68,0.32,1.66,1.7,0.315,0.325,0,0,0
1.68,0.33,1.66,1.7,0.325,0.335,0,0,0
1.68,0.34,1.66,1.7,0.335,0.345,0,0,0
1.68,0.35,1.66,1.7,0.345,0.355,0,0,0
1.68,0.36,1.66,1.7,0.355,0.365,0,0,0
1.68,0.37,1.66,1.7,0.365,0.375,0,0,0
1.68,0.38,1.66,1.7,0.375,0.385,0,0,0
1.68,0.39,1.66,1.7,0.385,0.395,0,0,0
1.68,0.4,1.66,1.7,0.395,0.405,0,0,0
1.68,0.41,1.66,1.7,0.405,0.415,0,0,0
1.68,0.42,1.66,1.7,0.415,0.425,0,0,0
1.68,0.43,1.66,1.7,0.425,0.435,0,0,0
1.68,0.44,1.66,1.7,0.435,0.445,0,0,0
1.68,0.45,1.66,1.7,0.445,0.455,0,0,0
1.68,0.46,1.66,1.7,0.455,0.465,0,0,0
1.72,0.0,1.7,1.74,-0.005,0.005,0,0,0
1.72,0.01,1.7,1.74,0.005,0.015,0,0,0
1.72,0.02,1.7,1.74,0.015,0.025,0,0,0
1.72,0.03,1.7,1.74,0.025,0.035,0,0,0
1.72,0.04,1.7,1.74,0.035,0.045,0,0,0
1.72,0.05,1.7,1.74,0.045,0.055,0,0,0
1.72,0.06,1.7,1.74,0.055,0.065,0,0,0
1.72,0.07,1.7,1.74,0.065,0.075,0,0,0
1.72,0.08,1.7,1.74,0.075,0.085,0,0,0
1.72,0.09,1.7,1.74,0.085,0.095,0,0,0
1.72,0.1,1.7,1.74,0.095,0.105,0,0,0
1.72,0.11,1.7,1.74,0.105,0.115,0,0,0
1.72,0.12,1.7,1.74,0.115,0.125,0,0,0
1.72,0.13,1.7,1.74,0.125,0.135,0,0,0
1.72,0.14,1.7,1.74,0.135,0.145,0,0,0
1.72,0.15,1.7,1.74,0.145,0.155,0,0,0
1.72,0.16,1.7,1.74,0.155,0.165,0,0,0
1.72,0.17,1.7,1.74,0.165,0.175,0,0,0
1.72,0.18,1.7,1.74,0.175,0.185,0,0,0
1.72,0.19,1.7,1.74,0.185,0.195,0,0,0
1.72,0.2,1.7,1.74,0.195,0.205,0,0,0
1.72,0.21,1.7,1.74,0.205,0.215,0,0,0
1.72,0.22,1.7,1.74,0.215,0.225,0,0,0
1.72,0.23,1.7,1.74,0.225,0.235,0,0,0
1.72,0.24,1.7,1.74,0.235,0.245,0,0,0
1.72,0.25,1.7,1.74,0.245,0.255,0,0,0
1.72,0.26,1.7,1.74,0.255,0.265,0,0,0
1.72,0.27,1.7,1.74,0.265,0.275,0,0,0
1.72,0.28,1.7,1.74,0.275,0.285,0,0,0
1.72,0.29,1.7,1.74,0.285,0.295,0,0,0
1.72,0.3,1.7,1.74,0.295,0.305,0,0,0
1.72,0.31,1.7,1.74,0.305,0.315,0,0,0
1.72,0.32,1.7,1.74,0.315,0.325,0,0,0
1.72,0.33,1.7,1.74,0.325,0.335,0,0,0
1.72,0.34,1.7,1.74,0.335,0.345,0,0,0
1.72,0.35,1.7,1.74,0.345,0.355,0,0,0
1.72,0.36,1.7,1.74,0.355,0.365,0,0,0
1.72,0.37,1.7,1.74,0.365,0.375,0,0,0
1.72,0.38,1.7,1.74,0.375,0.385,0,0,0
1.72,0.39,1.7,1.74,0.385,0.395,0,0,0
1.72,0.4,1.7,1.74,0.395,0.405,0,0,0
1.72,0.41,1.7,1.74,0.405,0.415,0,0,0
1.72,0.42,1.7,1.74,0.415,0.425,0,0,0
1.72,0.43,1.7,1.74,0.425,0.435,0,0,0
1.72,0.44,1.7,1.74,0.435,0.445,0,0,0
1.72,0.45,1.7,1.74,0.445,0.455,0,0,0
1.72,0.46,1.7,1.74,0.455,0.465,0,0,0
1.76,0.0,1.74,1.78,-0.005,0.005,0,0,0
1.76,0.01,1.74,1.78,0.005,0.015,0,0,0
1.76,0.02,1.74,1.78,0.015,0.025,0,0,0
1.76,0.03,1.74,1.78,0.025,0.035,0,0,0
1.76,0.04,1.74,1.78,0.035,0.045,0,0,0
1.76,0.05,1.74,1.78,0.045,0.055,0,0,0
1.76,0.06,1.74,1.78,0.055,0.065,0,0,0
1.76,0.07,1.74,1.78,0.065,0.075,0,0,0
1.76,0.08,1.74,1.78,0.075,0.085,0,0,0
1.76,0.09,1.74,1.78,0.085,0.095,0,0,0
1.76,0.1,1.74,1.78,0.095,0.105,0,0,0
1.76,0.11,1.74,1.78,0.105,0.115,0,0,0
1.76,0.12,1.74,1.78,0.115,0.125,0,0,0
1.76,0.13,1.74,1.78,0.125,0.135,0,0,0
1.76,0.14,1.74,1.78,0.135,0.145,0,0,0
1.76,0.15,1.74,1.78,0.145,0.155,0,0,0
1.76,0.16,1.74,1.78,0.155,0.165,0,0,0
1.76,0.17,1.74,1.78,0.165,0.175,0,0,0
1.76,0.18,1.74,1.78,0.175,0.185,0,0,0
1.76,0.19,1.74,1.78,0.185,0.195,0,0,0
1.76,0.2,1.74,1.78,0.195,0.205,0,0,0
1.76,0.21,1.74,1.78,0.205,0.215,0,0,0
1.76,0.22,1.74,1.78,0.215,0.225,0,0,0
1.76,0.23,1.74,1.78,0.225,0.235,0,0,0
1.76,0.24,1.74,1.78,0.235,0.245,0,0,0
1.76,0.25,1.74,1.78,0.245,0.255,0,0,0
1.76,0.26,1.74,1.78,0.255,0.265,0,0,0
1.76,0.27,1.74,1.78,0.265,0.275,0,0,0
1.76,0.28,1.74,1.78,0.275,0.285,0,0,0
1.76,0.29,1.74,1.78,0.285,0.295,0,0,0
1.76,0.3,1.74,1.78,0.295,0.305,0,0,0
1.76,0.31,1.74,1.78,0.305,0.315,0,0,0
1.76,0.32,1.74,1.78,0.315,0.325,0,0,0
1.76,0.33,1.74,1.78,0.325,0.335,0,0,0
1.76,0.34,1.74,1.78,0.335,0.345,0,0,0
1.76,0.35,1.74,1.78,0.345,0.355,0,0,0
1.76,0.36,1.74,1.78,0.355,0.365,0,0,0
1.76,0.37,1.74,1.78,0.365,0.375,0,0,0
1.76,0.38,1.74,1.78,0.375,0.385,0,0,0
1.76,0.39,1.74,1.78,0.385,0.395,0,0,0
1.76,0.4,1.74,1.78,0.395,0.405,0,0,0
1.76,0.41,1.74,1.78,0.405,0.415,0,0,0
1.76,0.42,1.74,1.78,0.415,0.425,0,0,0
1.76,0.43,1.74,1.78,0.425,0.435,0,0,0
1.76,0.44,1.74,1.78,0.435,0.445,0,0,0
1.76,0.45,1.74,1.78,0.445,0.455,0,0,0
1.76,0.46,1.74,1.78,0.455,0.465,0,0,0
1.8,0.0,1.78,1.82,-0.005,0.005,0,0,0
1.8,0.01,1.78,1.82,0.005,0.015,0,0,0
1.8,0.02,1.78,1.82,0.015,0.025,0,0,0
1.8,0.03,1.78,1.82,0.025,0.035,0,0,0
1.8,0.04,1.78,1.82,0.035,0.045,0,0,0
1.8,0.05,1.78,1.82,0.045,0.055,0,0,0
1.8,0.06,1.78,1.82,0.055,0.065,0,0,0
1.8,0.07,1.78,1.82,0.065,0.075,0,0,0
1.8,0.08,1.78,1.82,0.075,0.085,0,0,0
1.8,0.09,1.78,1.82,0.085,0.095,0,0,0
1.8,0.1,1.78,1.82,0.095,0.105,0,0,0
1.8,0.11,1.78,1.82,0.105,0.115,0,0,0
1.8,0.12,1.78,1.82,0.115,0.125,0,0,0
1.8,0.13,1.78,1.82,0.125,0.135,0,0,0
1.8,0.14,1.78,1.82,0.135,0.145,0,0,0
1.8,0.15,1.78,1.82,0.145,0.155,0,0,0
1.8,0.16,1.78,1.82,0.155,0.165,0,0,0
1.8,0.17,1.78,1.82,0.165,0.175,0,0,0
1.8,0.18,1.78,1.82,0.175,0.185,0,0,0
1.8,0.19,1.78,1.82,0.185,0.195,0,0,0
1.8,0.2,1.78,1.82,0.195,0.205,0,0,0
1.8,0.21,1.78,1.82,0.205,0.215,0,0,0
1.8,0.22,1.78,1.82,0.215,0.225,0,0,0
1.8,0.23,1.78,1.82,0.225,0.235,0,0,0
1.8,0.24,1.78,1.82,0.235,0.245,0,0,0
1.8,0.25,1.78,1.82,0.245,0.255,0,0,0
1.8,0.26,1.78,1.82,0.255,0.265,0,0,0
1.8,0.27,1.78,1.82,0.265,0.275,0,0,0
1.8,0.28,1.78,1.82,0.275,0.285,0,0,0
1.8,0.29,1.78,1.82,0.285,0.295,0,0,0
1.8,0.3,1.78,1.82,0.295,0.305,0,0,0
1.8,0.31,1.78,1.82,0.305,0.315,0,0,0
1.8,0.32,1.78,1.82,0.315,0.325,0,0,0
1.8,0.33,1.78,1.82,0.325,0.335,0,0,0
1.8,0.34,1.78,1.82,0.335,0.345,0,0,0
1.8,0.35,1.78,1.82,0.345,0.355,0,0,0
1.8,0.36,1.78,1.82,0.355,0.365,0,0,0
1.8,0.37,1.78,1.82,0.365,0.375,0,0,0
1.8,0.38,1.78,1.82,0.375,0.385,0,0,0
1.8,0.39,1.78,1.82,0.385,0.395,0,0,0
1.8,0.4,1.78,1.82,0.395,0.405,0,0,0
1.8,0.41,1.78,1.82,0.405,0.415,0,0,0
1.8,0.42,1.78,1.82,0.415,0.425,0,0,0
1.8,0.43,1.78,1.82,0.425,0.435,0,0,0
1.8,0.44,1.78,1.82,0.435,0.445,0,0,0
1.8,0.45,1.78,1.82,0.445,0.455,0,0,0
1.8,0.46,1.78,1.82,0.455,0.465,0,0,0
