bin_low,bin_high,relative_price,relative_productivity,relative_sales_per_worker
0.0,0.05,0.387915,0.188964,0.576879
0.05,0.1,0.290097,0.159959,0.450056
0.1,0.15,0.213952,0.128349,0.3423
0.15,0.2,0.153346,0.096442,0.249788
0.2,0.25,0.105696,0.066651,0.172347
0.25,0.3,0.070316,0.04065,0.110967
0.3,0.35,0.046416,0.018789,0.065205
0.35,0.4,0.03176,-3e-05,0.03173
0.4,0.45,0.022653,-0.017964,0.004689
0.45,0.5,0.015158,-0.037483,-0.022325
0.5,0.55,0.006704,-0.060502,-0.053798
0.55,0.6,-0.002933,-0.087711,-0.090644
0.6,0.65,-0.011931,-0.11834,-0.130272
0.65,0.7,-0.017859,-0.150423,-0.168282
0.7,0.75,-0.019397,-0.181484,-0.200881
0.75,0.8,-0.017323,-0.209407,-0.22673
0.8,0.85,-0.014183,-0.23317,-0.247354
0.85,0.9,-0.01285,-0.253206,-0.266056
0.9,0.95,-0.014859,-0.271249,-0.286108
0.95,1.0,-0.01954,-0.289729,-0.309269
