panel,group,rx,ry
all_fields,other,-0.543567,0.686638
all_fields,other,-0.877207,-0.560921
all_fields,other,1.657125,0.200216
all_fields,other,-0.980129,-1.115191
all_fields,other,-0.75811,-0.013603
all_fields,other,1.400192,-0.444126
all_fields,other,-0.748949,-0.175054
all_fields,other,-1.551008,-0.538638
all_fields,other,0.615618,-0.150485
all_fields,other,-0.018918,0.079835
all_fields,other,-0.050395,-0.160302
all_fields,other,-0.468498,-0.610627
all_fields,other,-1.178584,-0.138889
all_fields,other,-2.320374,-0.612656
all_fields,other,1.359934,-0.674054
all_fields,other,-0.66902,-0.823841
all_fields,other,0.124842,0.184633
all_fields,other,0.494399,-0.301551
all_fields,other,-0.604145,-2.2437
all_fields,other,-1.920043,0.320381
all_fields,other,-2.642154,-0.607858
all_fields,other,2.008468,0.57564
all_fields,other,-0.327547,-0.10682
all_fields,other,-1.446113,-0.054113
all_fields,other,0.09285,-0.453925
all_fields,other,-1.148702,-0.434402
all_fields,other,-0.477305,-1.151743
all_fields,other,-0.210274,0.625872
all_fields,other,-0.445815,-0.02317
all_fields,other,-0.422581,-1.02313
all_fields,other,0.623131,0.194469
all_fields,other,0.675368,-0.630913
all_fields,other,1.188954,0.026428
all_fields,other,-1.439729,-0.327841
all_fields,other,-1.305768,0.199719
all_fields,other,-0.062703,-0.641267
all_fields,other,0.306809,-0.104649
all_fields,other,0.609778,0.208561
all_fields,other,-0.247058,0.236184
all_fields,other,0.397542,0.352982
all_fields,other,-1.072051,0.039957
all_fields,other,-1.540174,-0.32476
all_fields,other,-1.486137,-0.077914
all_fields,other,-1.02245,-0.493046
all_fields,other,-1.289416,-0.101142
all_fields,other,-0.558769,-1.15183
all_fields,other,-0.280077,0.286666
all_fields,other,0.421215,0.387637
all_fields,other,0.954738,0.70972
all_fields,other,-0.475803,-0.030092
all_fields,other,1.470602,-0.070955
all_fields,other,-1.545191,-0.27884
all_fields,other,-0.134536,1.065881
all_fields,other,0.541422,0.320236
all_fields,other,-1.619375,-1.239997
all_fields,other,0.482712,0.117436
all_fields,other,1.319083,-0.215695
all_fields,other,1.838285,-0.007556
all_fields,other,-0.810697,-0.473642
all_fields,other,0.18637,0.89969
all_fields,other,0.775718,0.026711
all_fields,other,2.073824,0.446652
all_fields,other,-1.873069,-0.123776
all_fields,other,0.419021,0.427426
all_fields,other,-1.321296,-0.1659
all_fields,other,-0.83036,0.826508
all_fields,other,-0.080258,0.602495
all_fields,other,0.460224,0.191167
all_fields,other,3.381511,0.333352
all_fields,other,-0.183134,0.549682
all_fields,other,1.523174,1.034063
all_fields,other,-0.867265,0.589374
all_fields,other,-0.478099,-0.122585
all_fields,other,0.87961,-0.066403
all_fields,other,-0.661131,-0.978016
all_fields,other,1.247939,0.439631
all_fields,other,-0.692451,-0.502059
all_fields,other,1.200436,0.973369
all_fields,other,0.154515,-0.042144
all_fields,other,1.032918,-0.517404
all_fields,other,2.202499,1.617485
all_fields,other,-1.720687,-1.123694
all_fields,other,1.250166,-0.529986
all_fields,other,0.25221,-0.489883
all_fields,other,0.757304,0.662996
all_fields,other,-0.371324,0.463653
all_fields,other,1.126405,0.263951
all_fields,other,-0.417936,0.33221
all_fields,other,1.465525,0.253455
all_fields,other,1.309907,0.748267
all_fields,other,-0.356358,-0.190802
all_fields,other,0.648142,0.543355
all_fields,other,1.689941,0.16727
all_fields,other,-0.058677,0.253184
all_fields,other,-0.167512,-0.709759
all_fields,other,0.702339,0.282556
all_fields,other,2.187316,0.499115
all_fields,other,2.804456,-0.146698
all_fields,other,-2.90902,-1.113658
all_fields,other,0.731794,0.372481
all_fields,other,-1.221392,0.374669
all_fields,other,-3.165474,-0.812973
all_fields,other,-0.175222,0.833438
all_fields,other,-0.112858,-0.427518
all_fields,other,-0.29261,-0.429739
all_fields,other,-0.211487,-0.895741
all_fields,other,-0.380749,-0.108876
all_fields,other,-0.389186,-0.095908
all_fields,other,0.923527,-0.374146
all_fields,other,0.677201,0.381197
all_fields,other,0.20793,-0.470112
all_fields,other,-0.961274,0.19312
all_fields,other,-0.190527,-0.310776
all_fields,other,-0.175077,0.09807
all_fields,other,-0.077717,-0.631066
all_fields,other,-0.552186,0.69851
all_fields,other,0.332532,0.36148
all_fields,other,-2.141724,-1.609281
all_fields,other,-1.971655,-0.543704
all_fields,other,1.947435,0.801914
all_fields,other,-1.348568,0.89866
all_fields,other,-2.355739,-0.496847
all_fields,other,1.110961,0.72757
all_fields,other,-1.758671,-0.549723
all_fields,other,-1.194411,0.419571
all_fields,other,-0.112799,-0.938803
all_fields,other,2.139561,0.333522
all_fields,other,1.028434,0.222409
all_fields,other,-1.891286,-0.619069
all_fields,other,-3.269403,-0.374308
all_fields,other,0.588164,-0.611087
all_fields,other,1.873356,0.815272
all_fields,other,-0.270778,-0.179916
all_fields,other,-1.501192,-0.787147
all_fields,other,-0.824578,-0.637175
all_fields,other,1.954205,-0.202691
all_fields,other,-1.626813,-0.635774
all_fields,other,-2.455642,-0.396302
all_fields,other,-0.427131,0.629073
all_fields,other,-0.580804,-0.558071
all_fields,other,-0.513392,-0.651521
all_fields,other,-0.037726,-0.162387
all_fields,other,2.117926,-0.357249
all_fields,other,-0.298763,0.22559
all_fields,other,1.791536,-0.130965
all_fields,other,0.797434,-0.954694
all_fields,other,-0.403786,-0.14084
all_fields,other,-1.194608,0.023839
all_fields,other,-1.576249,-0.144538
all_fields,other,0.733448,0.619633
all_fields,other,0.396633,0.129911
all_fields,other,2.676982,0.752235
all_fields,other,0.161934,0.10716
all_fields,other,-1.581312,-0.178656
all_fields,other,-0.71046,0.006227
all_fields,other,-1.781637,-0.170993
all_fields,other,0.323158,-1.280404
all_fields,other,0.10013,-0.590763
all_fields,other,0.789561,-0.777836
all_fields,other,0.629339,0.296411
all_fields,other,2.410664,0.593315
all_fields,other,0.057946,0.036522
all_fields,other,2.115152,-0.212669
all_fields,other,0.178134,0.637013
all_fields,other,0.473021,-0.748688
all_fields,other,0.420734,0.222791
all_fields,other,1.072775,0.426887
all_fields,other,0.461747,0.357357
all_fields,other,-0.313704,0.326087
all_fields,other,-1.191151,0.199556
all_fields,other,0.345034,-0.109428
all_fields,other,1.241882,-0.311253
all_fields,other,1.123714,-0.1297
all_fields,other,0.353002,-0.008548
all_fields,other,1.424611,-0.559131
all_fields,other,0.056286,-0.818891
all_fields,other,0.59686,0.08998
all_fields,other,0.720861,-0.133696
all_fields,other,-1.579639,-0.322583
all_fields,other,0.50991,0.034911
all_fields,other,-0.495884,0.320853
all_fields,other,-0.978269,-0.164569
all_fields,other,0.291453,-0.204546
all_fields,other,-0.869579,-0.689197
all_fields,other,-0.603508,-0.013722
all_fields,other,-0.59306,-0.308197
all_fields,other,0.703576,-0.326829
all_fields,other,0.792668,0.181379
all_fields,other,-0.042151,-0.346563
all_fields,other,1.953501,0.436462
all_fields,other,0.168622,-0.201998
all_fields,other,0.285318,0.345831
all_fields,other,-1.132635,-0.72792
all_fields,other,-1.796423,-0.554661
all_fields,other,0.603926,0.594357
all_fields,other,0.065239,-0.034953
all_fields,other,-0.78234,1.011217
all_fields,other,-0.193251,-1.044797
all_fields,other,0.137456,0.100774
all_fields,other,-0.060533,-0.943778
all_fields,other,0.854855,-0.342229
all_fields,other,-0.815792,-0.187278
all_fields,other,0.286606,0.697525
all_fields,other,0.618152,0.724502
all_fields,other,0.16796,-0.919119
all_fields,other,-1.245617,-0.454225
all_fields,other,0.278658,0.003175
all_fields,other,2.045606,0.669027
all_fields,other,0.57763,0.66403
all_fields,other,0.190774,-0.396673
all_fields,other,2.089309,-0.046665
all_fields,other,-0.383217,-1.043234
all_fields,other,-1.727077,-0.180736
all_fields,other,-0.049661,0.423734
all_fields,other,-1.029235,-0.933843
all_fields,other,0.270354,-0.151704
all_fields,other,-0.715634,-0.325648
all_fields,other,-0.893448,-0.109066
all_fields,other,1.865196,0.680828
all_fields,other,1.30517,-0.331885
all_fields,other,1.009699,0.239826
all_fields,other,0.289904,0.170996
all_fields,other,-0.168916,0.000384
all_fields,other,0.854247,-0.238954
all_fields,other,-0.50644,0.682655
all_fields,other,0.279459,0.658552
all_fields,other,1.625631,0.023211
all_fields,other,-0.16325,-0.372538
all_fields,other,0.335322,0.117613
all_fields,other,0.34585,0.65487
all_fields,other,-1.374471,-0.18596
all_fields,other,1.509187,0.432869
all_fields,other,0.551618,0.192846
all_fields,other,0.01718,-0.1904
all_fields,other,2.834075,1.438702
all_fields,other,1.603788,1.75889
all_fields,other,0.727781,-0.27288
all_fields,other,-0.909407,-0.197002
all_fields,other,0.657936,-0.053372
all_fields,other,-1.516909,-0.580041
all_fields,other,1.818913,0.322757
all_fields,other,-1.766874,0.52469
all_fields,other,1.49795,-0.111269
all_fields,other,-0.475851,-0.246118
all_fields,other,-2.254711,-0.924868
all_fields,other,-0.386466,-0.082058
all_fields,other,-1.151506,0.317776
all_fields,other,-0.868084,-0.513933
all_fields,other,-0.957197,0.548719
all_fields,other,-0.854622,0.630162
all_fields,other,1.091463,0.777752
all_fields,other,-0.079952,0.315664
all_fields,other,-0.723178,0.47395
all_fields,other,-2.520985,0.373472
all_fields,other,-0.026058,-0.181682
all_fields,medicine,-0.159639,0.619185
all_fields,medicine,-0.015481,-0.183818
all_fields,medicine,-0.560346,0.232361
all_fields,medicine,0.37855,0.346914
all_fields,medicine,-0.618383,-0.087279
all_fields,medicine,-0.277492,0.257647
all_fields,medicine,-0.203506,-0.133875
all_fields,medicine,0.095212,0.034787
all_fields,medicine,-0.074035,0.192865
all_fields,medicine,0.735542,-0.129794
all_fields,medicine,0.125832,-0.423677
all_fields,medicine,0.433092,0.218256
all_fields,medicine,0.739208,-0.311483
all_fields,medicine,-0.398244,0.193698
all_fields,medicine,-0.198072,0.276882
all_fields,medicine,0.794571,0.140562
all_fields,medicine,-0.017699,0.337532
all_fields,medicine,-0.394213,-0.162566
all_fields,medicine,0.26613,-0.17472
all_fields,medicine,-0.281038,-1.068498
all_fields,medicine,0.237403,-0.262281
all_fields,medicine,-0.914186,-1.047458
all_fields,medicine,0.066507,-0.068727
all_fields,medicine,-0.236452,0.392555
all_fields,medicine,0.024947,-0.062341
all_fields,medicine,-0.215065,-0.10459
all_fields,medicine,0.422056,0.182813
all_fields,medicine,-0.551357,-0.071563
all_fields,medicine,0.286409,-0.128506
all_fields,medicine,-0.185343,-0.197484
all_fields,medicine,-0.53328,-0.557673
all_fields,medicine,0.351722,1.021259
all_fields,medicine,0.295874,-0.131882
all_fields,medicine,0.012129,-0.466837
all_fields,medicine,-0.10253,0.026328
all_fields,medicine,-0.030728,-0.058235
all_fields,medicine,-0.28502,0.168826
all_fields,medicine,0.404871,-0.110478
all_fields,medicine,0.385881,0.463176
all_fields,medicine,-0.262784,-0.272992
all_fields,medicine,0.472551,0.497531
all_fields,medicine,0.511577,-0.588406
all_fields,medicine,0.014904,-0.451898
all_fields,medicine,0.00421,-0.181686
all_fields,medicine,0.374774,0.123661
all_fields,medicine,0.875725,0.221379
all_fields,medicine,0.032611,-0.220974
all_fields,medicine,0.137492,-0.219891
all_fields,medicine,0.138711,-0.667665
all_fields,medicine,-0.17132,0.347851
all_fields,medicine,-0.085944,0.221321
all_fields,medicine,-0.021533,-0.156233
all_fields,medicine,-0.230481,0.365073
all_fields,medicine,-0.686036,0.264023
all_fields,medicine,0.347279,0.190603
all_fields,medicine,1.069599,0.683795
all_fields,medicine,-0.269213,0.119008
all_fields,medicine,0.209214,-0.177898
all_fields,medicine,-0.423837,-0.375882
all_fields,medicine,0.548005,0.251597
all_fields,medicine,0.584376,0.030822
all_fields,medicine,0.072015,-0.026889
all_fields,medicine,-0.11561,0.188433
all_fields,medicine,0.404855,0.222385
all_fields,medicine,0.088679,-0.29022
all_fields,medicine,-0.111249,0.407212
all_fields,medicine,-0.565131,-0.051917
all_fields,medicine,-0.591251,0.034696
all_fields,medicine,-0.872687,-0.054513
all_fields,medicine,0.686053,-0.14236
all_fields,medicine,0.100471,0.067702
all_fields,medicine,0.180677,-0.212827
all_fields,medicine,0.648765,0.335211
all_fields,medicine,0.438973,0.401803
all_fields,medicine,0.234316,-0.279169
all_fields,medicine,0.572283,-0.12102
all_fields,medicine,-0.580133,-0.144451
all_fields,medicine,0.042283,-0.390103
all_fields,medicine,0.249994,0.131633
all_fields,medicine,0.231549,0.025358
all_fields,medicine,0.066843,-0.291868
all_fields,medicine,0.047582,0.705584
all_fields,medicine,0.373148,0.559086
all_fields,medicine,-0.09587,0.096397
all_fields,medicine,0.487168,-0.247697
all_fields,medicine,-0.027636,-0.539967
all_fields,medicine,0.32874,0.081505
all_fields,medicine,-0.363862,-0.259343
all_fields,medicine,-0.132656,-0.413888
all_fields,medicine,-0.021076,0.567748
all_fields,medicine,-0.619019,-0.470879
all_fields,medicine,-0.045739,0.415534
all_fields,medicine,0.051927,-0.642688
all_fields,medicine,-0.38773,-0.064189
all_fields,medicine,0.021061,0.6805
all_fields,medicine,-0.38305,-0.774616
all_fields,medicine,0.164636,0.121937
all_fields,medicine,-0.002401,0.317148
all_fields,medicine,0.237838,0.396216
all_fields,medicine,-0.394871,0.423112
all_fields,medicine,-0.046576,0.23806
all_fields,medicine,0.434263,-0.596557
all_fields,medicine,0.432869,0.004058
all_fields,medicine,0.088552,0.696423
all_fields,medicine,-0.354808,0.014722
all_fields,medicine,0.047126,0.009892
all_fields,medicine,0.334259,0.703076
all_fields,medicine,0.279338,0.556816
all_fields,medicine,0.075696,-0.321763
all_fields,medicine,-0.148882,-0.601553
all_fields,medicine,-0.156454,0.085306
all_fields,medicine,0.618607,-0.436475
all_fields,medicine,0.286875,-0.146889
all_fields,medicine,0.071984,-0.488985
all_fields,medicine,0.029591,0.573031
all_fields,medicine,-0.520601,0.256334
all_fields,medicine,-0.200833,0.252463
all_fields,medicine,0.067927,-0.400344
all_fields,medicine,0.0627,-0.305162
all_fields,medicine,-0.529352,0.213779
all_fields,medicine,-0.534679,0.115397
all_fields,medicine,-0.369706,0.184997
all_fields,medicine,0.142226,-0.482021
all_fields,medicine,0.033495,0.005127
all_fields,medicine,-0.093482,-0.488879
all_fields,medicine,0.342604,-0.411818
all_fields,medicine,-0.042844,-0.376797
all_fields,medicine,0.130327,0.475831
all_fields,medicine,0.351889,-0.266802
all_fields,medicine,-0.857531,-0.083341
all_fields,medicine,0.079992,0.333989
all_fields,medicine,0.048748,-0.0727
all_fields,medicine,-0.304499,-0.166839
all_fields,medicine,0.287066,-0.541483
all_fields,medicine,0.476471,0.239106
all_fields,medicine,-0.124854,0.278883
all_fields,medicine,0.786544,0.086417
all_fields,medicine,-0.062482,-0.028059
all_fields,medicine,-0.128179,0.020179
all_fields,medicine,0.327961,0.653972
all_fields,medicine,-0.209468,0.263603
all_fields,medicine,0.319515,0.252651
all_fields,medicine,-0.463805,0.011205
all_fields,medicine,0.680938,-0.053161
all_fields,medicine,-0.034439,0.531138
all_fields,medicine,0.039156,-0.289616
all_fields,medicine,0.015244,0.101189
all_fields,medicine,0.179777,0.046858
all_fields,medicine,-0.526342,0.169194
all_fields,medicine,-0.606853,-0.253171
all_fields,medicine,-0.255655,-0.078589
all_fields,medicine,-0.283853,0.092461
all_fields,medicine,-0.398342,-0.139513
all_fields,medicine,-0.021327,0.510669
all_fields,medicine,-0.746729,-0.142152
all_fields,medicine,0.497849,0.482193
all_fields,medicine,-0.105902,0.439679
all_fields,medicine,0.13727,0.439617
all_fields,medicine,-0.032497,-0.654098
all_fields,medicine,0.343662,0.098695
all_fields,medicine,0.54625,0.242358
all_fields,medicine,0.068008,0.764297
all_fields,medicine,-0.358751,0.757818
all_fields,medicine,0.13592,0.804044
all_fields,medicine,0.168501,0.241329
all_fields,medicine,-0.609192,-0.549478
all_fields,medicine,0.491149,0.478504
all_fields,medicine,-0.629713,-0.209495
all_fields,medicine,-0.095415,-0.320199
all_fields,medicine,0.063643,0.493035
all_fields,medicine,-0.010941,0.63522
all_fields,medicine,-0.276901,-0.262708
all_fields,medicine,0.306694,0.10881
all_fields,medicine,0.12698,-0.054782
all_fields,medicine,0.278988,-0.854024
all_fields,medicine,0.258842,0.131582
all_fields,medicine,0.192795,-0.558412
all_fields,medicine,0.271098,0.03817
all_fields,medicine,-0.143878,0.169411
all_fields,medicine,-0.618911,0.460591
all_fields,medicine,0.036177,0.109151
all_fields,medicine,-0.144874,-0.040208
all_fields,medicine,0.53044,0.144524
all_fields,medicine,-0.054212,0.346534
all_fields,medicine,-0.242794,-1.343595
computer_science,other,0.107183,-0.192977
computer_science,other,0.091966,-0.203921
computer_science,other,-0.23712,-0.523597
computer_science,other,0.189613,0.320957
computer_science,other,0.170115,-0.149485
computer_science,other,-0.381513,-0.498255
computer_science,other,-0.041812,0.026046
computer_science,other,-0.06997,-0.020658
computer_science,other,-0.05915,0.538041
computer_science,other,-0.482285,-0.831632
computer_science,other,-0.128391,-0.299343
computer_science,other,0.010415,0.081985
computer_science,other,-0.164449,-0.222755
computer_science,other,-0.011498,-0.324049
computer_science,other,-0.023978,0.199006
computer_science,other,-0.120314,-0.049369
computer_science,other,-0.323187,-0.38231
computer_science,other,0.026527,0.037942
computer_science,other,0.158825,-0.047458
computer_science,other,0.230692,-0.139305
computer_science,other,0.220248,0.250534
computer_science,other,-0.271363,-0.15355
computer_science,other,0.091745,0.143484
computer_science,other,-0.331231,-0.713859
computer_science,other,-0.036402,-0.236314
computer_science,other,0.262411,0.328495
computer_science,other,-0.219184,0.009674
computer_science,other,-0.214189,-0.274442
computer_science,other,-0.229047,-0.30466
computer_science,other,-0.277938,-0.186408
computer_science,other,0.157918,0.470164
computer_science,other,-0.536847,-0.161604
computer_science,other,-0.06531,0.335592
computer_science,other,0.204939,0.554952
computer_science,other,-0.160494,-0.254857
computer_science,other,0.337187,0.100703
computer_science,other,0.345872,0.281013
computer_science,other,-0.097608,0.135933
computer_science,other,0.205689,0.04015
computer_science,other,0.366315,0.479996
computer_science,other,0.411569,-0.122011
computer_science,other,-0.009877,-0.111623
computer_science,other,-0.005812,0.308587
computer_science,other,0.097282,0.358454
computer_science,other,-0.0861,-0.079456
computer_science,other,-0.096529,0.229073
computer_science,other,-0.098597,-0.147381
computer_science,other,0.03785,-0.033715
computer_science,other,0.421111,0.422444
computer_science,other,0.041514,-0.108389
computer_science,other,-0.192259,-0.479053
computer_science,other,0.247702,0.13003
computer_science,other,-0.046472,0.291062
computer_science,other,0.174266,0.236315
computer_science,other,-0.140879,0.032769
computer_science,other,0.097065,0.099142
computer_science,other,-0.077473,-0.007401
computer_science,other,0.028721,0.273305
computer_science,other,-0.264839,0.19724
computer_science,other,0.151318,-0.443816
computer_science,other,0.255108,0.265356
computer_science,other,-0.096328,0.04936
computer_science,other,-0.099338,0.373245
computer_science,other,0.302842,-0.017181
computer_science,other,-0.683654,-0.323985
computer_science,other,0.522968,0.043561
computer_science,other,0.158399,0.098543
computer_science,other,0.065885,-0.314989
computer_science,other,-0.060522,-0.011128
computer_science,other,0.24787,0.232709
computer_science,other,0.009845,-0.000227
computer_science,other,-0.04832,0.07997
computer_science,other,0.116613,0.052849
computer_science,other,-0.023989,-0.146153
computer_science,other,-0.034203,0.202386
computer_science,other,-0.203593,-0.49757
computer_science,other,-0.20328,-0.098359
computer_science,other,-0.443021,0.014524
computer_science,other,-0.189899,0.065627
computer_science,other,-0.129834,-0.323392
computer_science,other,0.015023,0.00158
computer_science,other,0.044812,-0.022604
computer_science,other,0.072294,0.232901
computer_science,other,-0.191348,-0.007921
computer_science,other,0.19308,-0.073555
computer_science,other,0.224918,0.234229
computer_science,other,0.12611,0.018651
computer_science,other,-0.387635,-0.109247
computer_science,other,0.074017,-0.182944
computer_science,other,-0.55985,-0.047946
computer_science,other,-0.133246,-0.140644
computer_science,other,0.060278,-0.097219
computer_science,other,-0.054877,0.115696
computer_science,other,-0.060266,-0.116136
computer_science,other,-0.213295,-0.16691
computer_science,other,-0.015134,-0.059874
computer_science,other,0.135281,-0.049245
computer_science,other,0.055553,0.024486
computer_science,other,0.024751,-0.405428
computer_science,other,-0.089122,-0.087164
computer_science,other,-0.186783,0.003697
computer_science,other,0.081269,-0.114597
computer_science,other,-0.105048,-0.106558
computer_science,other,0.035663,-0.011167
computer_science,other,-0.308407,-0.036707
computer_science,other,-0.005888,-0.100885
computer_science,other,-0.196853,-0.305599
computer_science,other,0.259666,0.139863
computer_science,other,-0.018338,0.244274
computer_science,other,0.015864,0.147639
computer_science,other,0.006035,-0.017762
computer_science,other,-0.000735,0.126488
computer_science,other,0.242232,0.375943
computer_science,other,0.170067,0.119508
computer_science,other,-0.060469,0.179138
computer_science,other,-0.479884,-0.067584
computer_science,other,0.411448,0.464137
computer_science,other,0.147736,-0.243728
computer_science,other,0.129248,-0.028811
computer_science,other,0.343933,0.170846
computer_science,other,-0.054016,-0.256436
computer_science,other,-0.544038,-0.201668
computer_science,other,-0.186859,0.024679
computer_science,other,-0.202986,-0.278137
computer_science,other,0.105937,0.041441
computer_science,other,0.124692,0.337737
computer_science,other,-0.238655,-0.093574
computer_science,other,0.172761,-0.013495
computer_science,other,0.047278,0.245201
computer_science,other,0.238957,0.501378
computer_science,other,-0.076583,0.064502
computer_science,other,-0.125791,-0.032783
computer_science,other,0.092476,-0.369938
computer_science,other,0.008812,0.317168
computer_science,other,-0.216388,-0.083348
computer_science,other,-0.357485,-0.102167
computer_science,other,-0.066684,0.112226
computer_science,other,0.202103,0.176896
computer_science,other,0.090815,-0.215095
computer_science,other,0.094349,0.002766
computer_science,other,-0.139745,-0.104701
computer_science,other,0.096586,-0.170614
computer_science,other,-0.226274,0.459649
computer_science,other,0.340363,0.437748
computer_science,other,-0.349923,0.014429
computer_science,other,-0.141044,0.167748
computer_science,other,0.042028,0.184359
computer_science,other,0.271783,-0.194569
computer_science,other,-0.286433,0.069574
computer_science,other,0.047966,-0.067412
computer_science,other,-0.622054,-0.611633
computer_science,other,0.034267,-0.184101
computer_science,other,-0.105998,-0.106761
computer_science,other,0.027296,0.133386
computer_science,other,0.160249,-0.162673
computer_science,other,-0.193265,-0.310195
computer_science,other,-0.012322,-0.221898
computer_science,other,-0.351978,-0.089219
computer_science,other,-0.257286,-0.037822
computer_science,other,0.094678,0.264993
computer_science,ai_early,-0.308169,-0.033689
computer_science,ai_early,0.124718,0.212315
computer_science,ai_early,0.033961,-0.096655
computer_science,ai_early,0.156517,0.186226
computer_science,ai_early,0.129652,0.061239
computer_science,ai_early,-0.036868,0.060845
computer_science,ai_early,-0.262655,-0.393866
computer_science,ai_early,-0.337334,-0.301625
computer_science,ai_early,-0.137862,-0.075905
computer_science,ai_early,0.138896,0.277943
computer_science,ai_early,0.041227,-0.015977
computer_science,ai_early,0.03879,-0.085779
computer_science,ai_early,-0.18742,-0.172176
computer_science,ai_early,-0.149801,-0.110738
computer_science,ai_early,-0.118146,0.106416
computer_science,ai_early,0.333372,0.142155
computer_science,ai_early,-0.024114,-0.149234
computer_science,ai_early,0.075826,0.126271
computer_science,ai_early,-0.192548,0.167127
computer_science,ai_early,-0.009521,-0.086331
computer_science,ai_early,-0.121394,0.007282
computer_science,ai_early,-0.031989,0.046389
computer_science,ai_early,0.16081,0.223686
computer_science,ai_early,0.0909,0.006211
computer_science,ai_early,0.025188,0.089879
computer_science,ai_early,-0.015067,-0.218474
computer_science,ai_early,0.194767,0.360489
computer_science,ai_early,0.193893,0.103237
computer_science,ai_early,-0.181397,-0.264122
computer_science,ai_early,-0.0278,-0.135918
computer_science,ai_early,0.021509,0.076868
computer_science,ai_late,0.6657,0.48256
computer_science,ai_late,-0.013777,0.270587
computer_science,ai_late,0.264228,0.270823
computer_science,ai_late,0.432211,0.543788
computer_science,ai_late,0.389707,0.460246
computer_science,ai_late,0.073015,0.265679
computer_science,ai_late,0.516081,0.601382
computer_science,ai_late,0.192622,0.172634
computer_science,ai_late,0.285833,0.056422
