subject_id,task,first,second
S001,ELLS,1.0,1.0
S002,ELLS,1.0,1.0
S003,ELLS,1.0,1.0
S004,ELLS,1.0,1.0
S005,ELLS,1.0,1.0
S006,ELLS,1.0,1.0
S007,ELLS,1.0,1.0
S008,ELLS,1.0,1.0
S009,ELLS,1.0,1.0
S010,ELLS,1.0,1.0
S011,ELLS,1.0,1.0
S012,ELLS,1.0,1.0
S013,ELLS,1.0,1.0
S014,ELLS,1.0,1.0
S015,ELLS,1.0,0.0
S016,ELLS,1.0,0.0
S017,ELLS,1.0,0.0
S018,ELLS,1.0,0.0
S019,ELLS,1.0,0.0
S020,ELLS,0.0,1.0
S021,ELLS,0.0,1.0
S022,ELLS,0.0,1.0
S023,ELLS,0.0,1.0
S024,ELLS,0.0,1.0
S025,ELLS,0.0,1.0
S026,ELLS,0.0,1.0
S027,ELLS,0.0,1.0
S028,ELLS,0.0,1.0
S029,ELLS,0.0,1.0
S030,ELLS,0.0,1.0
S031,ELLS,0.0,1.0
S032,ELLS,0.0,1.0
S033,ELLS,0.0,0.0
S034,ELLS,0.0,0.0
S035,ELLS,0.0,0.0
S036,ELLS,0.0,0.0
S037,ELLS,0.0,0.0
S038,ELLS,0.0,0.0
S039,ELLS,,1.0
S040,ELLS,0.0,
S001,CC ALLAIS,1.0,1.0
S002,CC ALLAIS,1.0,1.0
S003,CC ALLAIS,1.0,1.0
S004,CC ALLAIS,1.0,1.0
S005,CC ALLAIS,1.0,1.0
S006,CC ALLAIS,1.0,1.0
S007,CC ALLAIS,1.0,1.0
S008,CC ALLAIS,1.0,1.0
S009,CC ALLAIS,1.0,1.0
S010,CC ALLAIS,1.0,1.0
S011,CC ALLAIS,1.0,1.0
S012,CC ALLAIS,1.0,1.0
S013,CC ALLAIS,1.0,1.0
S014,CC ALLAIS,1.0,1.0
S015,CC ALLAIS,1.0,1.0
S016,CC ALLAIS,1.0,1.0
S017,CC ALLAIS,1.0,1.0
S018,CC ALLAIS,1.0,1.0
S019,CC ALLAIS,1.0,0.0
S020,CC ALLAIS,1.0,0.0
S021,CC ALLAIS,1.0,0.0
S022,CC ALLAIS,1.0,0.0
S023,CC ALLAIS,1.0,0.0
S024,CC ALLAIS,0.0,1.0
S025,CC ALLAIS,0.0,1.0
S026,CC ALLAIS,0.0,1.0
S027,CC ALLAIS,0.0,1.0
S028,CC ALLAIS,0.0,1.0
S029,CC ALLAIS,0.0,1.0
S030,CC ALLAIS,0.0,1.0
S031,CC ALLAIS,0.0,0.0
S032,CC ALLAIS,0.0,0.0
S033,CC ALLAIS,0.0,0.0
S034,CC ALLAIS,0.0,0.0
S035,CC ALLAIS,0.0,0.0
S036,CC ALLAIS,0.0,0.0
S037,CC ALLAIS,0.0,0.0
S038,CC ALLAIS,0.0,0.0
S039,CC ALLAIS,0.0,0.0
S040,CC ALLAIS,,1.0
S001,AUCT,1.0,1.0
S002,AUCT,1.0,1.0
S003,AUCT,1.0,1.0
S004,AUCT,1.0,1.0
S005,AUCT,1.0,1.0
S006,AUCT,1.0,1.0
S007,AUCT,1.0,1.0
S008,AUCT,1.0,1.0
S009,AUCT,1.0,1.0
S010,AUCT,1.0,1.0
S011,AUCT,1.0,1.0
S012,AUCT,1.0,1.0
S013,AUCT,1.0,1.0
S014,AUCT,1.0,1.0
S015,AUCT,1.0,1.0
S016,AUCT,1.0,1.0
S017,AUCT,1.0,1.0
S018,AUCT,1.0,1.0
S019,AUCT,1.0,1.0
S020,AUCT,1.0,1.0
S021,AUCT,1.0,1.0
S022,AUCT,1.0,1.0
S023,AUCT,1.0,1.0
S024,AUCT,1.0,1.0
S025,AUCT,1.0,1.0
S026,AUCT,1.0,1.0
S027,AUCT,1.0,1.0
S028,AUCT,1.0,1.0
S029,AUCT,1.0,1.0
S030,AUCT,1.0,1.0
S031,AUCT,0.0,1.0
S032,AUCT,0.0,1.0
S033,AUCT,0.0,1.0
S034,AUCT,0.0,1.0
S035,AUCT,0.0,1.0
S036,AUCT,0.0,1.0
S037,AUCT,0.0,0.0
S038,AUCT,0.0,0.0
S039,AUCT,0.0,0.0
S040,AUCT,0.0,0.0
S001,ELECT,1.0,1.0
S002,ELECT,1.0,1.0
S003,ELECT,1.0,1.0
S004,ELECT,1.0,1.0
S005,ELECT,1.0,1.0
S006,ELECT,1.0,1.0
S007,ELECT,1.0,1.0
S008,ELECT,1.0,1.0
S009,ELECT,1.0,0.0
S010,ELECT,1.0,0.0
S011,ELECT,0.0,1.0
S012,ELECT,0.0,1.0
S013,ELECT,0.0,1.0
S014,ELECT,0.0,1.0
S015,ELECT,0.0,1.0
S016,ELECT,0.0,1.0
S017,ELECT,0.0,1.0
S018,ELECT,0.0,1.0
S019,ELECT,0.0,1.0
S020,ELECT,0.0,1.0
S021,ELECT,0.0,1.0
S022,ELECT,0.0,1.0
S023,ELECT,0.0,1.0
S024,ELECT,0.0,1.0
S025,ELECT,0.0,1.0
S026,ELECT,0.0,1.0
S027,ELECT,0.0,1.0
S028,ELECT,0.0,0.0
S029,ELECT,0.0,0.0
S030,ELECT,0.0,0.0
S031,ELECT,0.0,0.0
S032,ELECT,0.0,0.0
S033,ELECT,0.0,0.0
S034,ELECT,0.0,0.0
S035,ELECT,0.0,0.0
S036,ELECT,0.0,0.0
S037,ELECT,0.0,0.0
S038,ELECT,0.0,0.0
S039,ELECT,,1.0
S040,ELECT,0.0,
S001,CR ALLAIS,0.0,1.0
S002,CR ALLAIS,0.0,1.0
S003,CR ALLAIS,0.0,1.0
S004,CR ALLAIS,0.0,1.0
S005,CR ALLAIS,0.0,1.0
S006,CR ALLAIS,0.0,1.0
S007,CR ALLAIS,0.0,1.0
S008,CR ALLAIS,0.0,1.0
S009,CR ALLAIS,0.0,1.0
S010,CR ALLAIS,0.0,1.0
S011,CR ALLAIS,0.0,1.0
S012,CR ALLAIS,0.0,0.0
S013,CR ALLAIS,0.0,0.0
S014,CR ALLAIS,0.0,0.0
S015,CR ALLAIS,0.0,0.0
S016,CR ALLAIS,0.0,0.0
S017,CR ALLAIS,0.0,0.0
S018,CR ALLAIS,0.0,0.0
S019,CR ALLAIS,0.0,0.0
S020,CR ALLAIS,0.0,0.0
S021,CR ALLAIS,0.0,0.0
S022,CR ALLAIS,0.0,0.0
S023,CR ALLAIS,0.0,0.0
S024,CR ALLAIS,0.0,0.0
S025,CR ALLAIS,0.0,0.0
S026,CR ALLAIS,0.0,0.0
S027,CR ALLAIS,0.0,0.0
S028,CR ALLAIS,0.0,0.0
S029,CR ALLAIS,0.0,0.0
S030,CR ALLAIS,0.0,0.0
S031,CR ALLAIS,0.0,0.0
S032,CR ALLAIS,0.0,0.0
S033,CR ALLAIS,0.0,0.0
S034,CR ALLAIS,0.0,0.0
S035,CR ALLAIS,0.0,0.0
S036,CR ALLAIS,0.0,0.0
S037,CR ALLAIS,0.0,0.0
S038,CR ALLAIS,0.0,0.0
S039,CR ALLAIS,0.0,0.0
S040,CR ALLAIS,,1.0
