panel,source,kind,median,low,high
export_2019,diffuse,posterior,-0.011,-0.08,0.06
export_2019,literature,posterior,0.007,-0.048,0.062
export_2019,literature,prior,0.075,-0.02,0.17
export_2019,firm,posterior,0.011,-0.049,0.071
export_2019,firm,prior,0.089,-0.016,0.194
export_2019,policymaker,posterior,0.015,-0.05,0.08
export_2019,policymaker,prior,0.103,-0.012,0.218
export_2019,academic,posterior,0.019,-0.051,0.089
export_2019,academic,prior,0.117,-0.008,0.242
export_2019,itt,itt,-0.015,-0.09,0.06
variety_2019,diffuse,posterior,-0.286,-2.08,1.56
variety_2019,literature,posterior,0.182,-1.248,1.612
variety_2019,literature,prior,1.95,-0.52,4.42
variety_2019,firm,posterior,0.286,-1.274,1.846
variety_2019,firm,prior,2.314,-0.416,5.044
variety_2019,policymaker,posterior,0.39,-1.3,2.08
variety_2019,policymaker,prior,2.678,-0.312,5.668
variety_2019,academic,posterior,0.494,-1.326,2.314
variety_2019,academic,prior,3.042,-0.208,6.292
variety_2019,itt,itt,-0.39,-2.34,1.56
export_2020,diffuse,posterior,-0.051,-0.12,0.02
export_2020,literature,posterior,-0.033,-0.088,0.022
export_2020,literature,prior,0.05,-0.045,0.145
export_2020,firm,posterior,-0.029,-0.089,0.031
export_2020,firm,prior,0.064,-0.041,0.169
export_2020,policymaker,posterior,-0.025,-0.09,0.04
export_2020,policymaker,prior,0.078,-0.037,0.193
export_2020,academic,posterior,-0.021,-0.091,0.049
export_2020,academic,prior,0.092,-0.033,0.217
export_2020,itt,itt,-0.055,-0.13,0.02
variety_2020,diffuse,posterior,-1.326,-3.12,0.52
variety_2020,literature,posterior,-0.858,-2.288,0.572
variety_2020,literature,prior,1.3,-1.17,3.77
variety_2020,firm,posterior,-0.754,-2.314,0.806
variety_2020,firm,prior,1.664,-1.066,4.394
variety_2020,policymaker,posterior,-0.65,-2.34,1.04
variety_2020,policymaker,prior,2.028,-0.962,5.018
variety_2020,academic,posterior,-0.546,-2.366,1.274
variety_2020,academic,prior,2.392,-0.858,5.642
variety_2020,itt,itt,-1.43,-3.38,0.52
